truku	zh	en	fr	headword
Asaw bi isu.	這都多虧了你（或：這都是你的錯）。	It is indeed thanks to you (var. It is indeed your fault).	C'est bien grâce à toi (vl. C'est bien par ta faute).	A
Ida asaw dnyagan su ka mkeudus nami.	我們能活著，真是多虧了你。	It is truly thanks to you that we are alive.	C'est bien grâce à toi que nous sommes en vie.	A
Siida o, acih ku bi ini usa.	那時我差一點就沒去。	At that moment I very nearly did not go.	A ce moment là j'ai bien failli ne pas aller.	A
Adas nhari pila.	快帶錢來（註：D'si n'xali ka pila=快把錢帶來=錢就是我命令你立刻帶來的東西。）	Bring money quickly (n.b. D'si n'xali ka pila = Bring the money quickly = the money is what I order you to bring at once.)	Apporte vite (de) l'argent (nb. D'si n'xali ka pila = Apporte vite l'argent = l'argent c'est ce que je t'ordonne d'apporter de suite.)	ADAS
Ini ku adas puniq mu.	我沒有隨身帶槍。	I did not bring my gun with me.	Je n'ai pas emporté mon fusil avec moi.	ADAS
Kuxul su ka nii? … Adas da!	你喜歡這個嗎？……拿去吧！	Do you like it? … Take it!	Cela te fait plaisir ? … Prends le !	ADAS
Madas ku cicih samat uuqun su saman.	我帶一點獵物給你，當你明天的飯菜。	I am bringing you a little game for your meal tomorrow.	Je t'apporte un peu de gibier pour ton repas de demain.	ADAS
Mnadas ku samat kiya ssghuway mu sunan.	我帶那獵物來（我帶了那獵物來），是為了感謝你。	I was bringing you that game (I brought you that game) to thank you.	Je t'apportais ce gibier là (Je t'ai apporté ce gibier là) pour te remercier.	ADAS
Mnadas ku laqi spsapuh mu sunan.	我帶兒子來，讓你為他醫治。	I brought my son so that you could treat him.	J'ai amené mon fils pour le faire soigner par toi.	ADAS
Nadas ima ka samat nii?	這獵物是誰帶來的？	Who brought this game?	Qui est-ce qui a apporté ce gibier ?	ADAS
Laqi su nanak ka nii hu? … Aji! Nadas kuyuh mu!	這是你親生的兒子嗎？……不是！是我妻子的（結婚時她帶過來的）。	Is this your own son? … No! He is my wife's (brought by her at our marriage).	Est-ce là ton propre fils ? … Non ! C'est celui de ma femme (apporté par elle lors de notre mariage).	ADAS
Pdsi ku saman ka patas.	明天把你的信寫來給我。	Write me your letter tomorrow.	Ecris-moi demain ta lettre.	ADAS
Yaku ka empeadas patas.	寄信的人是我。	I am the one sending the letter.	C'est moi qui expédie la lettre.	ADAS
Empeadas ku patas saman.	我明天會寄（送達）一封信。	I will send (I will have delivered) a letter tomorrow.	J'enverrai (je ferai parvenir) une lettre demain.	ADAS
Mnarig ku siyang shiga spadas mu lqian mu daya.	我昨天買了肉，好帶上山給我兒子。	Yesterday I bought meat so as (to have something) to take up there to my son.	J'ai acheté hier de la viande pour (avoir quelque chose à) porter la haut à mon fils.	ADAS
Huling ni mirit, ini pndka kndsan.	狗和羊毫無共同之處。	Dog and goat have nothing in common.	Chien et chèvre n'ont rien en commun.	ADAS
Aji ku mha ka yaku.	我啊，我不想去。	As for me, I do not want to go.	Moi, je ne veux pas aller.	ADI
Manu ka kuxul su? Bhgay hu? Banah hu? … Aji ku ka embanah!	你喜歡哪個？白的？紅的？……我不要紅的！	Which do you prefer? White? Red? … I don't want the red one!	Que préfères tu ? Blanc ? Rouge ? … Je ne veux pas du rouge !	ADI
Aji bi ki da!	那可不行！再也不要了！	Not that! Never again!	Cela non ! Plus jamais !	ADI
Meaji su ka isu do o, ya aji empeaji kana ka dhiya da!	要是你說不，其他人不就全都會拒絕了嗎？（但願不會！）	If you say no, won't all the others refuse too? (= I do hope not!)	Si toi tu dis non, est-ce-que les autres ne vont pas tous refuser ? (=j'espère que ne … Pas !).	ADI
Mha su maduk? Tqnay ta hu?	你要去打獵嗎？我們一起去，好嗎？	Are you going hunting? Shall we go together?	Tu vas à la chsse ? Allons ensemble, veux tu ?	ADOP
Pusu bi maduk ka dtruku.	太魯閣族人是打獵的行家。	The Taroko are expert hunters.	Les taroko sont des spécialistes de la chasse.	ADOP
Malu bi ka dupan namu! Mkdupan nami o, ungat bi ana manu samat da! (… Ana manu dupun da!)	你們的獵場真好！我們的獵場已經完全沒有獵物了！	Your hunting grounds are very good! In ours there is really no game left!	Votre territoire de chasse est très bon ! Dans le nôtre il n'y a vraiment plus de gibier !	ADOP
Manu ka dupun su? Pada hu? Bowyak hu? Kumay hu?	你要獵什麼？山羌？山豬？還是熊？	What are you going to hunt? The serow? The wild boar? The bear?	Que vas tu chasser ? Le chamoix ? Le sanglier ? L'ours ?	ADOP
Mmuda namu pkriqu ni peaduk ni pshangan ni pseeliq hangan.	你們將被憎恨、被追捕、被譏笑，你們的名聲將被詆毀。	You will be hated, hunted down, ridiculed, and your name will be reviled.	Vous allez être haïs, pourchassées, ridiculisés, et votre nom sera vilipendé.	ADOP
Akay bu!	哎呀，媽呀！	Ouch, mother!	Aïe maman !	AKAI
Akay uwit!	唉呀！好累啊！	Oh my! How tiring!	Oh la ! Quelle fatigue !	AKAI
Akay tunux!	唉呀，我的頭！	Oh, my head!	Oh ma tête !	AKAI
Alang bi manu ka nii?	1、這是什麼地方？2、這地方真怪！	1. What place is this? 2. What a strange place this is!	1° Quel est cet endroit ? 2° Quel drôle d'endroit que celui-ci !	ALANG
Muda elealang dha ggarang suyang bi kari, kika snkgulan su.	走遍各部落傳揚福音，這就是你被差遣的緣故。	To go through all the villages spreading the Good News - that is why you were sent.	Aller dans tous les villages répandre la Bonne nouvelle, voilà pourquoi tu as été envoyé.	ALANG
Balay bi tnealang ka yaku uri.	我也是道道地地的本地人！	I too am truly a native of this place!	Je suis véritablement du pays moi aussi !	ALANG
Miyah nami malah tahut su ya sa mskuy bi da!	天氣很冷，我們來你的火邊取暖！	We have come to warm ourselves at your fire, since it is very cold!	Nous venons nous réchauffer à ton feu, vu qu'il fait très froid.	ALAX
Ya han! Saun mu pnais palah baga mu da!	等一下！我只是要去暖一暖手！	Wait a moment! I just want to go and warm my hands a little!	Attends un peu ! Je veux juste aller réchauffer un peu mes mains !	ALAX
Ida empniqun ariq ka dqras su.	無論如何，疤痕會留在你臉上！	In any case the scar will remain on your face!	De toute façon la cicatrice restera sur ta figure !	ALEQ
Ini bi alix mimah sinaw ka hiya.	他喝酒喝個不停！	He never stops drinking alcohol!	Lui n'arrête pas de boire de l'alcool !	ALEX
Mha su msadu duri? … Aji! Mnarih ku da!	你要再去做工嗎？……不！我已經不做了！	Are you going to hire yourself out again? … No! I have already quit!	Vas tu t'embaucher de nouveau ? … Non ! J'ai déjà abandonné !	ALEX
Ida mu laxun ka sinaw.	我一定要戒酒！	I absolutely want to give up alcohol!	Je veux absolument laisser tomber l'alcool !	ALEX
Tahui ta han! Ma su malix!	我們待在一起吧！你為什麼丟下我（你是在跟我賭氣嗎）？	Let's stay together! Why are you dropping me (are you sulking at me)?	Restons ensemble ! Pourquoi me laisses tu tomber (est-ce que tu me bouderais !).	ALEX
Rngaw nanak! Aji su bi empdhuq pealix knan!	隨你怎麼說！你別想讓我放棄！	Talk all you want! You will not manage to make me quit!	Parle toujours ! Tu n'arrives pas à me faire quitter !	ALEX
Laxi bi mimah sinaw!	你別再喝酒了！	Do stop drinking!	Arrête toi donc de boire !	ALEX
Wada mu plaxan ka kuyuh mu da!	我已經把妻子休了（木已成舟）！	I have sent my wife away (made her leave) (it is done!).	J'ai renvoyé (fait quitter) ma femme (c'est fait !).	ALEX
Laxi da! Hmut tealix ka hiya.	算了吧！他無緣無故就是要自己一個人！	Forget it! For no reason he insists on keeping to himself!	Laisse tomber ! Sans raison il veut faire bande à part, lui !	ALEX
Kiya ni, asi dha lxani ka srahug dha.	於是他們立刻撇下他們的漁網。	And at once they left their nets.	Et voilà qu'ils quittent aussitôt leurs filets.	ALEX
Snaw laqi mu kuyuh o, kika ama mu.	我女兒的丈夫就是我的女婿。	My daughter's husband is my son-in-law.	Le mari de ma fille c'est mon gendre.	AMA
Ingay ka empeama mu.	將成為我女婿的人是 Ingay。	It is Ingay who will become my son-in-law.	C'est Ingay qui deviendra mon gendre.	AMA
Kmpama ku Laun.	我想成為 "Laon 的女婿。	I would like to become "Laon's son-in-law.	J'aimerais devenir le gendre de "Laon.	AMA
Rngagi bi Banan.	快對 Iban 說吧（趕快說、真的說）。	Do say it (say it quickly, say it truly) to Iban.	Dis le donc (dis le vite, dis le vraiment) à Iban.	AN
Mha ku tmaan.	我要去我父親那裡（我朝父親那裡去）。	I am going to my father's (going toward my father).	Je vais chez mon père (je vais vers mon père).	AN
Biqun mu hyaan ka pila.	我要把錢給他（她）。	It is to him (her) that I will give the money.	C'est à lui (elle) que je donnerai l'argent.	AN
Wada mu rngagan da! … Ima ka rngagan su?	我（確實）說了！……你是對誰說的？	I did say it (in fact)! … To whom did you say it?	Je l'ai dit (de fait) ! … A qui l'as tu dit ?	AN
Malu = Beau, bien; Knmalu = beauté, bonté.	Malu=美、好；Knmlaan=美、善。	Malu = beautiful, good; Knmlaan = beauty, goodness.	Malu = Beau, bien ; Knmlaan = beauté, bonté.	AN
Mkla = Savoir; Kngkla = Connaissance.	Mk'la=知道；Knklaan=知識。	Mk'la = to know; Knklaan = knowledge.	Mk'la = Savoir ; Knklaan = Connaissance.	AN
Embanah = Rouge; Knbnahan = Rougeur.	Mbanax=紅；Knbnaxan=紅色。	Mbanax = red; Knbnaxan = redness.	Mbanax = Rouge ; Knbnaxan = Rougeur.	AN
Meudus = Vivant; Kndsan = La vie.	Mudus=活著；Kndusan=生命。	Mudus = alive; Kndusan = life.	Mudus = Vivant ; Kndusan = La vie.	AN
Mgrbu = Le matin; Knlbuan = “matinalité”	Ml'bu=早晨；Knlbuan=「晨性」。	Ml'bu = morning; Knlbuan = “morning-ness”.	Ml'bu = Le matin ; Knlbuan = « matinalité ».	AN
Ana inu.	到處-任何地方。	Everywhere - anywhere.	Partout - n'importe où.	ANA
Ana yaku ana isu.	你和我都一樣-不論是我還是你。	Both I and you - me as well as you.	Et moi et toi - Aussi bien moi que toi.	ANA
Ana ini.	不是非要不可。	It is not indispensable.	Ce n'est pas indispensable.	ANA
Ana mhuya.	無論如何-反正。	Be that as it may - in any case.	Quoi qu'il en soit - de toute façon.	ANA
Ana niya.	沒關係！-不要緊。	Too bad! - it doesn't matter.	Tant pis ! - celà ne fait rien.	ANA
Ana ququ.	無所謂。	Of no importance.	Aucune importance.	ANA
Ana hmut.	隨便怎樣都行。	No matter how.	Peu importe comment.	ANA
Ana knuwan.	任何時候-總是。	Anytime - always.	N'importe quand - toujours.	ANA
Ana su paru o, ida misu laqi.	就算你長大了，你仍然是我的孩子。	However big you may be, you are still my child.	Tu as beau être grand tu restes mon fils.	ANA
Manay ta ka ita.	我們倆是姻親兄弟。	We two are brothers-in-law.	Nous, nous sommes beaux-frères.	ANAI
Empeanay.	將成為姻親兄弟。	Will become a brother-in-law.	Deviendra beau-frère.	ANAI
Ini ku angal kuyuh ka yaku.	我啊，我不娶妻。	As for me, I am not taking a wife.	Moi je ne prends pas femme.	ANGAL
Miyah ku bbuyu ni ini ku angal.	我來打獵，卻一無所獲！	I come hunting and I catch nothing!	Je viens à la chasse et je ne prends rien !	ANGAL
Ngali bi ka pila.	把錢好好拿著。	Be sure to take the money.	Prends bien l'argent.	ANGAL
Mnangal ku ghak trabus tama.	我拿了爸爸的花生種子。	I took Dad's peanut seeds.	J'ai pris les graines d'arachides de papa.	ANGAL
Ima ka nangal kuyuh sayang?	現在娶妻的是誰……（頁末中斷）	Who is it that takes a wife now... (cut off at the end of the page)	Qui est-ce qui prend femme au.	ANGAL
Ngalun saku manu?	「你把我當成什麼？」	What do you take me for?	Tu me prends pour quoi ?	ANGAL
Miyah ku pangal masu mu.	「我來讓人把我的小米帶走。」	I have come to have my millet carried away.	Je viens faire emporter mon millet.	ANGAL
Pngalun su knuwan ka buwax?	「你什麼時候要讓人來拿你的米？」	When will you have your rice taken?	Quand feras tu prendre ton riz ?	ANGAL
Ya han! Ita pucing su, pkngalun mu rhiq qhuni ka tlealay.	「等一下，把你的刀遞給我，我要先把樹皮剝下來。」	Wait a moment, hand me your knife; I first want to get the bark off the tree.	Attends un peu, passe moi ton couteau, je veux d'abord faire décoller l'écorce de l'arbre.	ANGAL
Tkeangal balay ka ruciq baga mu.	「我手上的髒污很容易脫落。」	The dirt on my hands comes off very well.	La saleté de mes mains s'en va très bien.	ANGAL
Ini tkeangal ka pntasan su dqras.	「你臉上的刺青是擦不掉的。」	The tattoo on your face is indelible.	Le tatouage sur ton visage est indélébile.	ANGAL
Aji manu ka yahan mu, seangal mu kuyuh.	「我來只是為了娶（找）妻子。」	I have come only to take (find) a wife.	Je ne suis venu que pour prendre (trouver) femme.	ANGAL
Kuluk ka speangal mu rmngaw.	「我說話時要拿烏龜作例子。」	It is the tortoise that I shall use as an example in speaking.	C'est la tortue qui me servira d'exemple pour parler.	ANGAL
Ini ku apa ana manu ka yaku.	「我什麼都沒有背。」	As for me, I am carrying nothing.	Moi je ne porte rien.	APA
Mnapa ku bunga sgbiyan o, mnda ku qmpahan mu sqmu; ga prajing mapa da.	「昨晚我背著地瓜經過我的玉米田；玉米開始結穗了。」	Last night, while carrying my sweet potatoes, I passed by my maize field; it is beginning to put out ears.	Hier soir en portant mes patates douces je suis passé par mon champ de maïs ; il commence à mettre des épis.	APA
Meuwit ku bi da! Paani (ppeani?) ku hu?	「我好累；你能背我嗎？」	I am very tired; could you carry me?	Je suis bien fatigué ; pourrais tu me porter ?	APA
Ga inu ka napa su?	「你背來的東西在哪裡？」	Where is the load that you carried?	Où est elle la charge que tu as portée ?	APA
Manu ka nii? … Napa sqmu ka kiya!	「這是什麼？……那是玉米穗。」	What is this? … That is an ear of maize.	Qu'est ce que celà ? … C'est un épi de maïs.	APA
Ini bi ksa ka papak mu da; ppai ku tdruy su hu?	「我的腳走不動了；讓我搭你的車，好嗎？」	My feet will not walk any more; let me get into your car, will you?	Mes pieds ne veulent plus marcher ; fais moi monter sur ta voiture, veux tu ?	APA
Mha ku papa tdruy da.	「我要坐車去了。」	I am going there by car.	J'y vais en voiture.	APA
Tama mu nanak ka pnpaan mu skeeman.	「昨晚背我的正是我自己的父親！」	It was my own father who carried me last night!	C'est mon propre père qui m'a porté hier soir !	APA
Ppaun mu tdruy ka lqlaqi mu.	「我要讓我的孩子們上車。」	I want to put my children into the car.	Je veux faire monter mes enfants dans la voiture.	APA
Pixi balay.	「用力壓！」	Press hard!	Presse fort !	APIX
Wada ku na pixun papak ka swayi su.	「你弟弟壓到了我的腳。」	Your brother crushed my foot.	Ton frère m'a écrasé le pied.	APIX
Dhuq ka pais do, asi mhdu empapix kana spsapah alang da.	「敵人一到，村裡的房屋就全都毀了。」	Hardly had the enemies arrived when all the houses of the village were destroyed.	A peine les annemis arrivés et toutes les maisons du village sont détruites.	APIX
Suyang bi uqun ka apu.	「柿子很好吃。」	Persimmons are delicious.	Les kakis sont délicieux.	APO
Asi ka malu kika ngalun mu.	「如果是好的我就拿。」	I will take it if it is good.	Je le prendrai s'il est bon.	ASI
Asi ka embiyax kika tduwa.	「只要夠強壯（年輕），那就有可能。」	Provided one is strong (young), then it is possible.	A condition d'être fort (jeune) alors c'est possible.	ASI
Saw kiya do, kasi ku usa da!	「既然如此，我只好走了！」	That being so, all I can do is leave!	Celà étant, je n'ai plus qu'à m'en aller !	ASI
Nasi su musa do, tgsai ku nhari.	「你若要去（當你去時），要讓我知道。」	If you go (when you go), let me know.	Si tu vas (quand tu iras), fais moi le savoir.	ASI
Tmalang ku pasi ku dhuq nhari da.	「我跑步好快點到達。」	I run so as to arrive quickly.	Je cours pour arriver vite.	ASI
Asi do, wada ka hiya da.	「突然間，他就走了！」	Suddenly, off he goes!	Brusquement, le voilà qui s'en va !	ASI
Malu bi asu dha.	「他們的分法（分配方式）很公平。」	Their sharing (way of sharing) is fair.	Leur partage (façon de partager) est juste.	ASO
Saun mu masu qpahun namu kiya aji namu musa isil.	「待會兒我會去把工作分派給你們，免得你們跑到別處去。」	In a little while I will go and share out the work to you, so that you do not go off elsewhere.	J'irai tout à l'heure vous distribuer le travail pour que vous ne partiez pas ailleurs.	ASO
Hmuya ka ini su peasug nhari ka nhuway dha?	「你為什麼不快點把人家送的東西分下去？」	Why do you not have what has been offered distributed quickly?	Pourquoi ne fais tu pas distribuer rapidement ce qui à été offert ?	ASO
Kmpeasug ku bi pila mu nanak ka yaku!	「我很想把我自己的錢分給大家！」	As for me, I would really like to share out my own money!	Moi je voudrais bien partager mon argent personnel !	ASO
Hyaun su uqun? … Ppeasug mu rdanan saman.	「你要拿這些食物做什麼？……明天分給老人家。」	What do you want to do with the food? … Share it out tomorrow to the elders.	Que veux tu faire de la nourriture ? … La partager demain aux anciens.	ASO
Emppeasug ku saman ka payay mu.	「明天我要把我的稻米分發出去。」	I will have my rice distributed tomorrow.	Je ferai distribuer mon riz demain.	ASO
Saman ka sgan qpahan; tama ta nanak ka empeasug.	「明天分配田地；由爸爸親自來分。」	The distribution of the fields is tomorrow; it is father himself who will do it.	C'est demain la distribution des champs ; c'est papa lui même qui la fera.	ASO
Ax! Gndara seejiq ka nii!	「啊！這是血的代價！」	Ah! This is the price of blood!	Ah ! Ceci est le prix du sang !	AX
Ax! Nii ka baki ta da!	「啊！我們的祖父來了！」	Ah! Here is our grandfather!	Ah ! Voilà notre grand père !	AX
Ax! Pgealu bi ka laqi nii, msa.	「啊！可憐的小孩子，他說！」	Ah! Poor little child, he said!	Ah ! Pauvre petit gosse, dit il !	AX
Ayang trabus.	「花生油。」	Peanut oil.	Huile d'arachide.	AYANG
Saun mu marig ayang spsamaw mu keeman kiya.	「我今晚得去買煤油來照明。」	I must go and buy kerosene to light my house this evening.	Je dois aller acheter du pétrole pour m'éclairer ce soir.	AYANG
Pnsamaw ku sapah Pihu ni seayang kana baga mu da!	「我在Pihu家點了燈，弄得滿手都是煤油味！」	I lit the lamp at Pihu's house and my hands smell of kerosene.	J'ai allumé la lampe chez Perho et j'ai les mains qui sentent le pétrole.	AYANG
Mayug elug qmpahan ni ida bi empaayug ka elug alang uri.	「田間的路已變成了溪流，村裡的路想必也會如此。」	The field path has become a stream, and no doubt the village paths will become so too.	Le chemin des champs est devenu ruisseau et sans doute les chemins du village le deviendront aussi.	AYO
Uxay gaya bi Truku ka ana meayung aji uri peayung.	「當僕人或使人為僕，都不是太魯閣族的習俗。」	It is hardly the custom of the Taroko either to be a servant or to make anyone a servant.	Ce n'est guère la coutume des Taroko ni d'être serviteur ni de rendre serviteur.	AYONG
Ya ga bi inu ka ayus qmpahan mu?	「我田地的界線到底在哪裡？」	Where then are the boundaries of my field?	Où sont elles donc les limites de mon champ ?	AYUS
Ayug pnaah daya ka balay bi mayus qmpahan ta.	「從上方流下來的那條溪，才真正成了我們田地的界線。」	It is the stream coming down from above that has truly become the boundary of our fields.	C'est le ruisseau venu d'en haut qui est vraiment devenu limite de nos champs.	AYUS
Skbaki mu seuxal ka pneayus pusu jima mu.	「從前是我已故的祖父為我的竹林劃定界線的。」	It was my late grandfather who long ago marked out my bamboo plantation.	C'est feu mon grand père autrefois qui a délimité ma plantation de bambous.	AYUS
Hmaun mu jima ppteayus dha qmpahan ta.	「我要種竹子，讓它們作我們田地之間的界線。」	I will plant bamboos so that they serve as the boundary between our fields.	Je planterai des bambous pour qu'ils servent de limite entre nos champs.	AYUS
Aji su empqneuqu! Prgi nanak pnteayusan, kiya da.	「你不會弄錯的；只要沿著界標走就行了。」	You cannot go wrong; you have only to follow the markers, and there you are.	Tu ne pourras pas te tromper ; tu n'as qu'à suivre les bornes et voilà.	AYUS
Ungat bi ka dhiya! Asi knteetu sneayus mkeekan!	「他們真是不可理喻（天下沒有像他們這樣的人）！為了地界爭吵不休！」	They are impossible (people like them do not exist)! They squabble continually about boundaries!	Ce n'est pas possible (Ils n'existent pas, eux) ! Ils se chamaillent continuellement à propos de limites !	AYUS
Ya kshaya! Maabeeba hici ka luqih su!	「別這樣！你的傷口會變成癰的！」	Do not do that! Your wound is going to turn into a carbuncle!	Ne fais pas ainsi ! Ta plaie va devenir un anthrax !	BA"BA
Babaw na sida.	「在那之後」	After that.	Après celà.	BABAO
Babaw ska hidaw.	「午後」	Afternoon.	Après midi.	BABAO
Babaw na do.	「接著」	Then, next.	Ensuite.	BABAO
Babaw spat hngkawas.	「四年之後」	After four years.	Après quatre ans.	BABAO
Babaw spat iyax hngkawas.	「經過四年的時間之後」	After the space of four years.	Après l'espace de quatre années.	BABAO
Babaw dnamux.	「在屋頂上」	On the roof.	Sur le toit.	BABAO
Babaw dxgal.	「在地上——在世上」	On earth - in the world.	Sur terre - au monde.	BABAO
Lnglungan nbabaw dxgal ka kiya.	「那是屬世的掛慮。」	That is a worldly concern.	Celà est une préoccupation mondaine.	BABAO
Kana sseejiq nbabaw dxgal.	「世上所有的人。」	All the people of the world.	Tous les hommes du monde.	BABAO
Wada na pnsbabaw pntriyan ka slaq niya.	「他把水田（的工作）延到婚禮之後。」	He has put off (the work of) his rice paddy until after the wedding.	Il a remis (le travail de) sa rizière après les noces.	BABAO
Tmabug babuy.				BABWI
Mnarux kana baga mu.	我整隻手（或：整條手臂）都在痛。	My whole hand (var. my whole arm) hurts.	Toute ma main (vl. tout mon bras) me fait mal.	BAGA
Mduuy baga.	牽著手的人（=嚮導）。	One who holds by the hand (= a guide).	Celui qui tient par la main (= un guide).	BAGA
Mputuh baga.	獨臂的人。	One-armed person.	Manchot.	BAGA
Qpahan nii o, asi ka embaga!	（做）這件工作，非得是行家不可！	(For) this work, one must be an expert.	(pour) ce travail, il faut être expert.	BAGA
Ana wada su na paqan ka baga o, ya keisug! Ida mha maabaga duri.	就算他在你手上砍了一道口子，也別怕！你的手會自己復原的。	Even if he has cut a gash in your hand, do not be afraid! Your hand is set on mending itself.	Même s'il t'a fait une entaille à la main, n'aie pas peur ! Ta main veut se refaire.	BAGA
Pnbaga nanak ka hiya, ya sa mngangah.	他只用手說話：他是啞巴！	He speaks only with his hands: he is mute!	Lui ne parle qu'avec les mains : Il est muet !	BAGA
Ma su pnbaga rmngaw.	你怎麼一邊講話一邊比手畫腳？	What has got into you, gesticulating while you talk?	Qu'est ce qui te prend de gesticuler en parlant ?	BAGA
Mkeekan quwaq ka tlealay ni ini biyaw pnbaga (pmbaga) ka dhiya.	他們先是口角，很快就動起手來了。	They began with words and quickly came to blows.	Ils ont commencé par des paroles et en sont vite venus aux mains.	BAGA
Pbgaun misu baga pais.	我要把你交到敵人手中。	I will deliver you into the hands of the enemies.	Je te livrerai aux ennemis.	BAGA
Wada na Pnbgaun naqih seejiq.	他被交在惡人的手中。	He was delivered into the hands of the wicked.	Il a été livré entre les mains des méchants.	BAGA
Luus ku bi! Ungat bais mu da!	我好孤單！我再也沒有朋友了！	I am all alone! I have no friends any more!	Je suis bien seul ! Je n'ai plus d'amis !	BAIS
Wada ungat seuxal ka bais Rungay.	Longai的丈夫早已不在人世了。	Longai's husband passed away long ago.	Le mari de Longai n'est plus depuis longtemps.	BAIS
Biqi baisan su.	拿去給你的丈夫。	Give (it) to your husband.	Donne à ton mari.	BAIS
Aji biyaw mabais ka uwa ni risaw nii.	這個女孩和這個男孩不久就要訂婚（結成一對）了。	This girl and this boy will soon be engaged (form a couple).	Cette fille et ce garçon ne vont pas tarder à se fiancer (à former un couple).	BAIS
Empbais ku kiya ka laqi mu ni laqi rihan.	我不久就要讓我的兒子（女兒）和Lirhan的女兒（兒子）訂婚。	I shall soon betroth my son (my daughter) to Lirhan's daughter (son).	Je fiancerai bientôt mon fils (ma fille) et la fille (le fils) de Lirhan.	BAIS
Kiya ni baka da.	再加上那個就夠了。	That one more and that will be all.	Encore celà et ce sera tout.	BAKA
Ini ku na baka.	我比他強（他不是我的對手）。	I am stronger than he is (he is no match for me).	Je suis plus fort que lui (Il n'est pas de taille pour moi).	BAKA
Baka bi ttuyan.	該起床了。	It is time to get up.	Il est temps de se lever.	BAKA
Arin ka tama baki mu.	我的曾祖父是Arin。	My great-grandfather is Arin.	Mon arrière grand père c'est Arin.	BAKI
Nkari baki mu nanak.	這是我岳父親口說的話。	Those are my father-in-law's very own words.	Ce sont les propres paroles de mon beau père.	BAKI
Mha su inu ki (=baki)?	祖父，您要去哪裡？	Where are you going, grandfather?	Où vas tu grand père ?	BAKI
Balay bi.	真的；確實。	Truly.	Vraiment.	BALAE
Bilaq balay.	很小。	Very small.	Très petit.	BALAE
Balay bi kiya.	那是千真萬確的。	That is quite true.	Celà est bien vrai.	BALAE
Mkan balay.	他吃得很多。	He eats a great deal.	Il mange beaucoup.	BALAE
Wana blbalay ka srngaw mu.	我所說的全是真話（我說話只講真理）。	Everything I say is true (I use nothing but truth when I speak).	Tout ce que je dis est vrai (Je ne me sers que de vérité pour parler).	BALAE
Mbalay kdjiyax ka Iban, ini bi sruwa kmhmut ka hiya.	Iban一向誠實，絕不容許自己胡亂行事。	Iban is always true; he does not allow himself to act carelessly.	Iban est toujours vrai, il ne se permet pas d'agir n'importe comment.	BALAE
Ida su qtaun; empaabalay bi ka nkari mu.	你等著瞧；事情將如我所說的實現。	And you will see it; it will be just as I told you.	Et tu le verras ; celà sera comme je t'ai dit.	BALAE
Ini kbalay ka kari na nii.	他這話不是真的。	What he says there is not true.	Ce n'est pas vrai ce qu'il dit là.	BALAE
Kana ttasil nii o, balay bi ka duma, hmut ka duma; nbalay ka kingal nii.	這些石頭當中，有些是真的，有些是假的；這一顆是真的。	Of these stones, some are real and others false; this one is a real one.	De ces pierres, certaines sont vraies et d'autres fausses ; celle ci est une vraie.	BALAE
Tlealay o, nduwa bi pbalay ka nquwaq su.	首先，要設法讓你嘴裡說過的話成真。	First of all, see to it that what your mouth has said comes true.	Tout d'abord fais en sorte que se réalise ce qu'a dit ta bouche.	BALAE
Pnbalay ku bi ka yaku, uxay ku pnqbling.	我是真心誠意去做的，不是騙子。	I go about it honestly, I do, and not as a liar.	J'y vais franchement, moi, et non en menteur.	BALAE
Msbalay kdjiyax ka lnglungan niya.	他的心思（心）始終平和安穩。	His mind (his heart) is always even-tempered.	Sa pensée (son coeur) est toujours d'égale humeur.	BALAE
Msbalay balay ka kari na.	他的話語十分平和。	His words are very serene.	Ses paroles sont très sereines.	BALAE
Suyang bi smblayan ka nniqan ta seuxal!	我們從前住的地方是多麼美好安寧啊！	What a wonderfully peaceful place it was where we used to live!	Quel merveilleux endroit paisible que celui où nous habitions autrefois !	BALAE
Sprang bi mniyah ka Aman spsbalay na lnglungan dha.	Aman正是特地前來安撫他們的心。	It is quite on purpose that Aman came, to calm their spirits.	C'est tout exprès que Aman est venu pour calmer leurs esprits.	BALAE
Pyahun dha mrata ppsbalay saw keekan dha.	他們會叫士兵來平息他們的爭吵。	They will bring in the soldiers to pacify their quarrels.	Ils feront venir les soldats pour pacifier leurs querelles.	BALAE
Ida mu psblayun ka alang ga!	我一定要平定那個村子！	And I do mean to pacify that village!	Et je veux le pacifier ce village là !	BALAE
Empnais bi ka pnsblayan dha mkealang truku.	他們在太魯閣人那裡的綏靖實在短暫！	Their pacification among the Taroko is truly short-lived!	Elle est vraiment éphémère leur pacification chez les taroko !	BALAE
Ana ima ka mskuxul knsblayan!	人人都熱愛和平！	Absolutely everyone is in love with peace!	C'est tout le monde qui est amoureux de la paix !	BALAE
Balay bi ini tbalay balay ka smlaan su nii.	說實話，你那塊建地其實並不怎麼平坦！	To tell the truth, that building plot of yours over there is not really flat!	A dire vrai il n'est pas vraiment plat ton terrain à bâtir qui se trouve là !	BALAE
Mtbalay balay ka hrpasan dha.	他們的遊戲場地非常平坦（平整）。	Their playground is perfectly flat (even).	Leur terrain de jeux est parfaitement plat (uni).	BALAE
Paru bi tblayan ka bukuy sapah mu.	我家後面有一大片平地。	There is a large flat piece of ground behind my house.	Il y a un grand terrain plat derrière chez moi.	BALAE
Ptblayun mu ka phdagan anay mu.	我要把我姻親兄弟的曬場整平。	I want to level my brother-in-law's (drying) yard.	Je veux aplanir l'aire (de séchage) de mon beau frère.	BALAE
Paru bi pntblayan dha mkyayung.	他們在溪床上（沿著溪流）開出了一大片平地。	They have made a big flat expanse in the bed of the torrent (along the torrent).	Ils ont créé une grande plaine dans le lit du torrent (le long du torrent).	BALAE
Muda baraw ka lulung.	雲從上方飄過（從頭頂掠過）。	The clouds pass overhead (pass over).	Les nuages passent en haut (passent par dessus).	BALAO
Tama baraw.	在上的父=天主聖父。	The Father on high = God the Father.	Le Père d'en haut = Dieu le Père.	BALAO
Niqan kari paah baraw.	有來自上面的命令。	There are orders come from on high.	Il y a des ordres venus d'en haut.	BALAO
Ma su paah baraw!	喂！你的態度也太高傲了吧！	I say! You are really getting high and mighty!	Dis donc ! Mais tu le prends de haut !	BALAO
Ana nbaraw ana nbabaw dxgal.	無論是在上（天上）的，還是在地上的。	Whether it be what is above (in heaven) or what is on the earth.	Que ce soit ce qui est en haut (au ciel) ou ce qui est sur terre.	BALAO
Ya bi qhuni manu ka bbaraw balay?	1)那棵很高的樹究竟是什麼樹？2)最高的樹究竟是哪一棵？	1) What can that very tall tree be? 2) Which can be the tallest of the trees?	1) que peut bien être l'arbre qui est très haut ? 2) Quel peut bien être le plus grand des arbres ?	BALAO
Ini kbaraw ka pusu kliyut.	桑樹不高。	The mulberry tree is not tall.	Le mûrier n'est pas haut.	BALAO
Tayal knbaraw ka sntrilan su!	哇！你跳得好高！	My word! How high you jumped!	Oh la ! Comme tu as sauté haut !	BALAO
Klaun su ka knbragan knuruh sapah su hu?	你知道你家屋脊的高度（長度）嗎？	Do you know the height (the length) of the ridge of your house?	Sais tu la hauteur (la longueur) du faîte de ta maison ?	BALAO
Hbaraw bi seejiq ka muda pnbaraw nanak qmpah.	只把田地耕得很淺的人很多。	Many are those who till their land only superficially.	Ils sont nombreux ceux qui ne travaillent que superficiellement leur terre.	BALAO
Malu bi kana ka trabus mu, wana snbaraw (smbaraw) ka naqih.	我的花生全都很好，只有最上面那些是壞的！	My peanuts are all of good quality; only the ones on top are bad!	Elles sont toutes de bonne qualité, mes arachides, il n'y a que celles par dessus qui sont mauvaises !	BALAO
Lukus snbaraw.	外衣。	Outer garments.	Les habits de dessus.	BALAO
Baraq na ka mnarux.	是他的肺生病了！	It is his lung that is diseased!	C'est son poumon qui est malade !	BALAQ
Baraq na ka sknarux hyaan.	是他的肺讓他疼痛。	It is his lung that is hurting him.	C'est son poumon qui lui fait mal.	BALAQ
Tama baraq.	心臟（肺之父）。	The heart (the father of the lungs).	Le coeur (le père des poumons).	BALAQ
Laqi embarah.	新生代。	The new generation.	La nouvelle génération.	BALAX
Ini hari prui gaya ka lqlaqi embarah.	現在的年輕人幾乎不再遵守傳統習俗了。	The young people of today hardly observe the customs any more.	Les jeunes de maintenant n'observent plus guère les coutumes.	BALAX
Miyah ku embarah alang namu.	我初來乍到你們的村子。	I come to your village as a complete newcomer.	Je viens tout nouveau chez vous.	BALAX
Mnbarah ku sida ska sapah ptasan namu.	那時我在你們學校還是個新人。	I was quite new then in your school.	J'étais alors tout nouveau dans votre école.	BALAX
Tmbarah ku hini sayang.	我今天在此落腳（在這裡重新開始）。	I am settling here (making myself quite new here) today.	Je m'installe ici (Je me fais tout récent ici) aujourd'hui.	BALAX
Tnpusu ka yaku, tnbarah ka isu.	我是本地人，而（頁末中斷）	I am a native of this place, and (text cut off at page end)	Je suis du pays et.	BALAX
Kiya ka tnbrahan na laqi.	這是她的長子（？）（或：這是她的新生兒？或：這是她親生的孩子？？）	There is her eldest child (?) (var.: There is her newborn? Var.: There is the child born of her??)	Voilà son ainé (?)(vl. Voilà son nouveau né ? Vl. Voilà l'enfant né d'elle ??)	BALAX
Hana bnrahan na sndhgan sida.	正當他剛達成協議之時。	Just at the moment when he had made the agreement.	Juste au moment où il venait de faire l'accord.	BALAX
Bnrahan sndhgan.	新約（聖經）。	New Testament (Bible).	Nouveau testament (Bible).	BALAX
Aji manu ka ini srwaani ptbarah.	這就是他不願被迫搬家的原因。	And this is why he did not want to have to change his residence.	Et voici pourquoi il ne voulait pas devoir changer de domicile.	BALAX
Mnusa ku marig cimu ni usik ni ayang.	我去買了鹽、辣椒和煤油。	I went to buy salt, chili peppers and kerosene.	Je suis allé acheter du sel des piments et du pétrole.	BALI
Ma ini su brigi ka trabus su?	你為什麼還沒賣掉你的花生？	Why have you not sold your peanuts?	Pourquoi n'as tu pas vendu tes arachides ?	BALI
Mkray bi brigan.	它們現在賣得（買得）非常貴！	They are selling (being bought) at a very high price at the moment!	Elles se vendent (s'achètent) très cher en ce moment !	BALI
Mnda alang ka mbarig qabang.	賣毯子的小販經過了村子。	The blanket seller passed through the village.	Le vendeur de couvertures est passé par le village.	BALI
Mbarig hiyi.	妓女，即出賣肉體者。	Prostitute = one who sells her body.	Prostituée = qui vend son corps.	BALI
Brigun mu ka sqmu; kmbarig su hu? … Aji! Saan mu marig sapah brigan.	我要賣我的玉米；你要買嗎？……不！我要去店裡買。	I want to sell my maize; do you want to buy it? … No! I will go and buy it at the shop.	Je veux vendre mon maïs ; Tu veux l'acheter ? … Non ! J'irai l'acheter au magasin.	BALI
Malu bi brigan sqmu ka sayang!	現在正是賣玉米的好時機。	Right now the time is favorable for selling maize.	En ce moment le temps est favorable pour la vente du maïs.	BALI
Nangal su inu ka patas su? = Narig mu alang paru.	你的書是從哪裡拿來的？……我在城裡買的。	Where did you get your book? … I bought it in town.	Où as tu pris ton livre ? … Je l'ai acheté en ville.	BALI
Balung rudux.	雞蛋。	Hen's egg.	Oeuf de poule.	BALONG
Balung quyu.	蛇蛋。	Snake's egg.	Oeuf de serpent.	BALONG
Balung qsurux.	魚卵。	Fish egg.	Oeuf de poisson.	BALONG
Balung quhing.	蝨卵。	Louse egg (nit)	Oeuf de pou.	BALONG
Rudux mu o, tmbalung ka duma ni ini ka duma; duma o, knteetu kmlawa; tai ka ruru mu o, msiyang nanak.	我的雞，有的下蛋，有的不下；還有的只會孵蛋；至於我的鴨子，牠只顧長肥！	As for my hens, some lay and others do not; still others do nothing but brood; as for my duck, it just keeps growing fat!	Mes poules, il y en a qui pondent et d'autres pas ; d'autres encore ne font que couver ; quant à ma canne, elle s'engraisse !	BALONG
Kasi banasi.	彼此閒聊講故事、談些無關緊要的事、閒扯。	The act of telling each other stories, of talking about nothing, of chattering.	Le fait de se raconter des histoires, de parler de rien, de papoter.	BANASI
Embanah ka kana lukus su.	你所有的衣服都是紅色的。	All your clothes are red.	Tous tes habits sont rouges.	BANAX
Embanah kana ka lukus su.	你的衣服整件都是紅的。	Your garment is all red.	Ton habit est tout rouge.	BANAX
Embanah tunux.	紅頭（指美國人及所有非亞洲人）。	Red head (= the Americans and all non-Asians).	Tête rouge (= Les américains et tous les non asiatiques.	BANAX
Ini kbanah ka tunux mu.	我的頭髮不是紅色的。	My hair is not red.	Je n'ai pas les cheveux rouges.	BANAX
Aji biyaw mabanah kana rhluk.	不久所有的越橘果都會變紅。	Before long all the bilberries will be red.	Avant peu toutes les airelles seront rouges.	BANAX
Mskluwi ku mita knbanah dowriq su.	我很驚訝看到你的眼睛這麼紅。	I am surprised to see how red your eyes are.	Je suis surpris de voir comme tes yeux sont rouges.	BANAX
Pkbanahi cicih pdahung quwaq su!	在你的嘴唇上抹點紅吧！	Put a little red on your lips!	Mets un peu de rouge sur tes lèvres !	BANAX
Msuqi bi ka knbnahan ubal sneunux niya.	她頭髮的紅色太過誇張了。	The redness of her hair is far too extreme.	La rougeur de ses cheveux est trop exagérée.	BANAX
Asi tbanah kana dqras niya.	（頓時）他整張臉變成紫紅色。	(At once) his whole face turns crimson.	(Aussitôt) tout son visage devient de pourpre.	BANAX
Hmut ku mtbanah ka yaku.	我呀，一點小事就會臉紅！	As for me, I blush at the slightest thing!	Moi, pour un rien je rougis !	BANAX
Ptbnahani cicih dqras laqi su.	想個辦法讓你孩子的臉上添點血色（變紅潤）吧！	Find a way to put a little color on your child's face (make it rosy)!	Trouve le moyen pour mettre un peu de couleur (faire rougir) sur le visage de ton enfant !	BANAX
Bsiyaq bi snbuyas ka laqi mu ni malu da! emu bangah ka snkmalu hyaan.	我兒子拉肚子拉了很久，現在痊癒了！是木炭粉治好了他。	For a long time my son suffered from diarrhea, and now he is cured! It is the charcoal powder that cured him.	Pendant longtemps mon fils a souffert de diarrhée et il est guéri ! C'est la poudre de charbon qui l'a guéri.	BANGAX
Emu basaw.	BASAO 之粉。	BASAO flour.	Farine de BASAO.	BASAO
Ana embasi ka tlahi nii o, ida mu uqun.	這個柚子雖然酸，我還是會吃。	Even though this pomelo is sour, I will eat it all the same.	Bien que ce pamplemousse soit acide je le mangerai quand même.	BASI
Ma saw bi embasi ka niqan ta hini!	我們這地方多麼淒涼（彷彿在服喪一樣）！	How gloomy it is (as if we were in mourning) here where we are!	Comme c'est morne (comme si on était en deuil) où nous sommes ici !	BASI
Ya sa tbasi bi ka dtlahi.	因為柚子（天生）就是酸的。	Seeing that pomelos are (naturally) sour.	Vu que les pamplemousses sont (naturellement) acides.	BASI
Manu ka yahan su ptbasi nanak pnrhulan ta?	你是怎麼了，來這裡只為了讓我們的聚會蒙上陰影？	What has come over you, that you come only to cast gloom over our gathering?	Qu'est ce qui te prend de ne venir que pour assombrir notre réunion ?	BASI
Bawa silung.	海綿。	Sponge.	Eponge.	BAWA
Embawa bi ka tleengan su, ini hari kbawa ka nnaku.	你的座椅很軟（有彈性、柔軟），我的就不怎麼樣！	Your seat is very soft (springy, supple); mine, not so much!	Ton siège est très doux (élastique, souple), le mien, pas beaucoup !	BAWA
Bgihur ka skbawa kana silung (gsilung)	是風使整片海起了泡沫。	It is the wind that makes the whole sea foam.	C'est le vent qui fait mousser toute la mer.	BAWA
Aji su bi empqneuqu nasi su embahang lntadan quwaq mu.	你若聽見我的聲音，就不會弄錯。	You will not be able to go wrong if you hear my voice.	Tu ne pourras pas te tromper si tu entends ma voix.	BAXANG
Ana mqpuhir ka birat mu o, embahang ku bi ka luulan huling.	儘管我耳背，狗叫聲我還是聽得很清楚。	Hard of hearing though I am, I can hear the barking dogs quite well.	J'ai beau être dur d'oreille, j'entends bien les chiens qui aboyent.	BAXANG
Ini su qbahang ka isu.	你呀，你聽不見！	You, you do not hear!	Toi tu n'entends pas !	BAXANG
Kingal msapuh alang paru ka pnqbahang knan.	是城裡的一位醫生讓我恢復了聽力。	It was a doctor from the town who gave me back the faculty of hearing.	C'est un médecin de la ville qui m'a redonné la faculté d'entendre.	BAXANG
Miyah ku pqbahang sunan ana manu ka bnhangan mu kari.	我來把我所聽到的一切告訴你。	I come to inform you of everything I have heard said.	Je viens te faire part de tout ce que j'ai entendu dire.	BAXANG
Malu bi bhangan ka bnhangan mu uyas.	我聽到的歌謠十分悅耳。	The songs I heard are melodious.	Ils sont mélodieux les chants que j'ai entendus.	BAXANG
Ana mu si rngagi o, ungat ka mqbahang.	任憑我怎麼說，也沒有人聽。	However much I might speak (I speak), there is no one to listen.	J'aurais (j'ai) beau parler, il n'y a personne pour écouter.	BAXANG
Mrrawa kana ka lqlaqi matas; sai bi pqbahang cicih!	學童們全都在吵鬧；快去讓他們安靜聽講吧！	All the schoolchildren are making a racket; go and make them listen a little!	Tous les écoliers font du chahut ; va donc un peu les faire écouter !	BAXANG
Tayal bi bahing su!	你多麼懶惰啊！	What laziness you have!	Quelle paresse tu tiens !	BAXENG
Pusu bi embahing ka isu.	你是個十足的懶漢。	You are an arrant lazybones.	Tu es un fieffé paresseux.	BAXENG
Ini kbahing ka kuyuh su.	你的妻子並不懶惰。	Your wife is not lazy.	Ta femme ne paresse pas.	BAXENG
Embahing su bi paah snduray.	近來你變得很懶。	For a little while now you have been very lazy.	Depuis peu tu es très paresseux.	BAXENG
Ya iyax pkbahing laqi mu!	別來耽誤我兒子的時間！	Don't come making my son waste his time!	Ne viens pas faire perdre son temps à mon fils !	BAXENG
Nbhgay o, wada mruciq kana ka lklukus su.	你的衣服原本潔白（乾淨），如今全都髒了！	From white (clean) as they were, now your clothes are all dirty!	De blancs (propres) qu'ils étaient voilà tes habits tout sales !	BAXGAI
Smeura ku mita knbhgay pala su!	看到你的裙子這麼白，真令我羨慕。	It makes me envious to see how white your skirt is.	Celà me fait envie en voyant comme ta jupe est blanche.	BAXGAI
Kingal nanak ka knbhgayan pala niya.	她裙子的潔白非比尋常。	The whiteness of her skirt is quite exceptional.	Elle est toute spéciale la blancheur de sa jupe.	BAXGAI
Paru bi ka ndaan su qneuqu! Tutuy da ni nduwa bi pbhgay hangan su da!	你犯了大錯；起來洗白你的名聲吧！	You have committed a grave fault; get up and clear (whiten) your name!	Tu as commis une grosse faute ; lève toi et blanchis ton nom !	BAXGAI
Bhui lukus su nanak.	只洗你自己的衣服！	Wash only your own clothes!	Lave seulement tes habits !	BAXO
Kingal iyax sngayan o, mdha ku mahu lukus.	我一星期洗兩次衣服。	I wash my clothes twice a week.	Je lave mes habits deux fois par semaine.	BAXO
Manu ka qpahun su? … Embahu ku lukus.	你的工作是什麼？……我洗衣服。	What is your work? … I wash clothes.	Quel est ton travail ? … Je lave les habits.	BAXO
Bhuun kana ka nbabaw shakaw(?) su.	你床上放的全是待洗的衣物（床，或：房間裡加高、用來當床的部分）。	What is on your bed is all laundry to be washed (bed, or: the raised part of a room that serves as a bed).	C'est tout du linge à laver celui qui se trouve sur ton lit (lit, ou : partie surélevée d'une pièce et qui sert de lit).	BAXO
Bhuun mu lukus ka saman.	明天就是我該洗衣服的時候。	Tomorrow is when I must wash the clothes.	Demain c'est le moment où je dois laver les habits.	BAXO
Bhuun mu saman ka lukus.	衣服就是我明天要洗的東西。	The clothes are what I must wash tomorrow.	Les habits c'est ce que je dois laver demain.	BAXO
Naqih bi bhuan ka galiq bhgay.	白色衣物很難洗。	White linen is hard to wash.	Le linge blanc est difficile à laver.	BAXO
Jyagi ku phidaw ka bnhuan mu suni.	幫我把我剛洗好的東西拿去曬乾（曝曬於陽光下）。	Help me put out to dry (expose to the sun) what I have just washed.	Aide moi à mettre sècher (exposer au soleil) ce que je viens de laver.	BAXO
Naqih bi bhuan ka mkyayung.	在溪流邊洗衣並不容易。	It is not easy to wash at the edge of the torrent.	Il n'est pas facile de laver au bord du torrent.	BAXO
Mlnglung ku pbahu lukus mu sntruma.	我想把我的貼身衣物拿去給人洗。	I am thinking of having my underclothes washed.	Je pense faire laver mon linge de corps.	BAXO
Saun mu mangal ribul mu spbahu mu seejiq.	我要去（想去）拿我的褲子，好請人洗。	I am going (want to go) to fetch my trousers to have someone wash them.	Je vais (veux aller) chercher mes pantalons pour les faire laver à quelqu'un.	BAXO
Emblbil bi pungaw ka rdax harung.	（松木）燈籠的光很容易吸引甲蟲。	The light of the (pinewood) lantern easily attracts beetles.	La lumière du falot (en bois de pin) attire facilement les scarabés.	BBIL
Blbil! Blbil! Msa su; ya bi manu ka blbilun mu?	拉！拉！你這麼說；但我到底該拉什麼呢？	Pull! Pull! You say; but what on earth am I supposed to pull?	Tire ! Tire ! Dis tu(?) ! Mais qu'est ce donc que je dois tirer ?	BBIL
Blbilan ku na birat.	他拉了我的耳朵。	He pulled my ears.	Il m'a tiré les oreilles.	BBIL
Kmblbil ku bi ka yaku, ungat ka blbilan!	我很想拉，（但）沒有可拉的繩子（或：握把）！	I would really like to pull, (but) there is no rope (or: grip) to pull.	Je voudrais bien tirer (mais) il n'y a pas de corde (ou : de prise) pour tirer.	BBIL
Saman ka mha nami bbuyu.	我們明天要上山（去打獵）。	It is tomorrow that we go to the mountain (hunting).	C'est demain que nous allons à la montagne (à la chasse).	BBUYO
Mshiya balay ka pnsnmaan su beyluh.	你煮的豆子真好吃。	The beans you prepared are delicious.	Ils sont délicieux les haricot que tu as préparés.	BEILOX
Aji tuku kingal bngbang buwax uuqun dha hu?	一斗米夠他們吃嗎？（參見BMBANG）	Will one bushel of rice be enough for their food? (cf. BMBANG).	Est ce qu'un boisseau de riz suffira pour leur nourriture ? (vr. BMBANG).	BENGBANG
Dmuxun su(?) manu ka sapah su? Bngbang hu? Gmiya hu?...Hmut djima!	你要用什麼蓋你的屋頂？鐵皮？茅草？……就只用竹子！	With what do you want to roof your house? With sheet metal? With thatch? … Simply with bamboo.	Avec quoi veux tu couvrir ta maison ? En tôle ? En chaume ? … Simplement en bambous.	BENGBANG
Bitaq su inu ka sayang? … Bitaq sapah nanak.	你現在要去到哪裡？……只到家裡而已。	How far are you going now? … Only as far as the house.	Jusqu'où vas tu maintenant ? … Seulement jusqu'à la maison.	BETAK
Bitaq su piya pila kingal jiyax?	你一天能賺到多少錢？	How much money do you get up to per day?	Tu arrives à combien d'argent par jour ?	BETAK
Bitaq su paru o, mha bsiyaq.	要等到你長大，還得好一段時間呢！	A lot of time will pass before you are big!	Il en passera du temps avant que tu sois grand !	BETAK
Empbitaq su inu ka saman?	明天你將到達哪裡？	How far will you get, tomorrow?	Jusqu'où parviendras tu, demain ?	BETAK
Btaqi jiyujika.	釘上十字架！	Crucify!	Crucifiez !	BETAQ
Miyah ku meytaq qumi lqian su.	我來給你的孩子打針。	I have come to give your child an injection.	Je viens faire une piqûre à ton enfant.	BETAQ
Mniyah ka ddhiya meytaq Esuan babaw qhuni.	他們前來把耶穌釘在木頭上。	They came to nail Jesus onto the wood.	Ils vinrent clouer Jésus sur le bois.	BETAQ
Qlhangi bi qnlqah muda elug aji su muda pbeytaq pakaw.	走路時要留意腳下，免得被荊棘刺到。	Watch carefully where you set your foot when walking so as not to go and get yourself pricked by the thorns.	Fais bien attention où tu mets le pied en marchant pour ne pas aller te faire piquer par les épines.	BETAQ
Mnarux brah mu kika yahan mu pbeytaq qumi.	我得了支氣管炎（或：肺結核），所以來打針。	I have bronchitis (var. tuberculosis) so I have come to get an injection.	J'ai une bronchite (vl. tuberculose) alors je viens me faire faire une piqûre.	BETAQ
Wada ku na btaqan qumi hirang (… Qumi ka hirang)	他在我的肩膀上打了一針。（註：勿與BTAQAN混淆，那是指一種大竹子！）	He gave me an injection in the shoulder. (n.b. not to be confused with BTAQAN, which designates a species of large bamboo!).	Il m'a fait une piqûre à l'épaule. (nb. ne pas confondre avec : BTAQAN qui désigne une espèce de gros bambou !).	BETAQ
Nii ka bntaqan ku na pucing.	這裡就是他曾用刀刺我的地方。	Here is the place where he had stabbed me with a knife.	Voici la place où il m'avait donné un coup de couteau.	BETAQ
Mtutuy ka bgihur do, aji biyaw empquyux da.	起風時，雨就不遠了。	When the wind rises, the rain is not far off.	Quand le vent se lève la pluie n'est pas loin.	BGIXOL
Msbgihur balay ka sayang.	今天風吹得很強=今天風很大。	Today the wind is blowing hard = There is a lot of wind today.	Aujourd'hui le vent souffle fort = Il y a beaucoup de vent aujourd'hui.	BGIXOL
Manu ka saun su sbhuran mkbkuy sapah?	你要去屋後那個風吹的地方做什麼？	What are you going to do in that spot behind the house where the wind blows?	Que vas tu faire dans cet endroit derrière la maison où le vent souffle ?	BGIXOL
Malu bi sbhuran ka sapah su.	你的家真是涼爽的地方（有舒服的微風）。	Your house is a nice cool place (where there is a pleasant little breeze).	Ta maison est un lieu bien frais (où il y a un bon petit vent).	BGIXOL
Ya usa psbgihur! Sknarux brah su ka kiya!	別去吹風！那會讓你感冒！	Don't go exposing yourself to the wind! That gives you a cold!	Ne va pas t'exposer au vent ! Celà tenrhume !	BGIXOL
Qrapun su ka bgihur skbaki.	你會被過世岳父的靈（氣息）抓住！（註：太魯閣人深信亡者之靈會回到人間作祟，他們對此十分害怕。）	You are going to get caught by the spirit (the breath) of the father-in-law who died! (n.b. The Taroko are convinced that the spirit of the dead comes back to earth to do harm, and they are afraid of it.)	Tu vas te faire attraper par l'esprit (le souffle) du beau père qui est mort ! (nb. Les taroko sont persuadés que l'esprit des morts revient sur terre, pour nuire, et ils en ont peur.)	BGIXOL
Ana bi bilaq o, ini ku na biqi.	他連一丁點兒都沒給我。	He did not give me even a tiny little bit.	Il ne m'en a pas donné même un tout petit peu.	BI
Kingal bi.	僅僅一個。	One only.	Un seul.	BI
Balay bi.	真的。	Truly.	Vraiment.	BI
Ida bi.	也許。	Perhaps.	Peut être.	BI
Yaku bi.	我自己。	I myself.	Moi même.	BI
Rmngaw bi.	坦率地說。	To speak frankly.	Parler franchement.	BI
Tama bi nanak ka mkla.	真的只有爸爸才知道！	Truly only papa knows!	Il n'y a vraiment que papa qui sache !	BI
Embiki kana ka djima su: ungat bi brihan!	你的竹子全都彎彎曲曲：一點用都沒有！	Your bamboos are all twisted: they are worthless.	Tes bambous sont tout tordus : ils ne valent rien.	BIKI
Bilaq ku bi sida.	當我小的時候。	When I was small.	Quand j'étais petit.	BILAQ
Bilaq bi ka pila mu.	我的錢真少！	I have very little money!	J'ai bien peu d'argent !	BILAQ
Manu bi ka yahan su sghuway! Bilaq bi ka kiya!	你怎麼會特地來道謝？那實在只是小事一樁！	What has come over you, coming to give thanks? That is really a very small thing!	Qu'est ce qui te prend de venir remercier ? C'est là vraiment bien peu de choses !	BILAQ
Ana ku bilaq ka yaku o.	即使我是個無足輕重的人……	Even if I am someone of no importance.	Même si je suis quelqu'un sans importance.	BILAQ
Ya sa klaun su ka qnbilaq pila niya.	既然你知道他的錢有多麼少！	Seeing that you know how little money he has!	Vu que tu sais combien il a peu d'argent !	BILAQ
Ima mkla saw kiya ka knblaqan niya!	誰能料到他竟如此渺小！	Who could have known that his smallness was such!	Qui pouvait savoir que sa petitesse était telle !	BILAQ
Bilaq bi ka buwax ta da: asi ka pnbilaq ta mkan.	我們的米已所剩不多：只好省著吃！（一次只吃一點點）。	And now there is not much rice left: we are reduced to rationing ourselves! (to eating it in small quantities).	Et voilà qu'il n'y a plus beaucoup de riz : nous en sommes réduits à nous rationner !(à le manger par petites quantités).	BILAQ
Lnglung ku (lmnglung ku) pqbilaq ka saw jiyun mu pila.	我打算節制（使之變少）我將花的錢。	I am thinking of limiting (making it be little) the money I will spend.	Je pense limiter (faire qu'il soit peu) l'argent que je dépenserai.	BILAQ
Ini ksbilaq ka lnglungan niya.	他的心思（熱忱、計畫）沒有減退。	His thought (his ardour, his plans) has not diminished.	Sa pensée (son ardeur, ses projets) n'a pas diminué.	BILAQ
Ana su qmsbilaq o, mkla bi sunan ka seejiq.	即使你想隱藏自己，人們也很了解你（知道你的價值）。	Even if you try to efface yourself, people know you well (know your worth).	Même si tu essayes de t'éffacer, les gens te connaissent bien (savent ta valeur).	BILAQ
Ana ima mskuxul ka saw msbilaq.	不自大的人人人都喜歡。	He who is not pretentious is liked by everyone.	Il est sympathique à tous celui qui n'est pas prétentieux.	BILAQ
Msbilaq bi rmngaw ka Utun.	Utun說話很謙虛。	Utun speaks with humility.	Utun parle avec humilité.	BILAQ
Psbilaq hari quwaq dha.	叫他們說話小聲一點（使他們的嘴變小）。	Make them speak a little less loudly (make their mouths smaller).	Fais qu'ils parlent un peu moins fort (fais faire leur bouche plus petite).	BILAQ
Mnda ku paqan pnsblaqan dha.	我遭受了（被吞吃了）他們的屈辱。	I suffered (I got eaten by) their humiliations.	J'ai subi (je me suis fait manger par) leurs humiliations.	BILAQ
Psblaqun mu cicih ka qmpahan mu daya.	我想縮小我上方那塊田（的面積）。	I want to reduce (the dimensions of) my upper field.	Je veux réduire (les dimensions) de mon champ du haut.	BILAQ
Mqaras ku bi mita knsblaqan su.	看到你不自負（不傲慢、不驕傲），我很高興。	I rejoice to see that you are not pretentious (arrogant, proud).	Je me réjouis de voir que tu n'est pas prétentieux (arrogant, orgueilleux).	BILAQ
Tbilaq balay ka sapah su.	你的房子實在很小。	It is really small, your house.	Elle est réèllement petite, ta maison.	BILAQ
Mqpuhir ka birat mu da.	我的耳朵聽不見=我聾了。	My ears do not hear = I am deaf.	Mes oreilles n'entendent pas = Je suis sourd.	BILAT
Bbaraw balay ka birat huling su.	你的狗耳朵真長！	Your dog's ears are really long!	Les oreilles de ton chien sont vraiment longues !	BILAT
Naqih bi jiyun ka liwas, ya sa ungat birat niya.	這甕很難搬動，這可以理解，因為它沒有把手（甕耳）。	It is hard to handle, the amphora — which is understandable since it has no handle (ear).	Elle est difficile à manier l'amphore cela se comprend puisqu'elle n'a pas de poignée (anse, oreille).	BILAT
Sbirat bbuyu.	野兔。	Hare.	Lièvre.	BILAT
Sbirat tnbgan.	家兔（飼養的兔子）。	Rabbit (fed, domestic rabbit).	Lapin (lapin nourri, domestique).	BILAT
Ma niqan hnbiyan kska sapah su! Lpi nhari ka bling dnamux aji na hmbuy duri.	哎呀！你家在漏水！快把屋頂的洞堵住，免得又滴水。	Why! There are leaks in your house! Quickly plug the holes in the roof so that it does not drip again.	Mais ! Il y a des gouttières chez toi ! Bouche vite les trous du toit pour qu'il ne goutte pas de nouveau.	BILING
Bling muhing.	鼻孔。	Nostril.	Trou du nez.	BILING
Bling quci.	肛門（排泄物之孔）。	Anus (hole of the excrement).	Anus (trou des excréments).	BILING
Bili bi ka yaku.	我真的是最後一個。	I am truly the last.	Je suis vraiment le dernier.	BIRI
Mnda ku psquyux muda elug, Bili kana lukus mu da!	我在路上遇到雨，我的衣服全都濕透了（=裡外全濕）。	I met with rain on the way; all my clothes are soaked right through (= from side to side).	J'ai rencontré la pluie en route, tous mes habits sont trempés tout outre.(= de part en part).	BIRI
Miyah ku mita aji niqan sapuh bisur su?	我來看看你有沒有驅蟲藥。	I have come to see whether you have medicine for worms.	Je viens voir si tu as des médicaments pour les vers.	BISOL
Bisur kika uqun bi ruru.	蚯蚓正是鴨子愛吃的東西。	Earthworms — that is what ducks love.	Des vers de terre, voilà ce qu'aiment les canards.	BISOL
Mnduuy qwarux ssbut na knan ka tama, mtbisur kana sulay mu da!	爸爸用藤條打我，我的屁股滿是一條條的鞭痕！	Papa used a rattan cane to beat me; my buttocks are striped with blows!	Papa s'est servi d'un rotin pour me frapper, mes fesses sont striées de coups !	BISOL
Ma biyaw su bi da.	你花了好久的時間！	You certainly took your time!	Tu en as mis du temps !	BIYAO
Ini ku biyaw.	我不會很久。	I won't be long.	Je ne suis pas long.	BIYAO
Aji ku biyaw.	我不想拖太久。	I don't want to be long.	Je ne veux pas être long.	BIYAO
Pusu ta rudan sbiyaw.	我們昔日的祖先。	Our ancestors of former times.	Nos ancêtres d'autrefois.	BIYAO
Gaya ta nsbiyaw.	我們昔日的習俗。	Our customs of former times.	Nos coutumes d'autrefois.	BIYAO
Negaya ta sbiyaw.	我們昔日習俗的一部分。	Part of our customs of former times.	Part de nos coutumes d'autrefois.	BIYAO
Wada kana biyax mu da!	我的力氣全沒了！	All my strength is gone!	Toutes mes forces sont parties !	BIYAX
Ana su musa rmngaw thlangan o, ungat biyax ka hiya!	就算你去告訴（稟告）頭目，他也無能為力！（他沒有力量）。	Even if you go and tell (speak to) the chief, he can do nothing about it! (he has no power).	Même si tu vas le dire (parler) au chef, il n'y peut rien ! (il n'a pas de force).	BIYAX
Embiyax balay ka Wilang.	Wilang 很強壯；也可指：Wilang 身體非常健康。	Wilang is very strong; also: Wilang is in very good health.	Wilang est très fort ; et : Wilang est en très bonne santé.	BIYAX
Embiyax ku bi mkan ka yaku.	我呢，能吃的我都盡量吃。	As for me, I eat all I can.	Moi, je mange tout ce que je peux.	BIYAX
Embiyax su ka isu: msrudan ku ka yaku da.	你身體硬朗；而我呢，已經漸漸老了！	You are full of health; as for me, I am getting old!	Tu es plein de santé, toi : moi, voilà que je deviens vieux !	BIYAX
Paah tnkuran mu o, ini ku kbiyax kdjiyax da.	自從跌倒以後，我一直渾身無力！	Ever since my fall, I have been without strength!	Depuis ma chute, je suis toujours sans force !	BIYAX
Iyax kana saman, saw yamu dmbiyax nanak.	你們明天都來，但只限你們正值壯年的人。	All of you come tomorrow, only you who are in the prime of life.	Venez tous demain, seulement vous qui êtes dans la force de l'âge.	BIYAX
Ya bi tucing lnglungan! Kmbiyax!	別鬆懈！加油！	Don't let yourself go! Courage!	Ne te laisse pas aller ! Courage !	BIYAX
Ana mu si kmbiyax o.	儘管我竭盡全力，（還是無能為力！）	No matter how hard I try, (I can do nothing about it!)	J'ai beau y mettre tous mes efforts, (je n'y peux rien !)	BIYAX
Mqaras bi mita knbiyaxan laqi mu matas ka mtgsa.	老師很高興看到我兒子在學業上的努力。	The teacher is glad to see my son's efforts in his studies.	Le professeur est content de voir les efforts de mon fils dans les études.	BIYAX
Sipwi ka mniyah pkbiyax hyaan.	是 Sipui 來勸他要堅強。（=安慰）。	It was Sipui who came to ask him to be strong. (= to comfort).	C'est Sipui qui est venue lui demander d'être fort. (= réconforter).	BIYAX
Hiyi siyang ka skbiyax bi hiyi.	真正補身強體的是豬肉（肥肉）。	It is pork (the fat/lard) that truly strengthens.	C'est la viande de porc (le lard) qui fortifie vraiment.	BIYAX
Ini qhdu smalu tuki mu ka Rihan; saun mu psbiyax hyaan cicih.	Lirhan 還沒修好我的錶；我想去催他一下。	Lirhan has not yet finished repairing my watch; I want to go and push him a little.	Lirhan n'a pas encore fini de réparer ma montre ; je veux aller le pousser un peu.	BIYAX
Mita ku pnsbyaxan tama o miyah k... (?)	看到爸爸的堅持，我就來田裡工作。	Seeing papa's insistence, I come to work in the paddy field.	Voyant l'insistance de papa, je viens travailler a rizière.	BIYAX
Tbyaxi cicih ka dmqeepah! Ma mdawi kana!	去催一下工人！他們全都在那裡閒著！	Urge the workers on a little! They are all standing there doing nothing!	Presse un peu les ouvriers ! Ils sont tous là à ne rien faire !	BIYAX
Ya usa! Manu bi ka tbyaxun su?	先別走！你急什麼？	Don't leave (yet)! What is your hurry?	Ne pars pas (encore) ! Qu'est ce qui te presse ?	BIYAX
Srwai ku bi! Mtbiyax ku balay kika ini ku usa.	請原諒我！我真的很忙（趕時間），所以我不去。	Excuse me! I am really in a hurry (busy); that is why I am not going.	Excuse moi ! Je suis vraiment pressé (occupé), c'est pourquoi je ne vais pas.	BIYAX
Pusu bi tbyaxun dha sayang o, ida uqun.	如今他們最操心的就是糧食。	What preoccupies them most today is food.	Ce qui les préoccupe le plus aujourd'hui c'est la nourriture.	BIYAX
Gisu ka smiyan, kika paru bi tbyaxan kuyuh.	新年（節日）就要到了，這是婦女們非常忙碌的時候。	Here comes the new year (the feast day); it is a time when the women are very busy.	Voici le nouvel an qui arrive (le jour de fête), c'est un temps où les femmes sont très occupées.	BIYAX
Lnglung cicih kntbyaxan seejiq.	想想看別人有多忙！	Just think how busy the others are!	Pense un peu combien les autres sont occupés !	BIYAX
Biyuq qhuni (var. qhuni)	樹液——樹脂。	Sap - resin.	Sève - résine.	BIYOQ
Biyuq walu.	蜂蜜。	Honey.	Miel.	BIYOQ
Biyuq unuh.	乳汁，乳房的分泌物。	Milk, secretion of the breasts.	Lait, sécrétion des mamelles.	BIYOQ
Msbiyuq kana ka dowriq mu.	我的眼睛都濕潤模糊了。	My eyes are all misty.	Mes yeux sont tout embués.	BIYOQ
Mblaiq kingal ruwan sapah na ka Taulan.	Taolan 一家很富有。	Taolan's family is rich.	La famille de Taolan est riche.	BLAEQ
Ndmblaiq su ka isu.	你是有錢人（有福的人）之一。	You are one of the rich (the happy).	Toi tu fais partie des riches (des heureux).	BLAEQ
Mblaiq namu do o, ya shngi ka deini qblaiq.	當你們富足（幸福）時，別忘了那些不幸福的人！	When you are happy (rich), do not forget those who are not!	Quand vous êtes heureux (riches) n'oubliez pas ceux qui ne le sont pas !	BLAEQ
Sapah embliqan ka sapah namu.	你們的家是幸福之地。	Your house is a place of happiness.	Votre maison est un lieu de bonheur.	BLAEQ
Ini ku bi seura mita embliqan su.	看到你幸福（的光景），我一點也不嫉妒！	I am not jealous when I see (the circumstances of) your happiness!	Je ne suis pas jaloux en voyant (les circonstances de) ton bonheur !	BLAEQ
Ini ku seura mita qnblaiq su.	看到你如此幸福，我並不嫉妒。	I am not jealous when I see how happy you are.	Je ne suis pas jaloux en voyant combien tu es heureux.	BLAEQ
Tayal qnblaiq su!	你多麼幸福啊！	How happy you are!	Comme tu es heureux !	BLAEQ
Ana su bsiyaq meudus o, lbu bi ka knbliqan nbabaw dxgal.	即使你活得長久，世上的幸福也十分短暫。	Even if you live a long time, earthly happiness is very short.	Même si tu vis longtemps, il est bien court le bonheur terrestre.	BLAEQ
Mkla su bi smblaiq rudan (rdanan) su ka isu.	你很懂得如何善待你的父母。	You know how to be agreeable with your parents.	Toi tu sais être agréable avec tes parents.	BLAEQ
Msblaiq bi buan niya ka laqi nii.	這孩子對媽媽非常體貼。	This child is full of consideration for his mother.	Cet enfant est plein d'égards pour sa maman.	BLAEQ
Ga mssblaiq paah seuxal ka dha payi ni baki nii.	這對祖父祖母自古以來就彼此關懷備至。	These two, grandfather and grandmother, have been full of attentions for each other since long ago.	Ces deux grand père et grand mère sont pleins d'attentions l'un pour l'autre depuis autrefois.	BLAEQ
Ini bi dhuq psblaiq sjiqun (seejiq) ka pila.	金錢並不足以（無法）使人幸福。	Money does not suffice (does not manage) to make people happy.	L'argent ne suffit pas (n'arrive pas) à rendre les gens heureux.	BLAEQ
Ya squwaq! Tnblaiq su bi ka isu.	你別說了！你可是十足幸福的人！	Be quiet! You are perfectly happy!	Tais toi ! Toi tu es parfaitement heureux !	BLAEQ
Knteetu mtbratang kana hiyi niya, ya bi hmuya?	他全身不斷冒出紅斑，到底會是什麼原因呢？	His body keeps breaking out in red patches; what could the cause possibly be?	Son corps n'arrête pas de se couvrir de plaques rouges, quelle pourrait elle bien en être la cause ?	BLATANG
Usa brah ka isu, ana ququ kiya ka yaku da.	你先走，我隨後就到，我沒關係。	You go ahead; I will come after — as for me, it does not matter.	Toi, va devant, je viendrai après, moi, celà ne fait rien.	BLAX
Brah hari sntlngan laqi su o, mnda alang ka paru bi buhug.	在你兒子婚禮（或：相會）前不久，一場強颱經過了村子。	A little before your son's wedding (var.: meeting), a great typhoon passed through the village.	Un peu avant le mariage (vl. rencontre) de ton fils, un grand typhon est passé par le village.	BLAX
Kita brah da.	看你前面！	Look in front of you!	Regarde devant toi !	BLAX
Taan mu o, ga mnarux brah ka laqi su.	依我看，你的孩子胸部有毛病（即：患肺結核；患支氣管炎；或胸部有某種傷處……）。	From what I see, your child has trouble in the chest (i.e.: is tubercular; has bronchitis; has some wound on the chest …).	D'apres ce que je vois, ton enfant a mal à la poitrine (=: est tuberculeux ; a une bronchite ; a quelque blessure sur la poitrine …)	BLAX
Brahaw su balay.	拜託你！	Please (I beg you)!	S'il te plait !	BLAXAO
Brahaw misu balay.	我懇切地求你。	I beg you very earnestly.	Je te supplie très fort.	BLAXAO
Brahaw su bi! Usa nhari tmaan.	求你了！快去爸爸那裡。	I beg you! Go quickly to papa's.	Je t'en prie ! Va vite chez papa.	BLAXAO
Nduwa bi mslagu musa; ya bi brinah da.	務必一直往前走；千萬別往回走（別走回頭路）。	Try to go straight on; above all do not turn back (do not retrace your steps).	Tâche d'aller tout droit ; surtout ne recule pas (ne reviens pas sur tes pas).	BLENAX
Mha su bsiyaq da? … Aji! Mha ku embrinah da.	你會去很久嗎？……不會！我去了就回來。	Will you be long? … No! I am just going there and back.	Tu seras long ? … Non ! Je fais l'aller retour.	BLENAX
Peelug ku bi musa dupan sntlung ku Jiyan ni asi ku embrinah da.	去獵場的路上我遇到了 Jiyan,於是就折返了。	On the way to the hunting ground I met Jiyan, and so I turned back.	En route pour la chasse j'ai rencontré Djian et du coup je suis revenu sur mes pas.	BLENAX
Saw kiya do, pbrnahun misu kana ka pnspadaw su knan.	這樣的話，我要把你送我的所有禮物都還給你（退還你）。	In that case, I want to give you back (return to you) all the gifts you gave me.	Du coup, je veux te restituer (te retourner) tous les cadeaux que tu m'as faits.	BLENAX
Saun mu pnais pbrinah kacing mu da.	我只是要去把我的水牛趕回頭（讓牠掉頭）。	I just want to go and turn my buffalo around (make it turn back).	Je veux juste aller détourner (faire faire demi tour à) mon buffle.	BLENAX
Ungat brnahan nami da.	我們已無退路。	We no longer have any possibility of turning back.	Nous n'avons plus de possibilité de retour.	BLENAX
Sbrnahi bi mita pnspdagan nami.	請惠然接納我們的奉獻。	Accept our offering with kindness.	Accepte avec bienveillance notre offrande.	BLENAX
Ana naqih quwaq na o, ini biyaw msbrinah ka lnglungan niya.	即使他口出惡言，他也很快收回（悔改）。	Even if he has a foul tongue, he retracts (repents) quickly.	Même s'il a une sale langue, il se rétracte (repent) vite.	BLENAX
Pnsbrinah lnglungan na ka Liwis, kika yahan na sayang pbrinah muway nguyan na pila.	Liwis 悔改了（讓良心回轉），所以他今天來歸還（退還）他偷的錢。	Liwis has repented (has made his conscience turn about); that is why today he comes to give back (return) the money he had stolen.	Liwis s'est repenti (a fait faire demi tour à sa conscience), voilà pourquoi il vient aujourd'hui donner en retour (rendre) l'argent qu'il avait volé.	BLENAX
Ma su tbrinah bi mksa?	你怎麼倒著走路？	What has got into you, walking backwards?	Qu'est ce qui te prend de marcher à reculons ?	BLENAX
Mtbrinah bi rudan ka dnduma laqi sayang.	如今有些孩子對父母滿是忘恩負義。	There are children today full of ingratitude toward their parents.	Il y a des enfants aujourd'hui pleins d'ingratitude pour leurs parents.	BLENAX
Msbreenux balay kana ka qmpahan mu.	我的田全都很平坦。	All my fields are quite flat.	Tous mes champs sont bien plats.	BLENUX (BL'NUX)
Ga breenux kana ka qmpahan mu.	我的田全都在平原上。	All my fields are on the plain.	Tous mes champs sont dans la plaine.	BLENUX (BL'NUX)
Manu ka brihun su musa matas?	你去讀書指望得到什麼好處？	What advantage do you hope for by going to study?	Quel avantage espères tu en allant étudier ?	BLEX
Paru bi brihan (= embrih balay) ka musa matas.	去讀書非常有用。	It is very useful to go and study.	C'est très utile d'aller étudier.	BLEX
Ungat bi brihan ka nsaan mu psapuh hyaan.	我到他那裡去看病根本沒有用。	It was of no use at all that I went to get treated at his place.	Celà n'a servi à rien que d'être allé me faire soigner chez lui.	BLEX
Ya manu bi brihun sapuh ni?	我真想知道這藥能有什麼效用！	I really wonder what the efficacy of this medicine can be!	Je me demande bien quelle peut être l'éfficacité de ce médicament !	BLEX
Pusu su bi embahing! Stuq ku dmayaw sunan ni, manu bi ka brihun su?	你真是個大懶蟲！我盡力幫你，你又會給我帶來什麼成果？	What a famous lazybones you are! I do everything to help you, and what results are you going to bring me back?	Quel fameux paresseux tu es ! Je fais tout pour t'aider et quels résultats vas tu me rapporter ?	BLEX
Ini ku na pbrihi ana bilaq pila ka qmpahan kiya.	那些田沒讓我賺到一毛錢！	Those fields there did not bring me in a single penny!	Ces champs là ne m'ont pas fait rapporter un sou !	BLEX
Wada na smbrih dha kuyuh Taru ka Sabak da.	Sabak 去找 Talo 的妻子把話說清楚了。	Sabak went to have it out with Talo's wife.	Sabak est allée s'expliquer avec la femme de Talo.	BLEX
Miyah ku tbrih! Shngiyan mu ka lawa.	我又回來了，我忘了拿籃子。	Here I am back again; I had forgotten the basket.	Me revoici de retour, j'avais oublié le panier.	BLEX
Bitaq bi bunga ni masu ni brisan ka uuqun nami sida.	那時我們的飯食（食物）不外乎地瓜、小米和高粱。	Our dishes (our food) in those days came down to sweet potatoes, millet, and sorghum.	Nos plats (notre nourriture) en ce temps là se réduisaient à des patates douces, du millet, du sorgho.	BLISAN
Smiyuk nanak ka nquwaq su ka blnga.	回聲只是回應你的聲音（從你口中發出的話）。	The echo only answers your voice (what comes out of your mouth).	L'écho ne fait que répondre à ta voix (ce qui vient de ta bouche).	BL'NGA
Piya bru ka tnbgan su?	你養了幾隻小豬？	How many piglets have you raised?	Combien de porcelets as tu élevés ?	B"LO
Ga ku miing empitu bru ttabug mu sapah daya.	我正在找七隻小豬，要帶回山上家裡養。	I am looking for seven piglets to raise at my home in the mountains.	Je suis en train de chercher sept porcelets pour les élever chez moi à la montagne.	B"LO
Tnbru sknuwan ka kuray su? … Aji biyaw mtbru duri da.	你的母豬什麼時候生的？……不久牠又會再生一窩！	When did your sow farrow? … Before long she will have another litter!	Quand est ce qu'elle a mis bas ta truie ? … Avant peu elle aura une autre nichée !	B"LO
Yamu tama su o, ima ka tnbru?	你和你父親，誰是這些小豬的主人？	Of you and your father, who is the owner of the piglets?	De toi et de ton père, qui est le propriétaire des petits cochons ?	B"LO
Hnang bruwa ka nii.	這是雷聲。	This is the sound of thunder.	Ceci est le bruit du tonnerre.	BLOA
Tai ka embruwa tuhuy buhug do, knriwa bi da.	颱風時打雷，非常不妙。	When it thunders during a typhoon, it is very bad.	Quand il tonne pendant le typhon, c'est très mauvais.	BLOA
Aji ku mksa da, ga embruq kana papak mu da!	我不想再走了，我的腳全是水泡！	I do not want to walk any more; my feet are covered in blisters.	Je ne veux plus marcher, mes pieds sont pleins d'ampoules.	B"LOQ
Mapa brunguy.	背背簍。（＝也是「駝背的人」的俗稱說法。）	To carry the basket. (= also a familiar way of saying: hunchback).	Porter la hotte. (= aussi forme familière pour dire : Bossu).	BLONGOI
Pusu blbul.	1）一株香蕉、一棵香蕉樹；2）香蕉園。	1) A banana plant, a banana tree; 2) A banana plantation.	1) Un pied de banane, un bananier ; 2) Une plantation de bananes.	BLUBUL
Huya mu ksun? Wada mu pdangun ka brhug sapah da!	我該怎麼辦？我把家裡的鑰匙弄丟了！（註：MBL'XO 也指：要人——首領。）	What am I to do? I have lost the key to the house! (n.b. MBL'XO also means: personage - chief.)	Comment dois je faire ? J'ai perdu la clé de la maison ! (nb. MBL'XO désigne aussi : Personnage - chef.)	BL'XO
Ya slhbun! Ga embrhug ka sapah su da!	別擔心！你的房子鎖得好好的。	Don't worry! Your house is well locked.	Ne te fais pas de souci ! Ta maison est bien fermée.	BL'XO
Ga brhgan ka enduk sapah Temi.	Temi 家的門是關著的。	The door of Temi's house is closed.	La porte de la maison de Temi est fermée.	BL'XO
Wada mu brhgan ka sapah.	我把房子關上了。	I closed it, the house.	Je l'ai fermée, la maison.	BL'XO
Ima ka hnici pnbrhug sapah? Ga inu ka brhug da?	是誰（最後）離開時把房子鎖上的？	Who was it that locked the house on leaving (last?)?	Qui est ce qui a fermé la maison en partant (en dernier ?) ?	BL'XO
Miyah ku marig tru bmbang buwax.	我來買三桶（斗）米。（或：BENGBANG）	I have come to buy three tins (bushels) of rice. (var. BENGBANG).	Je viens acheter trois touques (boisseaux) de riz. (vr. BENGBANG).	BMBANG
Tbasi bi ka bnuwar su! Suqi meiluq (?) da!	你的李子好酸！它們實在太生了。	Your plums are very sour! They are far too green.	Tes prunes sont très acides ! Elles sont bien trop vertes.	BNUöL
Ini buway pila ka tnpusu, kiya ka yahan mu sapah.	負責人不付錢（不給錢），所以我就回家了。	The person in charge does not pay (does not give money); that is why I came back home.	Le responsable ne paye pas (ne donne pas d'argent), voilà pourquoi je suis revenu à la maison.	BOAI
Biqi ku patas kika saun mu mita ka tndxgal.	給我一封信，然後我就去見地主。	Give me a letter and then I will go see the owner of the land.	Donne moi une lettre et alors j'irai voir le propriétaire du terrain.	BOAI
Ma muway utux!	真是走運（哎呀！神靈賜予！）	Now that's luck (well now! The spirit gives!)	Ça, c'est de la chance (ça alors ! L'esprit donne !)	BOAI
Muway brah … Muway bukuy.	正面朝人……背對著人。	To present oneself facing forward … With one's back.	Se présenter de face … De dos.	BOAI
Ini ku na biqi.	他沒有把它給我。	He did not give it to me.	Il ne me l'a pas donné.	BOAI
Ima ka embuway ka ida ta biqun?	反正我們終究要給的東西，到底由誰來給？（我們必須給）？	Who is it that will give what in any case we shall give? (we must give)?	Qui est ce qui donnera ce que de toute façon nous donnerons ? (nous devons donner) ?	BOAI
Tai ka bnuway pusu blbul o, bilaq balay.	至於香蕉樹的收成，實在很少（香蕉樹結得很少）。	As for the yield of the banana trees, it is quite meager (the banana trees have yielded very little).	Pour ce qui est du produit des bananiers, il est bien réduit (Les bananiers ont bien peu rendu).	BOAI
Yaku ka bnuway patas hyaan.	書是我給他的。	It is I who gave him the book.	C'est moi qui lui ai donné le livre.	BOAI
Kmbuway ku bi pila hyaan ka yaku uri.	我也很想給他錢。	I too would very much like to give him money.	J'aimerais bien lui donner de l'argent moi aussi.	BOAI
Hmuya ka pbiqun su bukuy?	你為什麼讓他背過身去？	Why do you make him turn his back?	Pourquoi lui fais tu tourner le dos ?	BOAI
Biqan su ima ka nii?	這是誰給你的？	Who gave you that?	Qui t'a donné celà ?	BOAI
Buwax dowriq.	眼睛的瞳孔。	Pupil of the eye.	Pupille de l'oeil.	BOAX
Buwax trabus.	花生仁。	Peanut kernel.	Grain d'arachide.	BOAX
Msngari kingal lubuy ni.				BOAX
Nta kmbuwax trabus sapah mu hu?	你要來我家剝花生嗎？	Will you come shell peanuts at my house?	Tu viens écosser des arachides chez moi ?	BOAX
Suyang bi ka bru nii! Ngalun mu mtbuwax.	這隻小豬真漂亮！我要把牠留作種豬。	This piglet is very fine! I want to make it a breeder.	Ce porcelet est très beau ! Je veux en faire un reproducteur.	BOAX
Bubu laqi ka nii.	這是孩子們的母親（＝我的妻子）。	This is the children's mother (= my wife).	Voilà la mère des enfants (= ma femme).	BOBO
Ini mu shngii ka nkari skbubu ta seuxal.	我絕不會忘記我們已故母親的話！	There is no danger of my forgetting the words of our late mother!	Pas de danger que j'oublie les paroles de feu notre maman !	BOBO
Mha su inu, bu.	媽媽，妳要去哪裡？	Where are you going, mama?	Où vas tu, maman ?	BOBO
Ana malu ka bubu o naqih bi ka napa na sqmu.	玉米的植株雖然好，果穗卻很差。	The maize stalks may be fine, but their ears are bad.	Les pieds de mais peuvent être beaux, ses épis sont mauvais.	BOBO
Usa nhari buan su da.	快到你媽媽身邊去。	Go quickly to your mother.	Va vite près de ta maman.	BOBO
Ima ka ini snkuxul buan niya?	誰不愛自己的母親呢？	Who does not love his mother?	Qui n'aime pas sa mère ?	BOBO
Aji su biyaw mabubu da; ida empaabubu kana ka dwauwa.	妳很快就要當媽媽了；就是這樣，女孩子生來就是要做母親的。	You will soon be a mother; that is how it is, girls are made to become mothers.	Tu vas bientôt être maman ; c'est comme celà, les filles sont faites pour devenir mères.	BOBO
Ga mubung payay ka trasi.	那張 trasi（草蓆）就在那裡，用來蓋稻穀。	The trasi (mat) is there, serving to cover the paddy.	Le trasi (natte) est là qui sert à couvrir le paddy.	BOBONG
Ini su kskuy? Bbungi hari hirang su aji su muda paqan knskiyan.	你不冷嗎？把肩膀稍微蓋一下，免得著涼（免得被寒氣「吃掉」）。	Aren't you cold? Do cover your shoulders a little so as not to be cold (not to let yourself be eaten by the cold).	Tu n'as pas froid ? Couvre donc un peu tes épaules pour ne pas avoir froid (ne pas te faire manger par la froidure).	BOBONG
Sayang o, embubung hnigan ka dtruku uri.	如今太魯閣人也穿衣服了（遮蓋身體、（遮蓋裸體）。	Today the Taroko also clothe themselves (cover their bodies, (their nakedness).	Aujourd'hui, les taroko aussi s'habillent (couvrent leur corps, (leur nudité).	BOBONG
Ini hari kbubung masu ka rnabaw blbul.	香蕉葉蓋不好小米。	Banana leaves do not cover the millet well.	Les feuilles de banane ne couvrent pas bien le millet.	BOBONG
Ana hbaraw bi nami hiyi o, aji biyaw empburux ka duma.	即使我們人數眾多，有些人不久就要自立門戶了。	Even though we are many, some are soon going to set up on their own.	Même si nous sommes nombreux, certains vont se mettre prochainement à leur compte.	BOLOX
Pbruxun mu hkawas ka laqi mu qbsuran.	明年我就要讓我長子（的家庭）自立門戶。	It is next year that I will have my eldest son ('s household) set up on its own.	C'est l'an prochain que je ferai mettre à son compte (le ménage de) mon fils ainé.	BOLOX
Aji ga msupu rudan ka Sasak hu?	Sasak 和父母同住嗎？	Does Sasak live with his parents?	Est ce que Sasak vit avec ses parents ?	BOLOX
Aji! Ga tnburux da!	沒有！他已經自立門戶了。	No! He has set up on his own.	Non Il s'est mis à son compte.	BOLOX
Kiya ka tnbrahan na laqi.	那是他的長子（他新生的兒子？）。（參見詞根 BALAX？——詞根 BULAX？）	There is his eldest son, (his newborn son?). (see root BALAX? - root BULAX?)	Voilà son fils ainé, (son fils nouveau né ?). (vr. R. BALAX ? - R. BULAX ?)	BOLOX
Bunga ka pusu bi uqun truku.	甘藷是太魯閣人飲食的主要部分。	It is sweet potatoes that make up the staple of Taroko food.	Ce sont les patates douces qui constituent l'essentiel de la nourriture taroko.	BONGA
Nasi su kmphuma buhi nii o, adas ka bunga niya uri.	如果你打算種這些百合，就把球莖帶去吧。	If you plan to plant these lilies, then take the bulbs along.	Si tu projettes de planter ces lys, emporte donc les bulbes.	BONGA
Paah snbtan ku dha o, mnarux kana bbuut mu.	自從他們打了我，我全身的骨頭都在痛。	All my bones have been hurting ever since they beat me.	Tous mes os me font mal depuis qu'ils m'ont frappé.	BOOT
Hmaun mu kingal pusu bukuh ngangut sapah mu.	我想在我家門前種一棵木瓜樹。	I want to plant a papaya tree in front of my house.	Je veux planter un pied de papye devant ma maison.	BOQOX
Ungat ana kingal buhug mu da!	我連一毛錢都不剩了。	I no longer have even a penny.	Je n'ai plus même un radis.	BOXO
Nasi muda qmpahan ka buhug da, ida na pkngatun kana ka uqun.	颱風若掃過田地，會毀掉我們全部的收成（我們的糧食）。	If the typhoon passes through the fields, it will destroy our whole harvest (our food).	Si le typhon passe par les champs, il détruira toute notre récolte (notre nourriture).	BOXO
Tayal knshiya bi ka pnsnmaan su hiyi bowyak!	你煮的這山豬肉真是美味！	How tasty this boar meat you have prepared is!	Comme elle est savoureuse cette viande de sanglier que tu as préparée !	BOYAQ
Bru bowyak.	山豬的幼崽。	The wild boar's young.	Les petits du sanglier.	BOYAQ
Ini bi taqi! Hmut mtbowyak shakaw ka Tenung.	Tenong 睡不著，只是在床上（在他的臥榻上）翻來覆去。	Tenong cannot get to sleep; he does nothing but roll about on the bed (on his couch).	Ténong n'arrive pas à dormir il ne fait que se rouler sur le lit (sur sa couche).	BOYAQ
Mnarux kana bqlit mu paah nksaan mu shiga.	自從昨天走了路，我的整條腿（雙腿）都在痛。	My whole leg (my legs) has been hurting since my walk yesterday.	Toute ma jambe (mes jambes) me fait mal depuis ma marche de hier.	BQLIT
Ana su tmbqlit tthmuku knan o, ida ini sruwa ka lnglungan mu.	即使你跪下來求我（敬拜我），我也無法接受（我的心下不了決心接受）。	Even if you go down on your knees to beg (venerate) me, I cannot accept (my heart cannot bring itself to accept).	Même si tu te mets à genoux pour me prier (vénérer), Je ne puis pas accepter (mon coeur ne se décide pas à accepter).	BQLIT
Wada mu psaan sapah puyan ka bqrus niya.	我把他的遺體安放在廚房裡。（註：太魯閣人完全沒有設墓地的習俗；死者被葬在充當全家床鋪的臺架之下，蹲踞而頭朝上，裹以麻布；若是死於非命，則葬在屋外野地裡。	I laid his corpse in the kitchen. (n.b. The Taroko had no custom at all of having cemeteries; their dead were buried under the platform serving as the household's bed, crouched with the head upright, wrapped in a hemp cloth, or outside, in the wild, if they had died a violent death.	J'ai déposé son cadavre à la cuisine. (nb. Les taroko n'avaient pas du tout l'habitude d'avoir des cimetières ; leurs morts étaient enterrés sous l'estrade servant de lit à la maisonnée accroupis la tête en haut, enveloppés dans une toile de chanvre, ou à l'extérieur, dans la nature, s'ils étaient morts de mort violente.	BQLOS
Mha su bsiyaq da?	你會去很久嗎？你要離開很久嗎？	Will you be long? Are you going away for a long time?	Tu seras long ?, Tu pars pour longtemps ?	BSIYAQ
Ini qbsiyaq do, nii duri ka hiya.	沒過多久，他又回來了。	Not long after, here he is again.	Pas longtemps après, le revoilà de nouveau.	BSIYAQ
Mtaga ku ka mtaga; khnu ka qbsiyaqan?	等是可以等；但要等多久呢？	As for waiting, I am quite willing to wait; but for how long will it be?	Pour attendre, je veux bien attendre ; ce sera pour combien de temps ?	BSIYAQ
Embsqur bi ka gasil kingal lubuy nii, ini kbsqur ka kingal ga; ya han, bsqrun mu cicih ka gasil niya.	這個袋子綁得很緊，那個沒有；等一下，我來把它的繩子勒緊。	This sack is well tied (tightly), that one is not; wait a moment, I will tighten its string.	Ce sac est bien lié (fortement), celui là non ; attends un peu, je vais resserrer la ficelle.	BSKOL
Hcian na murus pila kska elug hiya mnusa tbsqur da.	他把錢丟在路中央之後，就去上吊了。	After throwing his money down there in the middle of the road, he went and hanged himself.	Après avoir jeté son argent là au milieu de la route, il est allé se pendre.	BSKOL
Qlhangi bi ka bsqran aji na empslhlah	好好留意那綁紮處，別讓它鬆脫。	Keep a close watch on the ligature so that it does not come loose.	Surveille bien la ligature pour qu'elle ne se desserre pas.	BSKOL
Tayal bi bsrat su.	哎呀！你怎麼這麼吝嗇！	Oh my! What miserliness yours is!	Oh la ! Quelle avarice la tienne !	BSLAT
Uxay ku embsu (vl. uxay ku ka embsu) Ungat pila mu!	不是我吝嗇！是我沒有錢！	It is not that I am stingy! It is that I have no money!	Ce n'est pas que je sois avare ! C'est que je n'ai pas d'argent !	B'SO
Ana manu ka saun su meysa o, aji su na biqun! Embsu bi ka seejiq kiya!	無論你去要什麼，他都會拒絕你（不會給你）！那個人是個吝嗇鬼！	Whatever you go and ask for, he will refuse you (he will not give it to you)! That person is a miser!	Quoi que tu ailles demander il te le refusera (il ne te le donnera pas) ! Cette personne là est un avare !	B'SO
Taan mu do o, ida su hrnasun ka knbsu dha.	依我看，論吝嗇你勝過其他人。	From what I see, in miserliness you surpass the others.	D'après ce que je vois, en fait d'avarice tu dépasses les autres.	B'SO
Tai bi aji embsqrul ka idaw su da.	小心別讓你的飯燒焦了！	Take care that your rice does not burn!	Fais attention que ton riz ne brûle pas !	BSQLOL
Ana smhangan o, ya skui lnglungan! Bsukan ka hiya!	即使他辱罵你，也別放在心上；他喝醉了！	Even if he insults you, do not take it to heart; he is drunk!	Même s'il t'injurie, ne prends pas celà à coeur ; il est ivre !	BSUKAN
Sbsukan bi seejiq (sjiqun) ka mahun nii.	這種酒真會醉人。	This drink really makes people drunk.	Cette boisson enivre vraiment les gens.	BSUKAN
Kingal pusu btakan.	一株這種竹子；或：一片這種竹林。	One of these bamboo plants; var. a stand (plantation) of these bamboos.	Un pied de ces bambous ; vl. Une plantation de ces bambous.	BTAKAN
Pusu btaqan.	股骨頸。	Neck of the femur.	Col du fémur.	BTAQAN
Akay uwit! Mnarux kana btudan hiyi mu!	我怎麼這麼累！我全身的關節都在痛！	How tired I am! All the joints of my body ache!	Ce que je puis être fatigué ! Toutes les jointures de mon corps me font mal !	BTUDAN
Mhdu pntlukan dha o, wada dha hciun siyaw elug da!	他們把他痛打一頓之後，就把他丟棄在路旁。	After beating him black and blue they abandoned him at the side of the road.	Après l'avoir roué de coups ils l'ont abandonné au bord du chemin.	BTULUK
Snalu btunux ka teykung nii.	這尊像是用石頭做的，是石造的。	This statue was made with stone, of stone.	Cette statue à été faite avec de la pierre, en pierre.	BTUNUX
Qntaan su ka paru btunux pngpung dgiyaq?	山頂上那塊很大的石頭，你看見了嗎？	Have you seen it, the very big stone at the top of the mountain?	L'as tu vue la très grosse pierre au sommet de la montagne ?	BTUNUX
Ga smbu tasil (et plus rarement: Ga smbu btunux) ka laqi nii.	這個孩子正在丟石頭。	This child is throwing stones.	Cet enfant est en train de lancer des pierres.	BTUNUX
Embuwa o, ini kbuwa, ida tuku kndngdang na ka qsiya su.	它確實沒有滾（就沸騰而言，它並沒有滾），但你的水還是夠熱了。	It is true that it is not boiling (as far as boiling goes, it does not boil), but your water is still hot enough.	C'est vrai qu'elle ne bout pas (pour ce qui est de bouillir, elle ne bout pas) mais ton eau est quand même assez chaude.	BUA
Malu bi bgbagun ka btakan su.	你的大竹子很容易（順著長度）劈開。	Your big bamboos are very easy to split (lengthwise).	Tes gros bambous sont très faciles à fendre (dans le sens de leur longueur).	BUBAO
Pbgbagi binaw ka djima su.	你就把你的竹子劈一劈吧！	Go on, split your bamboos a little!	Fends donc un peu tes bambous !	BUBAO
Aji su bi dhqun smbu buji ka rngji.	你真不可能用射箭射中一隻蒼蠅！	It is really not possible for you to manage to hit a fly by shooting an arrow at it!	Ce n'est vraiment pas possible que tu arrives à atteindre une mouche en lui tirant une flèche !	BUDI
Ana embudu dowriq na ka Hini, mkla bi muda elug alang.	即使眼睛看不見，Rhéini 仍然很會走村裡的路。	Even though her eyes are blind, Rheini manages very well to take the village paths.	Même si ses yeux sont aveugles, Rhéini se débrouille très bien pour prendre les chemins du village.	BUDO
Manu ka uqun ta kiya? … Niqan bgu ni pajiq urung ni hiyi samat.	等一下有什麼可吃的？……有湯、有 Padjac olong（一種野菜），還有獵物（野味的肉！）。	What will there be to eat later on? … Broth, Padjac olong (a kind of wild vegetable) and game (game meat!).	Qu'est ce qu'il y aura à manger tout à l'heure ? … Du bouillon, des Padjac olong (espèce de légume sauvage) et du gibier (de la viande de gibier !).	BUGO
Aji mabgu ka kmpshada su idaw hu?	你想煮的飯不是正在變成粥了嗎？	Is the rice you would like to cook not turning into soup?	N'est il pas en train de se transformer en soupe le riz que tu aimerais préparer ?	BUGO
Hcii ka bukaw niya, mha malu taan.	保留它的駝峰（弧度），看起來會很好看。	Keep its hump (its curve); it will be nice to look at.	Conserve lui sa bosse (sa courbe), ce sera beau à voir.	BUKAO
Pgealu su bi! Knriwa ka knbukaw su da! … Embukaw bi ka tama mu uri!	可憐的你！你越來越駝了！……我父親也是真的駝背了！	You poor thing! There you are, more and more stooped! … My father too is stooped for good!	Mon pauvre ! Te voilà de plus en plus vouté ! … Mon père aussi est vouté pour de bon !	BUKAO
Mapa brunguy (porter la hotte)	（背背簍）用來說某人駝背的通俗說法。	Familiar expression to say of someone that he is hunchbacked.	Expression familière pour dire de quelqu'un qu'il est bossu.	BUKAO
Mnarux kana bukuy mu da.	我整個背都痛。	My whole back hurts.	Tout mon dos me fait mal.	BUKWI
Wada bukuy ka hiya.	他到後面去了（常用來說：他上廁所去了）。	He went behind (often meaning: he went to the toilet).	Il est allé derrière (souvent pour dire : Il est allé aux toilettes).	BUKWI
Snaah ku bukuy mnksa ku kingal iyax jiyax bitaq hini.	我從西邊（山的另一側）出發，走了一整天才來到這裡。	Having set out from the west (from the other side of the mountain), I walked a whole day to come here.	Parti de l'Ouest (de l'autre côté de la montagne) j'ai marché toute une journée pour venir ici.	BUKWI
Pllayun mu Iban, bukuy ka isu.	我先從 Iban 開始，你排在後面。	I will begin with Iban; you will come after.	Je commencerai par Iban, Toi tu viendras après.	BUKWI
Mkbukuy ka sapah ina mu.	我媳婦的家住在（山）後面。	My daughter-in-law's family lives behind (the mountain).	La famille de ma bru habite derrière (la montagne).	BUKWI
Ini ku huya ka yaku, isu nanak ka hmut knbukuy knan!	我並沒有反對你什麼，是你自己無緣無故對我轉過身去！	I have nothing against you; it is you who for no reason turn your back on me!	Moi je n'ai rien contre, c'est toi qui sans raison me tournes le dos !	BUKWI
Saun mu mkuy kacing pusu qhuni.	我要去把水牛拴在一棵樹的根部（樹腳）。	I will go and tie the buffalo to the foot (to a foot) of a tree.	J'irai attacher le buffle au pied (à un pied) d'un arbre.	BUKUI
Bkii balay aji na qduriq.	把（牠）綁好，免得牠逃跑。	Tie (it) up well so that it does not run away.	Attache (le) bien pour qu'il ne se sauve pas.	BUKUI
Ga bnkiyan ka Taulan.	Taolan 被上了枷鎖（他被綁起來了）。	Taolan is in irons (he has been tied up).	Taolan est aux fers (il a été attaché).	BUKUI
Bnkiyan ima ka gnsal nii?	這些稻草捆是誰綁的？	Who is it that bound these sheaves of straw?	Qui est ce qui a lié ces gerbes de paille ?	BUKUI
Kingal knbkiyan mngari kbkuy (vl. maxal mngari knbkiyan) empitu kmxalan mataru.	一九七六。	1976.	1976.	BUKUI
Embbulang mkksa alang ka Iyus.	Ius 光著身子在村裡遊蕩。	Ius wanders around stark naked in the village.	Ius vagabonde tout nu dans le village.	BULANG
Pblangun su dha, kaway binaw!	當心！他們會把你剝得精光！	Watch out! They are going to strip you completely naked!	Prends bien garde ! Ils vont te mettre tout à nu !	BULANG
Ini kbgurah ka lukus mu.	我的衣服不是新的。	My clothes are not new.	Mes habits ne sont pas neufs.	BULAX
Uxay bgurah ka lukus mu.	不！我的衣服不是新的。	No! They are not new, my clothes.	Non ! Ils ne sont pas neufs, mes habits.	BULAX
Uxay su wada pnbrahan shiga ka lukus su?	你的衣服昨天不是換過了嗎？	Did you not change them yesterday, your clothes?	Ne les as tu pas changés hier, tes habits ?	BULAX
Pbrahun kana ka pusu busuq qpahan mu mkyayung	我想把沿溪田裡的李樹苗全部更新。	I want to renew all my plum-tree plants in my field along the torrent.	Je veux renouveller tous mes plants de pruniers dans mon champ le long du torrent.	BUSOK
Stuq busuk bi ka tama na.	他父親醉個不停。（見 BSUKAN）	His father never sobers up. (see BSUKAN).	Son père ne dessoule pas. (vr. BSUKAN).	BUSUK
Wada embutul kana dqras niya.	他的臉上長滿了青春痘。	His face has become covered with acne pimples.	Son visage s'est couvert de boutons d'acné.	BUTUL
Nbuyas! Mha su inu?	（你這）大肚子！你要去哪裡？	(You) potbelly! Where are you going?	(Toi) le ventru ! Où vas tu ?	BUYAS
Paru nbuyas.	一）大肚子的。二）懷孕的。	1) who has a big belly. 2) who is pregnant.	1) qui a un gros ventre. 2) qui est enceinte.	BUYAS
Paru nbuyas na ka Rabay.	Rabay 懷孕了。	Rabay is pregnant.	Rabay est enceinte.	BUYAS
Paah nsaan mu tadus ka smbuyas ku kdjiyax.	自從我上高山之後，我每天都拉肚子。	It is ever since I went into the high mountains that I have had diarrhoea every day.	C'est depuis que je suis allé en haute montagne que j'ai la diarrhée tous les jours.	BUYAS
Ga msbuyas ka qndrxan su ngangut sapah da.	你在屋前砌的牆快要倒了（鼓起肚子了！）。	The wall you put up in front of the house is threatening to collapse (it is getting a belly!).	Le mur que tu as élevé devant la maison menace de s'écrouler (prend du ventre !).	BUYAS
Buyu kana ka qmpahan mu.	我所有的田都荒廢了。	All my fields lie fallow.	Tous mes champs sont en friche.	BUYO
Mnusa ku bbuyu smalu qmpahan.	我到森林裡去開墾田地。	I went to make fields in the forest.	Je suis allé créer des champs dans la forêt.	BUYO
Bukuy wada bbuyu ka tama mu o, bbuyu bi kana ka qmpahan mu uri.	自從爸爸去打獵（進了森林、上了山），我的田（也）全都長滿了雜草。	Since dad left for the hunt (went into the forest, into the mountains), all my fields are completely full of weeds (too).	Depuis que papa est parti à la chasse (est allé en forêt, en montagne), tous mes champs sont tout pleins de mauvaises herbes (aussi).	BUYO
Ida bi sntlung bgihur tama ka hiya.	他想必是遇見了……的靈（頁末中斷）	He has no doubt met the spirit of (cut off at page end)	Il a sans doute rencontré l'esprit de.	BWIXOL
Misu ku bgihur.	我怕風。	I am afraid of the wind.	J'ai peur du vent.	BWIXOL
Nbhgay o, wada mruciq kana ka lklukus su.	你的衣服原本潔白（乾淨），如今全都髒了。	From white (clean) as they were, your clothes are now all dirty.	De blancs (propres) qu'ils étaient, les voilà tout sales tes habits.	B'XGAI
Ma ga brhgan kana ka spsapah dha!	真奇怪！他們的房子全都鎖上了！	How strange! All their houses are locked!	C'est curieux ! Toutes leurs maisons sont fermées !	B'XGAN
Phqilun mu kiya ka huling naqih nii! Knteetu ga mhraw kacing mu da!	我要殺了這隻髒狗！牠不停地追趕我的水牛。	I want to kill that filthy dog! It never stops chasing my buffalo.	Je veux le tuer ce sale chien ! Il n'arrête pas de poursuivre mon buffle.	BXLAO
Mnda pbhraw huling ka samat.	獵物被狗追趕（遭到追逐）。	The game was pursued (got itself chased) by the dog.	Le gibier a été poursuivi (s'est fait pousuivre) par le chien.	BXLAO
Wada nami bhragun kingal jiyax ka rqnux kiya ni, jiyax bhragan do, keeman da!	那頭鹿我們追了一整天（牠成了我們追逐的對象），追著追著，天就黑了。	We pursued that deer a whole day (it was the object of our pursuit), and by the time we had chased it, night had fallen.	Nous l'avons poursuivi (il a été l'objet de notre poursuite) tout un jour ce cerf et, le temps de le poursuivre, la nuit est tombée.	BXLAO
Manu ka saun su smbu qbhni!	你怎麼會想去殺（射）鳥呢？	What has got into you, going off to kill (shoot) birds?	Qu'est ce qui te prend d'aller tuer (tirer) des oiseaux ?	BXNI
Tai ka ungat buji o, ungat brihan ka bhniq uri.	對沒有箭的人來說，弓（也）毫無用處。	For one who has no arrow, the bow is (likewise) useless.	Pour celui qui n'a pas de flèche, l'arc est (également) sans utilité.	BXNYAQ
Dsnaw	屬於男人的群體。	Of the group of men.	Du groupe des hommes.	D
Dmqeepah.	工人（泛指）。	Workers (in general).	Les travailleurs (en général).	D
Dyami.	我們氏族的。	Of our clan.	De notre clan.	D
Dmpgdadak.	守衛（保鏢）。	The guards (the “gorillas”, i.e. bodyguards).	Les gardes (les gorilles).	D
Djyami.	我們群體、我們氏族的全體成員。	All the members of our group, of our clan.	Tous les membres de notre groupe, de notre clan.	D
Dhiya.	他們氏族的，他們當中的一個。	Of their clan, one of them.	De leur clan, l'un d'eux.	D
Ddhiya.	他那群體的所有人。	All those of his group.	Tous ceux de son groupe.	D
Wada da.	就這樣，他走了。	That's it, he has left.	Ca y est, il est parti.	DA
Mha ku da.	我要走了（已經決定了）。	I am leaving (it is decided).	Je pars (celà est décidé).	DA
Wada qmpah da.	他確實已經去工作了。	He has indeed gone off to work.	Il est effectivement parti au travail.	DA
Yaku da.	輪到我了。	It is my turn.	C'est mon tour.	DA
Embiyax bi mdadak ka ddhiya.	他們戒備森嚴。	They are strongly on their guard.	Ils sont fortement sur leurs gardes.	DADAK
Empdhuq su inu, sapah niya! Ga gmdadak ka tnsapah.	你怎麼到得了他家？屋主正在看守呢！	How do you expect to get to his house? The master of the house is keeping watch!	Comment veux tu arriver jusqu'à sa maison ? Le maitre de maison veille !	DADAK
Hbaraw bi dmpgdadak smnegul hyaan.	許多守衛跟隨著他。	Many guards were following him.	De nombreux gardes le suivaient.	DADAK
Kndadax su sknuwan?	你是什麼時候出發的？（什麼時候上路的？）	When did you leave? (when did you set out?).	Quand es tu parti ? (quand t'es tu mis en route ?).	DADAX
Mgrbu balay ka knddaxan dha.	他們出發得很早。	Their departure took place very early.	C'est très tôt qu'a eu lieu leur départ.	DADAX
Sndadax ta hini musa bitaq alang su o, ida bi mha mkdha ka ksaan ta qaqay.	從這裡到你家，步行將近兩天的路程。	From here to your home, it is nearly two days' walk on foot.	Depuis ici jusque chez toi, il y a près de deux jours de marche à pied.	DADAX
Tayal bi ka dakil wawa rudux su!	你的小雞長得真快！	How your little chicks are growing!	Comme tes petits poussins grandissent !	DAKIL
Mdakil balay ka ana manu tnbgan su, ini hari kdakil ka naku.	你養的牲畜都長得很好，（可是）我養的卻長不大！	All the livestock you raise thrives, (but) what I raise hardly grows at all!	Tout le bétail que tu élèves pousse bien, (mais) ce que j'élève ne pousse guère !	DAKIL
Ini biyaw mdakil ka laqi su.	你的孩子長得真快。	Your child is growing fast.	Il grandit vite ton enfant.	DAKIL
Mskluwi ku mita kndkilan laqi su!	看到你孩子的成長我很吃驚（你的孩子長得真快！）。	I am surprised to see your child's growth (how fast your child is growing!).	Je suis surpris de constater la croissance de ton enfant (combien (?) ton enfant grandit vite !).	DAKIL
Wada wada ka kndkilan na hiyi.	他的身體不斷不斷地長大。	And his body keeps on and on growing.	Et son corps continue continue de grandir.	DAKIL
Empdhuq su nanak pdakil ana bilaq ka saw hnigan su nanak hu?	你連讓自己的身體長大一點點都做得到嗎？	Will you even manage to make your own body grow just a little?	Est ce que tu arriveras seulement à faire grandir même un petit peu ton propre corps ?	DAKIL
Aji su kmpkdakil nhuma su trabus hu?	你是不是想讓你種的花生長得好？	Do you wish to make the peanuts you have planted grow well?	Est ce que tu désires faire en sorte que les arachides que tu as plantées poussent bien ?	DAKIL
Biyuq unuh mirit ka mskdakil (skdakil?) balay lqlaqi (lqlqian) rbnaw.	真正使小孩子長大的是羊奶。	It is goat's milk that truly makes little children grow.	C'est le lait de chêvre qui fait vraiment grandir les petits enfants.	DAKIL
Meuwit dara na kika sknarux hyaan.	他的血貧弱（貧血），這就是使他生病的原因。	His blood is anemic; that is what makes him ill.	Son sang est anémié, voilà ce qui le rend malade.	DALA
Urat dara.	血管（靜脈）。	The veins.	Les veines.	DALA
Biyuq (vl. biyuq dara)	淋巴液。	Lymph.	Lymphe.	DALA
Utux baga.	脈搏。	Pulse.	Pouls.	DALA
Ini biyaw madara bi ka uqun su sayang.	不久之後，你現在吃的東西就會變成真正的血。	Before long what you are eating now will become real blood.	Avant peu ce que tu manges maintenant deviendra du vrai sang.	DALA
Pila gndara ka nii, aji ta bi tduwa pspuun pila laqi.	這錢是血錢，絕不可把它和我們兒子的錢混在一起（放在一起）。	This money is blood money; it really cannot be mixed (joined) with our son's money.	Cet argent est le prix du sang, on ne peut vraiment pas le mélanger (le joindre à) avec l'argent de notre fils.	DALA
Ini hari sdara ka npaqan na pucing.	刀傷流血不多。	The knife wound is not bleeding much.	La blessure du coup de couteau ne saigne pas beaucoup.	DALA
Msdara paah skeeman ka luqih mu nii naqih!	我這該死的傷口從昨晚就一直在流血！	This wretched wound of mine has been bleeding since last night!	Cette saleté de plaie que j'ai là saigne depuis hier soir !	DALA
Manu bi ka msdara truma lukus su?	你衣服底下究竟是什麼在流血？	What on earth is bleeding under your clothes?	Qu'est ce donc qui saigne sous tes habits ?	DALA
Ini ekan msdara ka Pisaw.	Pisaw 不吃肉。	Pisaw does not eat meat.	Pissao ne mange pas de viande.	DALA
Msdara hiraw na.	肺癆——咯血。（他患有……）	Phthisis - hemoptysis. (He suffers from...)	Phtisie - Hémoptysie. (Il souffre de.)	DALA
Psdraun mu ka birat niya.	我要在他的耳朵上放血。	I want to bleed his ear (make an incision to let blood).	Je veux lui faire une saignée à l'oreille.	DALA
Ya han! Saun mu psdara kingal rudux uuqun ta keeman kiya.	等一下！我去殺一隻雞當我們今晚的晚餐。	Wait a moment! I am going to go kill a chicken for our supper this evening.	Attends un peu ! Je vais aller tuer une poule pour notre repas de ce soir.	DALA
Empsdara babuy ka anay mu; nhiya bi ka qpahun kiya.	我的姻兄弟是殺豬的；那工作真是他的專長。	My brother-in-law is a pig slaughterer; that work is truly his specialty.	Mon beau frère est saigneur de porcs ; ce travail est vraiment sa spécialité.	DALA
Empsdara ku hici ka babuy mu (sy.= Psdraun mu hici ka babuy mu)	我稍後會宰我的豬（同義：我想稍後再殺我的豬）。	I will slaughter my pig later (syn.: I want to kill my pig later).	Je tuerai mon cochon plus tard (sy.= Je veux le tuer plus tard mon cochon).	DALA
Aji empkhuway ka luqih su, ya sa pnsdraan su kdjiyax.	你要是不停地讓傷口流血，它就不會癒合！	Your wound will not heal so long as you keep making it bleed constantly!	Elle ne guérira pas ta blessure du moment que tu la fais saigner sans cesse !	DALA
Dalih bi sapah su.	就在你家附近。	Very close to your house.	Tout près de chez toi.	DALEX
Ga tdalih (dldalih) bi ka iyaxan na.	他的到來已近在眼前。	His coming is very near.	Sa venue est tout proche.	DALEX
Ma mthiyaq! Mdalih nami bi ka yami.	怎麼會遠！我們其實非常親近（是鄰居，或：是親戚）。	What do you mean, far apart! We are really very close (neighbors, or: relatives).	Comment : éloignés ! Nous nous sommes vraiment tout proches (voisins, ou : parents).	DALEX
Ini bi sdalih ka hiya! Mkla!	他根本不靠近！他心裡清楚（為什麼）！	He does not come near at all! He well knows (why)!	Il ne s'approche (?) pas ! Il sait bien (pourquoi) !	DALEX
Miyah smdalih knan ka laqi su.	你的孩子正向我靠近。	Your child is drawing near to me.	Ton enfant se rapproche de moi.	DALEX
Ima ka msdalih sunan?	是誰在靠近你？	Who is it that is drawing near to you?	Qui est ce qui se rapproche de toi ?	DALEX
Ini ku kskuy, ya sa mdalih ku tahut ka yaku, ga msdalih ka payi su uri.	我不冷，我就在火邊，而且你的岳母也正靠過來。	I am not cold, I am near the fire, and your mother-in-law is drawing near too.	Je n'ai pas froid, je suis près du feu, et ta belle mère aussi se rapproche.	DALEX
Psdlihun mu cicih ka harung kkita su (qqita su?) patas pnatas sktama su.	我把燈（提燈）移近一點，好讓你能看（讀）你先父寫的信。	I am going to bring the lamp (the lantern) a little closer so that you can see (read) the letter written by your late father.	Je vais approcher un peu la lampe (Le falot) pour que tu puisses voir (lire) la lettre écrite par feu ton père.	DALEX
Manu ka ksugun su? Usa nanak; daling bi ka uray.	你怕什麼？儘管去吧！溫泉就在附近。	What are you afraid of? Just go! The hot springs are quite close.	Qu'est ce qui te fait peur ? Va seulement ! Les sources chaudes sont tout proches.	DALING
Sapah Lowking ni sapah Taulan, mdaling bi ka sapah Lowking.	Lauken 的房子比 Taolan 的近（Lauken 的房子和 Taolan 的房子，Lauken 的房子近）。	Lauken's house is closer than Taolan's (Lauken's house and Taolan's house — Lauken's house is near).	La maison de Lauken est plus proche que celle de Taolan (La maison de Lauken et la maison de Taolan, la maison de Lauken est proche).	DALING
Mhada ka uqun do, ga msdaling ka misan uri da.	莊稼成熟時，冬天就不遠了。	When the harvest is ripe, winter is not far off.	Quand la moisson est mûre, c'est que l'hiver n'est pas loin.	DALING
Jiyax jiyax ida msdaling ka jiyax hqilan.	死期一天天逼近。	Day by day the moment of death draws nearer.	De jour en jour le moment de mourir approche.	DALING
Pida bi pdaling alang Murisaka ka dhiya.	正當他們接近 Morisaka 的時候。	Just as they were approaching Morisaka.	Juste au moment où ils approchaient de Morisaka.	DALING
Jyagi ku psdaling cicih hiyi samat.	把那盤野味遞給我一點（幫我拿近一點）。	Pass me (help me bring a little closer) the dish of game.	Passe moi un peu (aide moi à approcher un peu) le plat de gibier.	DALING
Ungat hari damat ka sapah truku.	太魯閣人家的菜餚並不豐富。	Taroko households are not rich in dishes.	Les maisons taroko ne sont pas riches en mets.	DAMAT
Dmatun mu kiya ka tbuwir nii.	這些黃瓜可以給我當菜。	These cucumbers will serve me as vegetables.	Ces concombres vont me servir de légumes.	DAMAT
Ya qdaani ka iraq niya, masuyang bi damat ka kiya.	別把牠的內臟丟掉，那會是一道很好的菜（佐料）。	Don't throw away its entrails, they will make a very good dish (condiment).	Ne jette pas ses tripes, elles vont faire un très bon plat (condiment).	DAMAT
Dmatun mu saman ka qsurux.	我明天就把那些魚端上來當菜。	I will serve them tomorrow, the fish.	Je les servirai demain les poissons.	DAMAT
Dmatun mu qsurux ka saman.	明天就是我端魚上桌的日子。	Tomorrow is the day I will serve fish.	Demain est le jour où je servirai du poisson.	DAMAT
Ya manu bi ka pdmatun su saman?	你明天到底要端什麼給我們吃呢？	What on earth can it be that you are going to serve us tomorrow?	Qu'est ce que cela peut bien être ce que tu vas nous servir demain ?	DAMAT
Kmpdamat ku bi trabus.	我很想讓人把花生當佐料端上來。	I really want to have peanuts served as a condiment.	J'ai bien envie de faire servir des a rachides comme condiment.	DAMAT
Manu bi ka rrawa dha? … Aji! Msndamat ka dhiya.	他們到底在吵什麼？……沒什麼別的：是為了菜餚！	What are they quarrelling about? … It is nothing (other than): it is about dishes!	Qu'est ce qu'ils ont à se disputer ? … Ce n'est rien (d'autre que) : C'est à propos de plats !	DAMAT
Mnusa dmamux sapah Wilang kana ka dsnaw.	我們的男人都去給 Wilang 的房子蓋屋頂了。	All our men have gone to roof Wilang's house.	Tous nos hommes sont partis couvrir la maison de Ouilang.	DAMUX
Hmbuy kana ka dnamux sapah su.	你家的屋頂到處漏水。	The roof of your house leaks everywhere.	Le toit de ta maison coule de partout.	DAMUX
Dnamux ima ka sapah su?	你的房子是誰蓋的屋頂？	Who is it that roofed your house?	Qui est ce qui a couvert ta maison ?	DAMUX
Ungat jiyax ka Awi; mdamux sapah ka hiya!	Awi 沒有空，他正是蓋屋頂的人之一！	Awi has no time — he is one of those doing the roof!	Aoui n'a pas le temps, C'est l'un de ceux qui font le toit, lui !	DAMUX
Ga embiyax bi dmanga kana lqlaqi niya.	他忙著養育（餵養）他所有的孩子。	He is very busy raising (feeding) all his children.	Il est très occupé à élever (nourrir) tous ses enfants.	DANGA
Kmpowsa ku bi ptasan ka Timin mu. Ungat ka mdanga hyaan hini, niqan ka (empdanga) ptasan hiya.	我很想送我的 Timin 去上學……這裡沒有人照顧（餵養）她，而學校裡有。	I would very much like to send my Timin to school. There is no one to look after her (feed her) here, (and) there is someone at the school.	J'aimerais bien envoyer ma Tchiminne à l'école. Il n'y a personne pour s'occuper d'elle (la nourrir) ici, (et) il y en a à l'école.	DANGA
Pida bi dngaan su laqi sida.	正當你餵孩子的時候。	Just when you were feeding your child.	Juste au moment où tu nourrissais ton enfant.	DANGA
Ndnngaan su laqi o, piya ka ga meudus? … Maspat da dnngaan mu laqi ni, ndnngaan mu o, rima ka ga meudus.	我養了八個孩子，我養大的孩子中，五個還在世。	I have raised eight children, and of those I raised, five are living.	J'ai élevé Huit enfants et de ceux que j'ai élevé, cinq sont vivants.	DANGA
Suyang bi kndngaan na laqi ka Mikat.	Micat 真有一套養育孩子的本事。	Micat really has a knack for raising children.	Micat a vraiment le chic pour élever les enfants.	DANGA
Mha su inu dangi?	朋友，你要去哪裡？	Where are you going, friend?	Où vas tu, l'ami ?	DANGI
Nii ka dangi laqi mu.	這是我兒子的未婚妻（我女兒的未婚夫）。	Here is my son's fiancée (my daughter's fiancé).	Voici la fiancée de mon fils (le fiancé de ma fille).	DANGI
Msdangi sayang ka Mikat et Ingay.	Micat 和 Ingaï 今天訂婚。	Micat and Ingaï are getting engaged today.	Micats et Ingaï se fiancent aujourd'hui.	DANGI
Wada piya hngkawas paah sndngiyan Upix su?	你的（兒子……兄弟……朋友）Upix 訂婚已經幾年了？	How many years is it since your (son. Brother. Friend) Upix got engaged?	Il y a combien d'années que ton (fils. Frère. Ami) Opish s'est fiancé ?	DANGI
Huya mu ksun psdangi dhyaan?	你要我怎麼做才能讓他們訂婚？	How do you expect me to get them engaged?	Comment veux tu que je fasse pour qu'ils se fiancent ?	DANGI
Ida bi su sprang dmaaw ka dnduma nlnglungan su.	你很可能故意隱瞞了你的一些想法（心裡的某些事）。	It is quite possible that you are deliberately hiding some of your thoughts (certain things that are in your mind).	Il est bien possible que tu caches volontairement quelques une de tes pensées (certaines choses qui sont dans ta pensée).	DAO
Mdaaw bi ka seejiq nii, ini tana rngagi ana manu.	這個人很會藏話，什麼都不肯告訴我們。	This person is secretive; she will not tell us anything.	Elle est cachottière cette personne, elle ne veut rien nous dire.	DAO
Kii bi dowras ka sapah niya.	他的房子緊挨著岩石。	His house is right next to the rocks.	Sa maison est tout près des rochers.	DAOLAS
Wada priyax dowras ka laqi na.	他的孩子跌落懸崖。	His child fell into a precipice.	Son enfant est tombé dans un précipice.	DAOLAS
Naqih dowriq.	1）視力不好。2）惱怒的——兇惡的——嫉妒的。	1) bad eyesight. 2) irritated — mean — envious.	1) mauvaise vue. 2) irrité - méchant - envieux.	DAOLYAQ
Malu dowriq.	1）目光銳利——視力好。2）以善意的眼光看人。	1) Piercing gaze — good eyesight. 2) To look (on someone) with kindness.	1) Regard perçant - bonne vue. 2) Regarder avec sympathie.	DAOLYAQ
Buwax dowriq.	瞳孔——眼球。	Pupil — eyeball.	Pupille - Globe de l'oeil.	DAOLYAQ
Ubal dowriq.	睫毛——眉毛。	Eyelashes — eyebrows.	Cils - sourcils.	DAOLYAQ
Biyuq dowriq.	眼淚。	Tears.	Larmes.	DAOLYAQ
Mnda mdowriq sapah mu ka payi.	我婆婆到我家來，四處張望。	My mother-in-law came by my house looking at everything.	Ma belle mère est passée chez moi en regardant partout.	DAOLYAQ
Nduwa bi mdowriq.	你要睜大眼睛留神！	Try to keep your eyes open!	Tâche d'ouvrir l'oeil !	DAOLYAQ
Ini biyaw dowriq na.	他非常敏銳！	He is very perceptive!	Il est très perspicace !	DAOLYAQ
Pdriqi bi mita pntasan su patas.	把眼睛睜大，讀你自己寫的信（文字）。	Open your eyes wide to read the letter (the writing) that you wrote yourself.	Ouvre bien grands tes yeux pour lire la lettre (l'écrit) que tu as écrit toi même.	DAOLYAQ
Asaw gndriqan na shiga ka mkla.	他是靠昨天偷看才知道的。	It is thanks to yesterday's prying glances that he knows it.	C'est grâce à regards indiscrets de hier qu'il le sait.	DAOLYAQ
Muda bnaqig o, taan balay ka dapil kacing.	在沙地上（走過沙地時），水牛的蹄印清晰可見。	In the sand (passing through the sand), the buffalo's tracks are very visible.	Dans le sable (passant dans le sable), les empreintes du buffle sont très visibles.	DAPIL
Nduwa bi mdakar tnjyalan pais.	你要盡力躲避（防禦）敵人的攻擊。	Try hard to avoid (to protect yourself from) the enemy's attacks.	Efforce toi d'éviter (de te protéger contre) les attaques de l'ennemi.	DAQAL
Kla saw kiya ka kndkaran dha!	誰想得到他們的禁戒竟到這種地步！	Who would have thought that their abstinence was such!	Qui aurait pensé que leur abstinence fut telle !	DAQAL
Tayal dawi na ka laqi!	這孩子懶到什麼程度啊！	What a layer of laziness this kid has!	Quelle couche de paresse il a ce gosse !	DAWI
Mdawi ku nanak paah snduray.	最近我除了閒著沒別的事可做。	For a short while now I have had nothing else to do but idle.	Depuis peu je n'ai rien d'autre à faire qu'à paresser.	DAWI
Mdawi ku paah snduray nanak.	我是最近才變懶的。	It is only recently that I have been lazy.	Il n'y à que depuis peu que je suis paresseux.	DAWI
Mha ku mdawi alang dha.	我要到家外面（別人的地方）去閒逛一下。	I am going to stroll a bit away from home (in other people's place).	Je vais me promener un peu en dehors de chez moi (dans l'endroit des autres).	DAWI
Klaun ta inu ka kndawi na!	誰能知道他到底有多懶！	How can one know how lazy he is!	Comment peut on savoir combien il est paresseux !	DAWI
Tensu ka pdawi bi lqlaqi ta sayang.	如今是電視讓我們的孩子浪費許多時間。	It is television that makes our children waste a lot of time nowadays.	C'est la télévision qui fait perdre beaucoup de temps à nos enfants aujourd'hui.	DAWI
Manu ka nyahan su shiga pdawi knan?	你昨天為什麼來耽誤我的時間？	Why did you come yesterday to waste my time?	Pourquoi est tu venu hier me faire perdre du temps ?	DAWI
Mha su inu, win (dawin)	朋友，你要去哪裡？	Where are you going, friend?	Où vas tu, l'ami ?	DAWIN
Msdawin kdjiyax muda alang ka Wilang ni Rabay.	Rabay 和 Wilang 經過部落時總是手挽著手。	Rabay and Wilang always walk arm in arm when passing through the village.	Rabay et Ouilang se donnent toujours le bras en passant par le village.	DAWIN
Maxal dha.	十二。	Twelve.	Douze.	DAXA
Dha kbkuy.	兩百。	Two hundred.	Deux cent.	DAXA
Empusal.	二十。	Twenty.	Vingt.	DAXA
Dha balay ka rudux dha.	他們只有兩隻雞。	They have only two chickens.	Ils n'ont que deux poules.	DAXA
Mdha ku sayang da.	這是我現在第二次了。	This is now my second time.	C'est ma deuxième fois maintenant.	DAXA
Mndha ku papa asu shkawas.	去年我搭了兩次船。	Last year I took the boat twice.	L'an passé j'ai pris deux fois le bateau.	DAXA
Masu su bnuwar o, biqi bi pndha nanak.	你分李子的時候，要注意每人給兩個。（一次只給兩個。）	When you share out the plums, take care to give two to each. (To give only two at a time.)	Quand tu partageras (en partageant) les prunes, tu veilleras à en donner deux à chacun.(n'en donner que deux à la fois.	DAXA
Mdha ku sayang ka musa ku mkdha.	這是我第二次（現在是第二次）去兩天了。	This is the second time (it is now the second time) that I am going for two days.	Voilà la deuxième fois (c'est la deuxième fois maintenant) que je vais pour deux jours.	DAXA
Ita binaw! Tdhaun mu ka tlahi su.	過來一下！我要把你的柚子切成兩半。	Come over here a moment! I am going to split your pomelo in two.	Passe voir un peu ! Je vais partager ton pamplemousse en deux.	DAXA
Ya bi ki inu ka msdha elug namu musa daya?	你們往上去的那條路究竟在哪裡分岔？	Where exactly does your road that goes up there fork in two?	Où est ce donc que bifurque votre route qui va là haut ?	DAXA
Kneaguh na kana ka ddhiya ssdhaun na skagul.	他召集所有族人，要把他們兩個兩個地派出去。	He summoned all his people in order to send them out two by two.	Il fit venir tous les siens pour les envoyer deux par deux.	DAXA
Sndha ku hnaluy mu lukus kika meuxul ku bi da.	我把衣服穿了兩層，所以現在很暖和。	I have put on my clothes in double layers, which is why I am now nice and warm.	J'ai revêtu mes habits en double, c'est pourquoi maintenant je suis bien au chaud.	DAXA
Mnusa ku daya dha lqlaqi matas.	我和學童們一起上去了。	I went up with the schoolchildren.	Je suis monté avec les enfants des écoles.	DAXA
Nima ka laqi nii? … Laqi dha!	這是誰的孩子？……是別人的孩子（＝不是我的）。	Whose child is this? … It is the others' child (= not mine).	A qui est cet enfant ? … C'est l'enfant des autres (=pas le mien).	DAXA
Wada dha dmurun taxa hiyi duri.	他們（daxa）又要求多加另一（taxa）個人。	They (daxa) asked for one other (taxa) person in addition.	Ils (daxa) ont demandé une autre (taxa) personne en plus.	DAXA
Ya usa! Uqun su dha!	別去！他們會給你好看（把你吃掉）！	Don't go! They will give you a hard time (eat you)!	Ne va pas ! Ils vont t'en faire voir (te manger) !	DAXA
Thngayan dahu su ka kana elealang ta.	我們所有的部落都充滿了你的榮耀。	All our villages are full of your glory.	Tous nos villages sont pleins de ta gloire.	DAXO
Tmdahu ku bi sunan.	我真誠地尊敬你。	I honor you sincerely.	Je t'honore sincèrement.	DAXO
Tdhuun su bi ka isu uri.	你也值得受頌揚。	You too are worthy of being glorified.	Toi aussi tu es digne d'être glorifié.	DAXO
Balay bi tndhuan dha tuxan ka kiya.	說實在的，那就是他們頌揚神靈的方式。	In truth, that is their way of glorifying the Spirit.	A vrai dire, c'est là leur façon de glorifier l'Esprit.	DAXO
Mntutuy kana sseejiq iyux ptdahu hyaan.	大家都起身，想使他受尊崇。	Everyone stood up with the desire to have him honored.	Tout le monde s'est levé avec le désir de le faire honorer.	DAXO
Mntutuy kana ttdahu hyaan.	眾人都起來頌揚他。	All rose to glorify him.	Tous se sont levés pour le glorifier.	DAXO
Dhuq sapah ka laqi o, dahung kana hiyi na!	孩子一到家，就已滿身（滿身都是）瘀傷。（全身都是一片瘀青。）	On arriving home, the child was (is) all covered in bruises. (His whole body was one bruise.)	En arrivant à la maison, l'enfant était (est) tout plein d'ecchymoses.(Tout son corps était une écchymose).	DAXONG
Asi bi mtdahung kana baga mu da.	以致我的手上滿是瘀傷。	So much so that my hand is covered in bruises.	A tel point que ma main se couvre d'écchymoses.	DAXONG
Msdahung kana dgiyaq qaqay su muda su dowras.	走過岩石時，你的小腿會（就會）滿是瘀傷。	Going through the rocks, your shins will get (get) covered in bruises.	En passant dans les rochers tes tibias se couvriront (se couvrent) d'écchymoses.	DAXONG
Ga qmpah daya biyi mu ka Aman.	Aman 正在我的工寮上方（更高處）工作。	Aman is working above (higher up than) my hut.	Aman est en train de travailler au dessus (plus haut) que ma cabane.	DAYA
Mkdaya ka dhiya.	他們住在更高的地方，住在上面。	They live higher up, up above.	Eux, ils habitent plus haut, en haut.	DAYA
Dmkbreenux ka sayang, saman ka dmkdaya.	今天是平地的人，明天輪到高處的人（上面的人）。	Today it is the people of the plain; tomorrow it is the turn of those of the heights (those from up above).	Aujourd'hui, ce sont ceux de la plaine, c'est demain le tour de ceux des hauteurs (ceux d'en haut).	DAYA
Ya bi dayak knsuyang bi seejiq nii.	不要插手（不要干涉）這位善人的事務。	Do not meddle in (do not interfere with) the affairs of this good man.	Ne te mêle pas des (n'interviens pas dans les) affaires de cet homme de bien.	DAYAK
Paru bi dayaw na tmaan.	他很幫他父親的忙。	He helps his father a great deal.	Il aide beaucoup son père.	DAYAO
Ini ku usa dmayaw hyaan shiga.	昨天我沒有去幫他。	Yesterday I did not go to help him.	Hier, je ne suis pas allé l'aider.	DAYAO
Jyagun misu kiya.	我等一下就去幫你。	I will help you in a little while.	Je vais t'aider tout à l'heure.	DAYAO
Ungat ka mdayaw mu.	沒有人幫我。	There is no one who helps me.	Il n'y a personne qui m'aide.	DAYAO
Ungat ka mdayaw knan.	沒有任何人幫我。	There is not anyone who helps me.	Il n'y a pas quelqu'un qui m'aide.	DAYAO
Ungat ka dmayaw knan.	沒有人幫助我。	Nobody helps me.	Personne ne m'aide.	DAYAO
Ana mkrbuk bi o, ini bi sruwa pdayaw ka ata mu.	我的嫂子再怎麼累，也不肯讓人幫忙。	However tired she may be, my sister-in-law will not accept being helped.	Elle a beau être très fatiguée, ma belle soeur n'accepte pas de se faire aider.	DAYAO
Baka bi jyagan ka sayang da.	現在正是幫忙的時候。	Now is just the time to help.	Il est maintenant temps d'aider.	DAYAO
Kmbarig ku bi kingal pusu djima (jima?) mu.	我很想賣掉我的一片竹林（竹子種植地）。	I would really like to sell one of my bamboo groves (bamboo plantation).	Je voudrais bien vendre une de mes bambouseraies (plantation de bambous).	DDIMA
Gamil, lxi, hiyi, kulaw, pungu, dudux: niqan kana kiya ka kingal pusu djima (jima)	根、嫩筍、莖、節間、節、梢：一株竹子這些全都具備。	Roots, young shoots, the stem, the internodes, the nodes, the top: a bamboo plant possesses all of that.	Racines, jeunes pousses, la tige, l'entre-noeuds, les noeuds, la cime : un pied de bambou possède tout celà.	DDIMA
Tnhici bi tnjyalan paru do, Amirika ka dnjiyal Nihung.	上次大戰時，是美國戰勝了日本。	In the last great war, it was America that defeated Japan.	Lors de la dernière grande guerre, c'est l'Amérique qui a vaincu le Japon.	DDIYAL
Mkeekan namu snii do, ima ka balay bi mdgiyal?	你們最近交手時，到底是誰真的贏了？	When you fought each other just recently, who is the one who really won?	Lorsque vous vous êtes affrontés tout dernièrement, quel est celui qui a vraiment gagné ?	DDIYAL
Ima bi ka ini baka?	究竟是誰輸了？	Who in fact is the one who lost?	Quel est en fait celui qui a perdu ?	DDIYAL
Ini ku kla smpug (= Ini mu klai smpug) knlala dnegyalan mu hyaan.	我數不清我贏過他多少次。	I cannot manage to count the number of times I have beaten him.	Je n'arrive pas à compter le nombre de fois où je l'ai vaincu.	DDIYAL
Dngdang bi ka malu mahun.	要滾燙的才好喝！	It is when it is really boiling that it is good to drink!	C'est très bouillant que c'est bon à boire !	DENGDANG
Mhuaw ku bi; aji niqan dngdang su hu?	我好渴；你沒有熱水嗎？	I am very thirsty; wouldn't you have some hot water?	J'ai bien soif ; N'aurais tu pas de l'eau chaude ?	DENGDANG
Dngdang ni sinaw o, dngdang ka malu, asi ka mdngdang balay.	滾水和酒之間，我比較喜歡滾水，但必須是真正滾燙的。	Between boiling water and alcohol, I prefer the boiling water, provided that it is really boiling.	De l'eau bouillante et de l'alcool, je préfère l'eau bouillante, à condition qu'elle soit bien bouillante.	DENGDANG
Mdngdang ka bgu pajiq nii; uqi nhari.	這鍋菜湯很熱（滾燙）；快趁熱吃！	This vegetable broth is nice and hot (boiling); eat it quickly!	Ce bouillon de légumes est bien chaud (bouillant) ; mange le vite !	DENGDANG
Ana ungat bi jiyax su o, pkdgdangi cicih laqi su hu?	就算你真的沒空，可以請你女兒稍微熱一點（水）嗎？	Even if you really do not have time, will you have your daughter heat up a little (water)?	Même si tu n'as vraiment pas le temps, veux tu faire réchauffer un peu (d'eau) par ta fille ?	DENGDANG
Mnusa nami tuhuy pngpung dgiyaq.	我們去山頂上散步了。	We went for a walk to the top of the mountain.	Nous sommes allés nous promener au sommet de la montagne.	DGIYAQ
Klaun mu kana ka ddgiyaq mkbukuy sapah.	我認識我們家後面所有的山。	I know all the mountains behind our home.	Je connais toutes les montagnes derrière chez nous.	DGIYAQ
Ga ku psnama cicih hdayu uusa ta dgiyaq saman, ya sa ungat hari uqun ka mqdgiyaq.	我準備一點乾糧，好明天上山，因為山上沒有多少東西可吃！	I am preparing a little snack for going into the mountains tomorrow, for there is not much to eat in the mountains!	Je prépare un peu de casse croûte pour aller demain dans la montagne, car il n'y a pas beaucoup à manger en montagne !	DGIYAQ
Wada ku na paqun dgiyaq papak mu.	他（用刀）砍了我的小腿前側（脛骨）。	He struck me (with the machete) on the front of the legs (the shins).	Il m'a frappé (avec le coutelas) le devant des jambes (les tibias).	DGIYAQ
Uxay ddaan tdruy ka elug ga, suqi mdgril da; nii ka ini hari kdgril.	那條路可不是汽車走的通道！它實在太窄了；這一條倒不窄！（並非完全狹窄，比較不窄）。	That road there is no passage for cars! It is far too narrow; This one is not narrow! (is not entirely so, is less narrow).	Cette route là n'est pas un passage pour voitures ! Elle bien trop étroite ; Celle ci n'est pas étroite ! (n'est pas tout à fait, est moins étroite).	DGLIL
Llabang bi ka qnrian su! Pkdgrili cicih! … Iq! Pkdgrilun mu kiya.	你挖的溝真寬！你得把它弄窄一點！……好！我待會兒就把它弄窄，行吧！	The trench you have dug is very wide! You must narrow it a little! … All right! I will narrow it in a little while, agreed!	Elle est bien large la tranchée que tu as creusée ! Il te faut la rétrécir un peu ! … Je la rétrécirai tout à l'heure, d'accord !	DGLIL
Ini su tai ka kndgril na hu?	你難道沒看見它有多窄嗎？	Do you not see, then, how narrow it is?	Tu ne vois donc pas comme elle est étroite ?	DGLIL
Dhqun su smpung kndgrlan niya hu?	你量得出它有多窄嗎？	Will you manage to measure its narrowness?	Parviendras tu à mesurer son étroitesse ?	DGLIL
Nii ka samaw, jijil binaw, meuwit ku da.	燈籠在這裡，你（用手）拿一下，我累了。	Here is the lantern, hold it a moment (in your hand), I am tired.	Voici la lanterne, tiens la un peu (à la main), je suis fatigué.	DIDIL
Niqan djilun su hu?	你有什麼要（用手）提的東西嗎？	Have you something to carry (in your hand)?	As tu quelque chose à porter (à la main) ?	DIDIL
Wada na hciun hini kana ka dnjilan na.	他把手上提的東西全都留在這裡了。	He left here everything he was carrying in his hand.	Il a laissé ici tout ce qu'il portait à la main.	DIDIL
Miing ku seejiq ka mjijil qnqaya mu.	我在找幫我提東西的人。	I am looking for the person who carries my things.	Je cherche la personne qui porte mes affaires.	DIDIL
Ini mu klai ima ka wada djilan nadas mu shiga paah buluq.	我查不出到底是誰把我從Boloq（=山谷的另一邊）帶回來的東西拿走了。	I cannot find out who could have carried off what I had brought back from Boloq (= from the other side of the valley).	Je n'arrive pas à savoir qui a bien pu emporter ce que j'avais ramené de Boloq (=de l'autre côté du val).	DIDIL
Rmngaw su ka isu o, jima wada ka hiya da.	你還在說話的時候，他已經走了。	While you are talking, he has already left.	Pendant que tu parles, lui est déjà parti.	DIMA
Ana ini su rngaw o, jima ku mkla.	即使你不說，我也早就知道了。	Even if you do not say it, I know it in advance.	Même si tu ne le dis pas, je le sais d'avance.	DIMA
Ana ini su rmngaw! Jima ku mkla.	你不必說了！我早就知道了。	There is no need for you to speak! I know it in advance.	Ce n'est pas la peine que tu parles ! Je le sais d'avance.	DIMA
Jiyan ka malu bi daan, uxay keeman.	大白天路才好走（路況好），而不是夜裡。	It is in broad daylight that the road is easy (fine, good), and not at night.	C'est en plein jour que la route est facile (belle, bonne) et non pas la nuit.	DIYAN
Tutuy! Jiyan bi da!	起來！天已經大亮了。	Get up! It is already broad daylight.	Lève toi ! Il fait déja grand jour.	DIYAN
Saw kiya knjyanan do, ida ini su kla mita?	這麼亮，你難道還看不見嗎？	In such brightness, can you still not see?	Par un telle clarté, tu ne vois donc pas ?	DIYAN
Dka balay ka nangal mu.	我只拿了剛好一半。	I took only the exact half.	Je n'ai pris que l'exacte moitié.	DKA
Mdka hari ka lukus nami.	我們的衣服幾乎一樣。	Our clothes are almost the same.	Nos habits sont presque les mêmes.	DKA
Mdka bi nhuling ka ndaan su.	你的行為就像狗一樣（與狗的行為相同）。	Your behaviour was that of a dog (the same as a dog's).	Ton agissement a été celui d'un chien (égal à celui d'un chien.	DKA
Mdka ta balay ka ita.	我們倆完全一樣（處境相同、同病相憐……）。	We, for our part, are exactly the same (at the same point, in the same boat.).	Nous sommes, nous, exactement les mêmes (au même point, à la même enseigne.).	DKA
Mdka su qbhni: ini su hari ttama.	你就像鳥兒：很少待在同一個地方。	You are like the birds: you do not often stay in the same place.	Tu es comme les oiseaux : tu ne restes pas souvent à la même place.	DKA
Nangal seejiq ni nangal mu o, ini kdka.	別人領到的和我領到的，並不一樣。	What the others received and what I received are not the same thing.	Ce que les autres ont reçu et ce que j'ai reçu, ce n'est pas la même chose.	DKA
Kingal ni dmka (vl. Kingal ni smka)	一個半。	One and a half.	Un et demi.	DKA
Pdkaun mu masu ka pila namu.	我會把你們的錢平分。	I will divide your money into equal shares.	Je partagerai votre argent en parts égales.	DKA
Pdkai bi kana laqi su mita.	對你所有的孩子要一視同仁。	Behave impartially toward all your children.	Comporte toi d'une façon impartiale envers tous tes enfants.	DKA
Pdkaun mu manu ka qntaan mu.	我該拿什麼來比擬我所見的呢？	To what shall I compare what I have seen?	A quoi vais je comparer ce que j'ai vu ?	DKA
Ini tduwa pdka seejiq ni rungay.	人和猴子是不能相比的。	One cannot compare people and monkeys.	On ne peut comparer des personnes et des singes.	DKA
Pdkaan su pila ni kdusan o, naqih!	你把金錢和生命相提並論……你錯了。	You are comparing (putting on the same footing) money and life. You are wrong.	Tu compares (mets sur le même pied) argent et vie. Tu as tort.	DKA
Rdrudan ni lqlaqi o, ini pndka.	大人和小孩，並不一樣。	Adults and children are not the same thing.	Les adultes et les enfants, ce n'est pas la même chose.	DKA
Pndkaun mu ndaan su qmpah.	我會照你的做法去做。	I will do as you do.	Je ferai comme toi.	DKA
Malu ka pndkaan su ndaan dha masu.	你效法他們分配的方式（照他們那樣去分）是對的。	You were quite right to imitate their way of carrying out the division (of sharing as they did).	Tu as bien eu raison d'imiter leur façon de procéder au partage (de partager comme ils l'ont fait).	DKA
Mqaras ku bi mita kndkaan namu matas.	看到你們以同樣的熱忱用功，我非常高興。	I greatly rejoice to see how you all work with the same zeal.	Je me réjouis beaucoup de voir combien vous travaillez avec la même ardeur.	DKA
Ga msdka tmalang ka dhiya.	他們兩人正在賽跑較量。	They are competing with each other in a race.	Ils sont en train de se mesurer à la course.	DKA
Mha namu psdka kngkla namu.	你們要比一比你們的學識。	You are going to compare your knowledge.	Vous allez comparer vos connaissances.	DKA
Psdkaun mu kiya ka tlaman dha.	我要去為他們的賽跑當裁判。	I am going to referee their race.	Je vais aller arbitrer leur course.	DKA
Ima ka empsdka tlaman dha?	誰要為他們的賽跑當裁判？	Who will referee their race?	Qui va arbitrer leur course ?	DKA
Gisu ka empsdka tmalang.	賽跑的選手來了！	There are the runners!	Voilà les coureurs !	DKA
Ana tmalang, ana staril, ana qmada, niqan kana; saman ka psdkaan dha.	賽跑、跳躍、投擲，樣樣都有；比賽項目明天舉行。	The race, the jump, the throw; there is everything; It is tomorrow that the events will take place.	Et la course, et le saut, et le lancement ; il y a tout ; C'est demain qu'auront lieu les épreuves.	DKA
Tayal bi ka drumut namu sayang da.	哎呀！今天多麼賣力呀！	Oh my! What zeal today!	Oh la ! Quelle ardeur aujourd'hui !	DLMUT
Mdrumut bi matas ka laqi mu kuyuh, ini hari kdrumut ka snaw.	我女兒讀書非常用功，我兒子卻不然！	My daughter is very diligent in her studies, my son is not!	Ma fille est très appliquée dans ses études, mon fils non !	DLMUT
Kdrumut bi matas.	要用功讀書！	Be diligent in your study work!	Sois diligent dans ton travail d'étude !	DLMUT
Lnglung nanak saw kndrumut bi qmpah swayi su.	你只要想想你弟弟工作多麼賣力。	Just think how hard your little brother works.	Reflechis seulement combien ton petit frère travaille avec ardeur.	DLMUT
Tayal kndrumut su!	你真勤奮！	How diligent you are!	Comme tu es diligent !	DLMUT
Asaw kndrmtan laqi su ka embliqan namu kiya.	你們能有那樣的福氣（那份財富），全靠你們兒子的拚命努力。	It is to your son's relentless effort that you owe that good fortune (that wealth).	C'est à l'acharnement de votre fils que vous devez ce bonheur (cette richesse) là.	DLMUT
Ima ka mdrut buwax mu?	磨我的米的人是誰？	Who is it that grinds my rice?	Qui est celui qui moud mon riz ?	DLUT
Ga inu ka dnrut mu masu?	我磨好的小米在哪裡？（或：你哪裡見過我磨小米？）。	Where is the millet I ground? (var.: Where did you see that I ground any millet?).	Où est le millet que j'ai moulu ? (vl. Où as tu vu que j'ai moulu du millet ?).	DLUT
Wada dha brigun tru dmut.	他們把它賣了三十錢。	They sold it for thirty denarii.	Ils l'ont vendu trente deniers.	DMUT
Ungat bi ana kingal dmux payay sapah mu.	我家裡真的連一粒稻穀都沒有！	There is truly not a single grain of paddy in my house!	Il n'y a vraiment pas un grain de paddy chez moi !	DMUX
Suqi mdngil ka idaw masu su; ini kdngil ka nshiga.	你煮的小米飯太黏了；昨天的就不會。	Your cooked millet is too sticky; yesterday's was not.	Ton millet cuit est trop visqueux ; celui de hier ne l'était pas.	DNGIL
Nangal mu dara kacing sapah su o, mdngil kana da!	我從你家拿來的水牛血，現在全都凝結了！	The buffalo blood I got at your house — there it is, all congealed.	Le sang de buffle que j'ai pris chez toi, le voilà tout coagulé.	DNGIL
Kita bi kndngilan baga mu.	你看看我的手有多黏！	Just look how sticky my hands are!	Regarde un peu comme mes mains sont gluantes !	DNGIL
Mdngu ka payay ni, ini kdngu ka beyluh.	我的稻穀乾了，而（但）豆子還沒乾。	My paddy is dry and (but) the beans are not.	Mon paddy est sec et (mais) les haricots ne le sont pas.	DNGO
Asi bi mndngu knsgan na ka laqi.	以致那孩子嚇得都僵住（嚇乾）了！	To such a point that the child dried up (froze) with fear!	A tel point que l'enfant (en) a sèché de peur !	DNGO
Pkdngu nhari ka thuun su, ini kdngu do, ini sqama uri.	快把你的柴火弄乾，不乾的話也燒不起來。	Quickly dry your firewood; if it is not dry it cannot burn either.	Fais vite sècher ton bois de chauffage, s'il n'est pas sec il ne peut pas non plus brûler.	DNGO
Pkdnguun su knuwan ka sqmu su?	你什麼時候要曬你的玉米？	When will you dry your maize?	Quand feras tu sècher ton maïs ?	DNGO
Tai ka Rabay o, ana dha ksun kdngaan, mataru idas ka hnjilan na da.	至於Rabay，儘管他們說她不孕，如今她已懷孕六個月了（她的身孕已有六個月）。（註：為何形式不是Kdngoan？AN的附加方式是否有所不同？例如SALU＝建造，可得1) Sluan＝所建之物；2) slaan＝建造之處。？？）	As for Rabay, even though they said she was sterile, she has now been pregnant for six months (her pregnancy already dates back six months). (n.b. Why is the form not Kdngoan? Might there be a difference in the affixation of AN? E.g. with SALU = to build, one gets 1) Sluan = what is built; 2) slaan = the place where one builds??).	Quant à Rabay, même s'ils la disaient stérile, voilà six mois qu'elle est enceinte (elle date déjà de six mois sa pesanteur). (nb. Pourquoi n'est ce pas la forme : Kdngoan ? Y aurait il une différence dans l'affixation de AN ? Par ex. Avec SALU = construire ; on obtient 1) Sluan = ce qu'on construit ; 2) slaan = L'endroit où l'on construit ??).	DNGO
Yaku do (vl. Yaku do o), ini mu klai.	至於我（說到與我有關的事），那非我所知（我不知道）。	As for me (coming to what concerns me), it is not within my knowledge (I do not know).	Pour ce qui est de moi (en arrivant à ce qui me regarde), ce n'est pas de mon savoir (je ne sais pas).	DO
Yaku o, ini ku kla.	我呀，我不知道！	Me, I do not know!	Moi, je ne sais pas !	DO
Asi do.	突然——立刻——馬上。	Suddenly - at once - immediately.	Soudain - aussitôt - sur l'heure.	DO
Miyah ku duri.	1) 我回來了；2) 我再次前來。	1) I am coming back; 2) I am coming again.	1) Je reviens ; 2) Je viens de nouveau.	DOLE
Ita duri.	1) 再把它遞給我；2) 再多給我一點；3) 又是我們。	1) Pass it to me again; 2) Give me a little more of it; 3) It is us again.	1) Passe (le) moi de nouveau ; 2) Donne m'en un peu plus ; 3) C'est encore nous.	DOLE
Duri o.	此外。	Besides.	En outre.	DOLE
Duri ni.	而且還有。	And in addition.	Et en plus.	DOLE
Mniyah ka duma, ini iyax ka duma.	有些人來了，有些人沒來。	Some came, others did not.	Certains sont venus, d'autres non.	DOMA
Uxay kana ka bnuway pila, duma nanak.	並不是所有人都出了錢（或：不是人人都出了錢），只有少數幾個。	It is not everyone who gave money (var.: not everyone gave money), only a few.	Ce n'est pas tout le monde qui a donné l'argent (vl. Tout le monde n'a pas donné l'argent), quelques uns seulement.	DOMA
Duma na.	（其中的）一部分。	A part (of that).	Une partie (de celà).	DOMA
Ga inu ka Aman? … Ima mkla! Duma miyah duma ini iyax ka hiya.	Aman在哪裡？……誰知道？他這個人有時來，有時不來。	Where is Aman? … Who knows? Sometimes he comes, sometimes he does not come, that one.	Où est Aman ? … Qui sait ? Parfois il vient, parfois il ne vient pas, lui.	DOMA
Duma dha.	他們當中的一些人。	Some of them.	Certains d'entre eux.	DOMA
Malu bi ka duma dha.	他們當中有些人很好。	Some of them are good.	Certains d'entr'eux sont bien.	DOMA
Uxay ku msa: kana! Dnduma ka ini tduwa.	我沒有說：全部！只是少數幾個不盡本分（一無是處）的人。	I did not say: All! Only a few who do not do their duty (who are worthless).	Je n'ai pas dit : Tous ! Quelques uns seulement qui ne font pas leur devoir (qui ne valent rien).	DOMA
Knrian su sknuwan ka duhung su nii?	你這個臼是什麼時候鑿的？	When did you hollow out this mortar of yours here?	Quand l'as tu creusé ton mortier que voilà ?	DOXONG
Sbtan dha dqras niya ka shiga.	昨天就是他們打他臉的日子。	Yesterday is the day they struck him in the face.	Hier c'est le jour où ils l'ont frappé au visage.	DQ'LAS
Sbtan dha ka dqras niya.	他們打的正是他的臉。	It was in the face that they struck him.	C'est au visage qu'ils l'ont frappé.	DQ'LAS
Dqras sapah na o, malu! Tai (ta) manu ka bukuy na do o, ini ta klai.	他房子的正面很好！至於後面如何，就不得而知了！	The front of his house is fine! As for its rear part, nobody knows!	La façade de sa maison est bien ! Quant à sa partie arrière, on ne le sait pas !	DQ'LAS
Ini nami hari tai (qtai?)! Yahi nami bi dmudul ka isu kika empdhuq nami mhaal kdagun nii.	我們看不太清楚；你來帶領我們吧，這樣我們才能扛得動這重擔。	We cannot see very well; so come lead us and we will manage to carry this heavy load.	Nous ne voyons pas très bien ; viens donc nous conduire ainsi nous arriverons à porter ce poids lourd.	DUDU
Niqan ka mdudul o, na, lxan da.	如果有人帶領我們，那就容易了。	If there is someone to lead us, then it will be easy.	S'il y a quelqu'un qui nous conduit, alors ce sera facile.	DUDU
Yahun misu pdudul.	我會來讓你帶領我。	I will come and have you lead me.	Je viendrai me faire conduire par toi.	DUDU
Cihung ka dmudul gnluban dcristu alang Miharasi.	在Miharasi帶領基督徒團體的是Cihung。	It is Cihung who leads the Christian community at Miharasi.	C'est Tchirhong qui dirige la communauté chrétienne à Mihalashi.	DUDUL
Kmpgrig namu lqlaqi o, ima ka ngalun namu mdudul dha?	你們想讓孩子們跳舞；你們要請誰來當舞蹈老師？	You would like to have your children dance; whom will you take as dance master?	Vous aimeriez faire danser vos enfants ; qui prendrez vous comme maître de danse ?	DUDUL
Ini dha hari snhiyi ddulan su! … Ana ququ su malix hu?	你的領導不太有效（他們不太聽從你的指揮）；讓出位子你不介意吧？	Your leadership is not very effective (they are not very docile to it); would you mind stepping aside?	Elle n'est pas très efficace (ils ne sont pas très dociles à) ta direction ; celà ne te ferait rien de laisser la place ?	DUDUL
Dndulan Aput seuxal seuxal ka malu.	從前Aput的領導方式才是好的。	It was Aput's way of leading in the old days that was good.	C'est la methode de direction d'Aputs autrefois qui était bonne.	DUDUL
Asaw dndulan dha.	這是多虧了別人的好指導。	It is thanks to the good guidance of others.	C'est grâce aux bons conseils des autres.	DUDUL
Kingal pusu qhuni o, qthur ka pusu ni qling bi ka dudux niya.	一棵樹，底部粗大，樹梢細小。	In a tree, the base is thick and the top is slender.	Dans un arbre, la souche est grosse et la cime est fine.	DUDUX
Ini ku duuy ana manu ka yaku.	我兩手空空（我一無所有）。	My hands are completely empty (I have nothing).	J'ai les mains completement vides (je n'ai rien).	DUI
Ita sowki su, ungat jiyun mu.	把你的小鐮刀遞給我，我沒有任何工具。	Pass me your little sickle, I have no tool at all.	Passe moi ta petite faucille, je n'ai aucun outil.	DUI
Ya keisug, yahun misu dmuuy baga.	別怕，我會來幫你（牽著你的手）。	Don't be afraid, I will come help you (hold you by the hand).	N'aie pas peur, je viendrai t'aider (te tenir par la main).	DUI
Yahi ku bi dmuuy baga.	來救我（把我從困境中拉出來）。	Come save me (pull me out of this predicament).	Viens me sauver (me tirer de ce mauvais pas).	DUI
Ya usa sdalih da! Ini su tai? Ga dmuuy pucing ka gaga!	別靠近！你沒看見嗎？那個人手裡拿著刀！	Don't go near! Don't you see? That one there is armed with a knife!	Ne va pas t'approcher ! Tu ne vois pas ? Il est armé d'un couteau celui là !	DUI
Ga dmuuy laqi ka Ribix.	Ribix有了孩子（剛生了孩子）。	Ribix has a child (has just had a child).	Libish a un enfant, (vient d'avoir un enfant).	DUI
Ini ta kla smpug ka ana manu dmuuy na.	他所擁有的東西多得數不清。	One cannot manage to count everything he possesses.	On n'arrive pas à compter tout ce qu'il possède.	DUI
Klaun su dmuuy puniq hu.	你會用槍嗎？	Do you know how to use a gun?	Sais tu te servir d'un fusil ?	DUI
Mha lala bi djiyun ta ka musa ta alang paru.	如果我們進城，就需要很多錢。	We are going to need a lot of money if we go to town.	Il va nous falloir beaucoup d'argent si nous allons en ville.	DUI
Ana ta khaya qngqrinut, ana ta knriwa mnarux, ana ta saw sgealu bi, ungat bi ka mduuy baga.	任憑再怎麼貧窮、再怎麼重病、再怎麼可憐（值得憐憫），也沒有人來伸出援手（幫忙）。	However poor one may be, however gravely ill, however wretched (as if worthy of pity), there is nobody who comes to lend a hand (to help).	On a beau être pauvre comme ça, on a beau être gravement malade, on a beau être misérable (comme digne de pitié), il n'y a personne qui vienne donner une main (aider).	DUI
Mduuy baga.	幫助——拯救——安慰。	To help - to save - to comfort.	Aider - sauver - réconforter.	DUI
Mdduuy baga.	彼此牽手——手牽著手（本義與引申義）。	To join hands - hand in hand (literal and figurative).	Se donner la main - la main dans la main (propre et figuré).	DUI
Nasi ta balay bi mnswayi o, kasi ta mdduuy baga da.	如果我們真是弟兄，那我們就必須互相幫助。	If we are truly brothers, then we must help one another.	Si nous sommes vraiment frères, il faut alors que nous nous entr'aidions.	DUI
Pjiyi ku ana wana pucing su.	給我點東西（放在我手裡），哪怕只是你的刀。	Give me something (into my hands), even if only your machete.	Donne moi quelque chose (entre les mains), ne serait ce que ton coutelas.	DUI
Ana su pjiyun laqi ka phpah su.	這些花你大可讓孩子拿著（拿去）。	You could well have the child hold (carry) these flowers of yours.	Tu pourrais bien les faire (?) tenir (porter) par l'enfant ces fleurs.	DUI
Pjiyi laqi ka phpah su.	把花遞給小孩。	Pass the flowers to the kid.	Passe les fleurs au gosse.	DUI
Ini hari sruwa pduuy gaya nami ka dnihung.	日本人根本不願讓我們遵行我們的習俗！	The Japanese hardly cared to let us follow our customs!	Les japonais ne tenaient guère à nous laisser suivre nos coutumes !	DUI
Jiyan su na baga ka swayi su.	你的弟弟牽著你的手。	Your little brother was holding you by the hand.	Ton petit frère te tenait par la main.	DUI
Aji niqan djiyun ka nii hu?	這個有什麼用處嗎？	Is this of any use?	Est ce que ceci est de quelque utilité ?	DUI
Mmha sida ka tama o, ungat ana manu jiyun na.	爸爸準備出發時，手上什麼都沒有（沒有武器、工具或行李（視上下文而定））。	When father was getting ready to leave, he had nothing in hand (no weapon, no tool, no luggage (depending on the context)).	Quand papa se préparait à partir, il n'avait rien en main (ni arme, ni outil, ni bagages (selon le contexte)).	DUI
Embiyax ku bi sayang da, ana ini ku sduuy ana manu da!	我現在身體好了，不必再扶著任何東西了！	Here I am now in good shape; I can do without holding on to anything at all.	Me voilà maintenant en bonne forme, je puis me dispenser de me tenir à quoi que ce soit.	DUI
Wada sduuy pucing ka Wilang da.	Wilang去拿了（或：手按上了）他的刀。	Wilang went and armed himself with (var.: laid his hand on) his machete.	Ouilang est allé s'armer de (vl. la main sur) son coutelas.	DUI
Mpgeeguy ku hu ka sduuy namu pucing ni sbut?	我是強盜嗎，竟讓我看見你們拿著刀棒？	Am I a thief (to the point) that I should see you armed with machetes and sticks?	Suis je un voleur (au point) que je vous voie armés de coutelas et de bâtons ?	DUI
Misu ku muda hakaw! Ungat ka sjiyan.	我不敢過橋！沒有護欄！	I am afraid to cross the bridge! There is no parapet!	J'ai peur de passer sur le pont ! Il n'y a pas de parapet !	DUI
Hbaraw seejiq wada sjiyan utux naqih.	許多人被惡靈附身。見SDUI。	Many people were possessed by an evil spirit. See SDUI.	De nombreuses personnes étaient possédées par un ésprit méchant. Vr. SDUI.	DUI
Manu ka yahan su dmurun sayang?	你現在來要求什麼？	What have you come to ask for now?	Que viens tu demander maintenant ?	DULUN
Manu ka sqaun su dmurun.	你為什麼不好意思開口要求？	Why are you ashamed to ask?	Pourquoi as tu honte de demander ?	DULUN
Drnani Banan hu?	讓Iban去要求，好嗎？	Have Iban ask for it, will you?	Fais le demander par Iban, veux tu ?	DULUN
Naqih bi drunun ka nii!	1) 這是件難以開口要求的事；2) 這個人不容易求（他很硬，不輕易答應）。	1) This is a difficult thing to ask for; 2) This person is not easy to entreat (he is hard, he does not accept easily).	1) Ceci est une chose difficile à demander ; 2) Celui ci n'est pas facile à prier (il est dur, il n'accepte pas facilement).	DULUN
Pyasi cicih! Hbaraw bi hiyi ka mdurun.	唱一下吧！有很多人求著要聽呢。	Sing a little! There are many who ask for it.	Chante un peu ! Il y en a beaucoup qui le demandent.	DULUN
Mdurun ku sunan.	我就是求你的人。	I am the one who asks you.	Je suis celui qui te demande.	DULUN
Dmurun ku sunan.	我求你。	I ask you.	Je te demande.	DULUN
Bnhangan su bi nanak ka dnrunan dha hu?	你有親耳聽清楚他們所請求的事嗎？	Did you clearly hear for yourself what they asked for?	As tu bien entendu personnellement ce qu'ils ont demandé ?	DULUN
Drnani bi Banan ka nkuxul su.	你想要的東西，請託Iban代為請求。	Have Iban ask for what you desire.	Fais demander par Iban ce que tu désires.	DULUN
Mtutuy ku sdurun mu Tmaan.	我在這裡（我起身）向天父祈求。	Here I am (I rise) to pray to the Father.	Me voici (je me lève) pour prier le Père.	DULUN
Manu bi ka sdurun su kdjiyax?	你到底是怎麼了，竟不停地請求？	What has got into you, that you keep asking without cease?	Qu'est ce qui te prend pour demander sans cesse.	DULUN
Mdungus bi ka dmayaw sunan.	有人幫助你是完全理所當然的。	It is entirely normal that you should be helped.	C'est tout à fait normal qu'on t'aide.	DUNGUS
Msdungus bi qmpahan niya ka hiya.	他真是為他的工作而生（或：他工作得很盡心）。	He is truly made for his work (var. He works conscientiously).	Il est vraiment fait pour son travail (vl. Il travaille consciencieusement).	DUNGUS
Yaku ni Iwal balay bi msdungus nami.	Iwal和我彼此十分相合。	Iwal and I get along perfectly.	Iwal et moi nous nous accordons parfaitement.	DUNGUS
Kndux bi ka lukus mu.	我的衣服很厚。	My clothes are very thick.	Mes habits sont bien épais.	DUX
Dmurun lqian na ka Teykung pgthiyaq hngali hari.	Taicong要他的孩子們稍微走遠一點。	Taicong asks his children to move away a little.	Taicong demande à ses enfants de s'éloigner un peu.	DXDYEQ
Dxgal o, niqan malu, niqan naqih balay bi kiya, ida kana asi ka drumut seejiq ka embuway uqun.	土地確實有好有壞！但無論哪一塊，都要靠勤奮努力才能出產糧食。	As for land, there is good and there is bad, it is true! But for all of them, it is through hard-working diligence that they will yield food.	Du terrain il y en a du bon, il y en a du mauvais, c'est vrai ! Mais, pour tous, c'est par l'ardeur laborieuse qu'ils donneront la nourriture.	D'XGAL
Mhdu mdxgal kana sudu su da.	你的雜草全都已化成泥土了。	All your weeds, there they are, turned into earth.	Toutes tes mauvaises herbes, les voilà devenues terre.	D'XGAL
Ida ta empaadxgal kana.	無論願不願意，我們終將全部歸於塵土。	Whether we like it or not, we shall all become earth.	Qu'on le veuille ou non, nous deviendrons tous terre.	D'XGAL
Balay bi yaku ka tndxgal.	這塊地的主人確實是我。	It is truly I who am the owner of the land.	C'est vraiment moi le propriétaire du terrain.	D'XGAL
Balay bi, yaku ka tndxgal.	說實在的，地主就是我。	To tell the truth, I am the owner.	A dire vrai, c'est moi le propriétaire.	D'XGAL
Mdhriq balay ka phdagan su.	你的曬場（用來曝曬、晾乾東西的地方）非常平整。	Your drying ground (for exposing things to the sun, for drying) is very even.	Ton aire (pour exposer au soleil, pour sècher) est très unie.	D'XLEQ
Mdhriq balay ka dqras uwa su.	你女兒的臉容光煥發（亮麗，洋溢著健康）。	Your daughter's face is radiant (shining, glowing with health).	Le visage de ta fille est radieux (brillant, respirant la santé).	D'XLEQ
Pdhriqi binaw ka tskui su.	把你的桌子稍微擦乾淨吧。	Come on, clean your table a little.	Nettoie donc un peu ta table.	D'XLEQ
Pdhriqun su knuwan ka nqsahur su?	你打算何時潔淨你的心？（你心裡所存的）。	When do you intend to purify your heart? (What is in your heart).	Quand penses tu purifier ton coeur ? (Ce qu'il y a dans ton coeur).	D'XLEQ
Tai ta ima ka empdhriq sapah na puyan!	真不知道誰會去替她把廚房擦得發亮！	I really wonder who is going to make her kitchen shine for her!	Je me demande bien qui va lui faire briller sa cuisine !	D'XLEQ
Qntaan su ka suyang bi qndhriqan na hu?	你看到它那令人讚嘆的潔淨（那絕佳的光澤）了嗎？	Have you seen its marvelous cleanliness (its marvelous polish)?	Tu as vu sa merveilleuse propreté (son merveilleux poli).	D'XLEQ
Msdhriq bi shiga ka elug; ini ksdhriq ka sayang.	昨天路很滑；今天不滑了。	Yesterday the road was slippery; today it is not.	Hier la route était glissante ; aujourd'hui elle ne l'est pas.	D'XLEQ
Qdaan su dxgal ka ayang su o, psdhriqun su kana ka uda dha.	你把你的油脂倒在地上，會把他們走的路（通道）弄得整個滑溜溜的。	By throwing your grease on the ground, you will make their path (their way through) all slippery.	En jetant par terre ta graisse, tu vas rendre tout glissant leur chemin (leur passage).	D'XLEQ
Uxay manu, knsdhriqan elug ka ksugun mu.	令我害怕的，不過是路面濕滑罷了。	What frightens me is nothing but the slippery state of the road.	Ce qui me fait peur ce n'est que l'état glissant de la route.	D'XLEQ
Mdhug bi ka lnglungan.	心志堅定、有毅力、果決。	Of a determined, persevering, resolute heart.	D'un coeur décidé, persévérant, résolu.	D'XO
Aji mhuya ka erut gaga; mgdhug balay.	那根柱子毫無危險，它非常堅固（已被好好加固了？）。	That column there is in no danger; it is very solid (it has been well fortified?).	Cette colonne là ne risque rien, elle est très solide (elle a été bien fortifiée ?).	D'XO
Ngalun mu tndhgan sapah ka tasil nii.	我要拿這塊石頭來加固房子（使房子更耐得住……例如颱風）。	I will take this stone as a consolidation for the house (to make the house more resistant. To typhoons, for example.)	Je prendrai cette pierre comme consolidation de la maison (pour rendre la maison plus résistante. Au typhon p. Ex.)	D'XO
Smdhug kari.	承諾。	To promise.	Promettre.	D'XO
Sndhgan kari Pasang mu ka kiya.	那是我兄弟Pasang的囑咐（命令）。	That was the recommendation (the command) of my brother Pasang.	Cela était la recommandation (le commandement) de mon frère Passan.	D'XO
Ungat ka empsdhug (emppsdhug?) lnglungan nami.	沒有人來堅固我們的心志。	There is no one to fortify our courage.	Il n'y a personne pour fortifier notre courage.	D'XO
Gisu ka buhug da! Psdhgi nhari ka sapah su.	颱風來了！快加固你的房子（快替你的房子加上支撐）。	Here comes the typhoon! Quickly reinforce (quickly put buttresses on) your house.	Voici le typhon ! Renforce vite (mets vite des contreforts à) ta maison.	D'XO
Pnsdhgan mu ka sapah da!	我已為房子加了支撐（我用了辦法使房子更堅固、更耐久）。	I have added buttresses to the house (I have used means to make the house more solid, more resistant.	J'ai ajouté des contreforts à la maison (J'ai employé des moyens pour rendre la maison plus solide, plus résistante.	D'XO
Ini dhuq papak mu.	那到不了我的腳邊。	That does not reach as far as my feet.	Celà n'arrive pas jusqu'à mes pieds.	D'XOK
Ini dhuq ka papak mu.	我的腳搆不到（不夠長，或：不夠有力）。	My feet do not reach it (not long enough, var. not strong enough.	Mes pieds n'y arrivent pas (pas assez longs, vl. pas assez forts.	D'XOK
Dhuq su sknuwan?	你是什麼時候到的？	When did you arrive?	Quand es tu arrivé ?	D'XOK
Dhuq ini dhuq o, taw ta hici.	到得了或到不了，（語氣非常強）到最後便見分曉。	Arrive or not, we shall see (very imperative) at the end.	Arriver ou pas, nous verrons (très impératif) à la fin.	D'XOK
Dhqun mu pusu qmpahan ni kiya da!	我要（先）到達（抵達）田的盡頭，那樣就完了。	I want (first) to arrive at (reach) the end of the field, and that will be it.	Je veux (d'abord) arriver (atteindre) le bout du champ et ce sera fini.	D'XOK
Dhqi bi alang paru ni sai mita mklawa.	設法走到城裡，去見首長。	Try to get as far as the town, and go see the chief.	Tâche d'aller jusqu'à la ville et va voir le chef.	D'XOK
Gisu mgrahul kana pusu bi elug hiya qqita dha ka dhqan saw mtalang.	瞧，他們全都聚集在路口，要看賽跑者抵達。	There they all are, crowding at the very entrance of the road to see the arrival of the runners.	Voilà qu'ils s'attroupent tous à l'entrée de la route pour voir l'arrivée des coureurs.	D'XOK
Ini ku kndhuq rmngaw.	我（當時）說不出話來。（或：我沒有能力說？）。	I could not manage to speak. (var. I am not capable of saying?).	Je n'arrivais pas a parler. (vl. Je ne suis pas capable de dire ?).	D'XOK
Kmdhuq ku bi alang namu.	我（確實）想要一直到你們的地方去。	I (truly) desire to get all the way to your country.	Je désire (effectivement) arriver jusqu'à votre pays.	D'XOK
Mkmdhuq ku bi alang namu.	我真想去到你們的地方！	I would really like to go all the way to your country!	J'aimerais vraiment aller jusque dans votre pays !	D'XOK
Ida mu pdhqun alang namu ka laqi.	我一定會把孩子送到你們那裡。	Certainly I will have the child conveyed to your place.	Certainement je ferai pervenir chez vous l'enfant.	D'XOK
Pdhqun misu patas.	我會用書信與你聯繫（我會寄信給你，我會設法讓信送到你手中）。	I will reach you by letter (I will send you a letter, I will see to it that the letter reaches you).	Je te ferai atteindre par la lettre (je t'enverrai une lettre, je ferai en sorte que la lettre te parvienne).	D'XOK
Empdhuq knuwan ka tama su.	你父親什麼時候會到？	When will your father arrive?	Quand arrivera t il ton père ?	D'XOK
Empdhuq su sapah baki?	你到得了祖父家嗎？	Will you get as far as grandfather's house?	Est ce que tu arriveras jusque chez grand père ?	D'XOK
Ima namu ka empdhuq knan hdayu mu saman?	你們當中誰明天會把我的便當送來給我？	Which one of you will get my lunch to me tomorrow?	Quel est celui d'entre vous qui me fera parvenir mon casse croûte de demain ?	D'XOK
Thiyaq balay ka saan mu maduk!	我去打獵的地方非常遠！	The place where I go hunting is very far away.	C'est très loin où je vais chasser.	D'XYAQ
Mthiyaq balay ka spsapah dha.	他們的房子彼此相距很遠。	Their houses are very far from one another.	Leurs maisons sont très éloignées l'une de l'autre.	D'XYAQ
Mkinu ka dhiya? … Mkthiyaq balay!	他們是哪裡人？（他們住在哪裡？）……他們的住處在非常遙遠的地方。	Where are they from? (where do they live?) … Their dwelling is in a very distant place.	D'où sont ils ? (où habitent ils ?) … Leur habitation se trouve dans un lieu très éloigné.	D'XYAQ
Ya lnglung knthiyaq! Malu bi ksaan.	別去想有多遠！這是一條好走的路（走起來輕鬆）。	Do not think about how far it is! It is an easy road (to walk).	Ne pense pas combien c'est loin ! C'est une route aisée (à marcher).	D'XYAQ
Khnu qnthyaqan na ka elug uusa ta sapah su?	到你家去的路有多長（多遠）？	What is the length (the distance) of the road to go to your house?	Quelle est la longueur (la distance) de la route pour aller chez toi ?	D'XYAQ
Sthiyaqi cicih! Ssakus kana ka lukus su.	你稍微離遠一點！你的衣服全是樟腦味。	Move away a little! All your clothes smell of camphor.	Eloigne toi un peu ! Tous tes habits sentent le camphre.	D'XYAQ
Msthiyaq ku da! Suqi sqowlit kana ka hiyi su.	我離遠一點！你身上的老鼠味太重了！	I am moving away a little! You smell too strongly of rat!	Je m'éloigne un peu ! Tu sens trop fort le rat !	D'XYAQ
Psthiyaqun mu ka tleengan kika empniqun su uda da.	我要把椅子挪開，這樣你就有路可走了。	I want to move the chair away, so you will have a way through.	Je veux éloigner la chaise, ainsi tu auras un passage.	D'XYAQ
Ungat jiyax mu da.	我沒有時間了。	I have no time.	Je n'ai pas le temps.	DYAX
Ini kla jiyax ka hiya.	他不覺得時間漫長（或：他不著急，不覺得時間流逝）。	He does not find the time long (var. He is not in a hurry, he does not see the time pass).	Il ne trouve pas le temps long, lui (vl. Il n'est pas pressé, il ne voit pas le temps passer.).	DYAX
Kingal iyax jiyax.	一天的時間。	The space of one day.	L'espace d'un jour.	DYAX
Mnusa ku mktru.	我去了那裡三天。	I went there for three days.	J'y suis allé pour trois jours.	DYAX
Ini su bi scimu kjiyax ka isu.	你從來不加鹽（你總是不放鹽）。	You never add salt (you always do not salt).	Toi tu ne sales jamais (toujours tu ne sales pas).	DYAX
Ma su msaang kdjiyax!	你為什麼老是在吵架！	Why are you always quarreling!	Pourquoi disputes tu toujours !	DYAX
Jiyax jiyax.	每天＝日復一日。	Every day = day after day.	Tous les jours = Jour après jour.	DYAX
Jyagi ku matas kingal patas nii hu! … Iq!	你要幫我寫這封信嗎？……是！	Will you help me write this letter? … Yes!	Veux tu m'aider à écrire cette lettre ? … Oui !	EQ
Usa sapah nhari da! … Iq!	快回家去！……是！	Go home quickly! … Yes!	Va vite à la maison ! … Oui !	EQ
Sapah ga ka malu.	好的是那邊那棟房子。	It is that house there that is good.	C'est cette maison là qui est bien.	GA
Ga inu ka sapah su?	你的家在哪裡？	Where is your house?	Où est ta maison ?	GA
Ga su qmpah inu?	你在哪裡工作？	Where do you work?	Où travailles tu ?	GA
Ga Silin ka Lihang.	Lirhan 在 Silin。	Lirhan is at Silin.	Lirhan est à Silin.	GA
Ga sapah ka pila mu.	我的錢在家裡。	My money is at home.	Mon argent est à la maison.	GA
Gaga (Ga ga) ka malu.	好的那個就在那裡（＝那就是好的）。	There is the one that is good (= there's the good one).	Il se trouve là celui qui est bon (= voilà le bon).	GA
Ga matas ka laqi.	孩子正在寫字（或：讀書）。	The child is writing (var. studying).	L'enfant est en train d'écrire (vl. d'étudier).	GA
Ga mkan ka tama.	爸爸正在吃飯。	Papa is eating.	Papa est en train de manger.	GA
Ga su mita laqi ga?	你正在看那邊那個孩子嗎？	Are you looking at that child there?	Tu es en train de voir cet enfant là ?	GA
Yaku ga?	是我的嗎？（或：是在說我嗎？）（您是在問我嗎？）。	Is it mine? (var. Is it about me?), (Are you asking me?).	C'est à moi ? (vl. Il s'agit de moi ?), (Vous demandez à moi ?).	GA
Mha nami mabal trabus.	我們要去拔花生。	We are going to pull up the peanuts.	Nous allons arracher les arachides.	GABAL
Mabal gupun.	拔牙。	To pull teeth.	Arracher les dents.	GABAL
Mabal spriq.	拔草。（但人們說：§ Qmali bonga＝挖地瓜。）	To pull up grass. (But one says: § Qmali bonga = to dig up sweet potatoes).	Arracher l'herbe. (Mais on dit : § Qmali bonga = creuser les patates douces).	GABAL
Mkgabal ka pusu tlahi nii, aji bi emptgamil.	這棵柚子樹種得不穩（會連根鬆脫），肯定無法生根。	This pomelo tree is badly planted (it comes uprooted); it certainly will not be able to take root.	Ce pamplemoussier est mal planté (se déracine), il ne pourra certainement pas prendre racine.	GABAL
Qmpah su manu ka isu.	你做的是什麼工作？	What is the work that you do?	Quel est le travail que tu fais ?	GABAL
Mgabal ku gupun ka yaku, kika (kiya ka) qmpahan mu.	我是拔牙的，那就是我的工作。	I am a puller of teeth; that is my work.	Je suis arracheur de dents, moi, voilà mon travail.	GABAL
Gmabul nami masu apa dha ni miyah ka dsnaw dmayaw pnkala hirang dha.	我們把他們背的小米收攏，男人們過來幫忙把（擔子）放到人們的肩上。	We gather up the millet that they carry, and the men come to help put (the loads) on people's shoulders.	Nous recueillons le millet qu'ils portent et les hommes viennent aider à mettre (les charges) sur les épaules des gens.	GABUL
GA ga ka malu (Gaga ka malu)	好的那個就在那裡。	There is the good one.	Il se trouve là le bon.	GAGA
Seuxal o, ini geeguy ka dtruku.	從前，太魯閣人不偷竊。	In former times, the Taroko did not steal.	Autrefois, les taroko ne volaient pas.	GAGWI
Ana su mhuya o, ya bi geeguy.	無論你處於什麼境地，千萬不要偷！	Whatever situation you find yourself in, above all do not steal!	Dans quelque situation que tu te trouves, surtout ne vole pas !	GAGWI
Ini ta geeguy ka ita.	我們啊，我們不偷竊！	As for us, we do not steal!	Nous, nous ne volons pas !	GAGWI
Mkla bi gmeeguy uqun ka ngiyaw nii!	這隻貓很會偷食物。	This cat is very clever at stealing food.	Ce chat est très adroit pour voler la nourriture.	GAGWI
Gmneeguy kuyuh ka snaw nii.	這個男人犯了姦淫（偷了人家的女人）。	This man has committed adultery (has stolen a woman).	Cet homme a commis un adultère (a volé une femme).	GAGWI
Ma su hmut gmeeguy mita?	你為什麼隨便偷看？（偷取目光）。	Why do you allow yourself to spy? (to steal a look).	Pourquoi te permets tu d'espionner ? (dérober le regarder).	GAGWI
Ga miing geuyun ka laqi su.	你兒子正在找東西下手偷。	Your son is on the lookout for something to steal.	Ton fils est en quête de quelque chose à voler.	GAGWI
Gmeeguy bi mita ddaun seejiq ka ayung dha nii.	那個給人幫傭的老愛窺探別人做的事。	That servant of others there has the habit of spying on what the others do.	Le serviteur des autres que voilà a l'habitude d'espionner ce que les autres font.	GAGWI
Mkmgeeguy ku bi embahang.	我真想（能）偷偷地聽！	I would really like (to be able) to listen in secret!	Je voudrais bien (pouvoir) écouter en cachette !	GAGWI
Meydang ku da (= ku da)! Ya bi manu ka geuyan su duri?	我完全搞不懂！你又在偷什麼？	I understand nothing of it! What are you stealing now?	Je n'y comprends rien ! Qu'est ce que tu voles encore ?	GAGWI
Mpgeeguy ku hu ka sduuy namu pucing ni sbut meiyah knan?	難道我是強盜嗎，你們竟帶著刀棒到我這裡來？	Am I a thief, that you should come to me armed with knives and sticks?	Suis je un voleur, que vous soyez armés de couteaux et de bâtons pour venir vers moi ?	GAGWI
Ga inu ka Sibal?...Wada gaing da!	Sibal 在哪裡？……他跑到天涯海角去了。	Where is Sibal? … He has gone off to the back of beyond.	Où est Sibal ? … Il est parti au diable vauvert.	GAIN
Pnaah ku gaing bi ka yaku.	我來自非常遙遠的地方。	I come from really very far away.	Je viens de vraiment très loin.	GAIN
Tdruy gakat.	腳踏車（人蹲坐其上的車）。	Bicycle (a vehicle on which one sits crouched).	Bicyclette (voiture où l'on se tient accroupi).	GAKAT
Mgakat mksa.	彎著身子走路。	To walk bent over.	Marcher courbé.	GAKAT
Ana namu tmgakat da.	你們可以坐下了。	You may sit down.	Vous pouvez vous asseoir.	GAKAT
Iyax tmgakat siyaw tahut.	來坐在火邊。	Come and sit down by the fire.	Viens t'asseoir auprès du feu.	GAKAT
Tmgakat ku ka yaku.	我呢，我蹲下來。	Me, I squat down.	Moi, je m'accroupis.	GAKAT
Pngakat tluung ka baki, ini kla hmut tluung ka hiya.	祖父以蹲踞的姿勢坐著；他不習慣（不會）就那樣普通地坐。	Grandfather sits in the squatting position; he is not used (does not know how) to sitting in the ordinary way.	Grand père s'assied dans la position accroupie, Il n'est pas habitué (il ne sait pas) à s'asseoir simplement.	GAKAT
Gmarang kari.	散布消息。	To spread a piece of news.	Diffuser une nouvelle.	GALANG
Taan mu ka balay bi do, mnusa ku gmarang bnhangan mu kari asaw laqi kiya.	見那是確實的，我便去傳布（散播）我所聽到關於那孩子的話。	Seeing that it was certain, I went to announce (spread) what I had heard said about that child.	Voyant que c'était sur, je suis allé annoncer (répandre) ce que j'avais ententu dire à propos de l'enfant.	GALANG
Paru bi grangan qsiya snduray ka mkyayung.	最近山谷裡發生了河水（暴漲造成的）大氾濫。	There was recently a great flooding (through the rising) of the river in the valley.	Il y a eu dernièrement une grande innondation (par la crue) du fleuve dans la vallée.	GALANG
Qlhangi bi! Hmut mgarang ka qsiya.	小心！水會毫無預警地漫開！	Watch out! The water spreads without any warning!	Fais attention ! L'eau s'étale sans crier gare !	GALANG
Empgarang su hiyi trabus su kana phdagan su o, gisu ka kuyuh da!	（正當）你在曬場上攤開你的花生種子時，雨就來了！	(While) you are spreading out your peanut seeds on your drying ground, here comes the rain!	(pendant que) toi tu étales tes graines d'arachides sur ton aire, voici la pluie qui vient.	GALANG
Grangan qsiya.	水患（氾濫）。	Flooding (sic, “Innontation”).	Innontation.	GALANG
Mkgarang balay ka ayang.	石油（或：油）很容易漫開。	Petroleum (var. oil) spreads easily.	Le pétrole (vl. l'huile) s'étale facilement.	GALANG
Grngani bi ka klwaan su.	設法使你的統治得以擴展。	Take the means so that your dominion may spread.	Prends les moyens pour que ta domination s'étende.	GALANG
Paru bi gealu na ka Aman.	Aman 有一顆金子般的心。	Aman has a heart of gold.	Aman a un coeur d'or.	GALU
Ini su gealu ana ima ka isu.	沒有人愛你（或：沒有人憐憫你）。	You are loved by no one (var. No one has pity on you).	Toi tu n'es aimé par personne (vl. Personne n'a pitié de toi).	GALU
Ini su gmealu ana emaan ka isu.	你啊，你誰也不愛！	You, you love no one!	Toi, tu n'aimes personne !	GALU
Gmealu ku bi sunan kika yahun misu psapuh.	我很喜歡你（我真的很憐惜你），所以我會來照顧你。	I am fond of you (I truly have pity on you), that is why I will come to care for you.	Je t'aime bien (j'ai vraiment pitié de toi) c'est pourquoi je viendrai te soigner.	GALU
Gmealu sjiqun (Seejiq) kika balay!	愛別人，這才是最重要的！	To love others, that is what matters!	Aimer les autres, voilà l'important !	GALU
Mgealu ku bi lqlaqi ka yaku.	我很愛孩子們。(更常聽到、意思相同的說法是：Snkuxul ko bi lqlaqe (lqlqean ?) ka yako。——還有：Kuxul mo balae ka lqlaqe。)	Me, I love children very much. (One hears more often, and in the same sense: Snkuxul ko bi lqlaqe (lqlqean?) ka yako. - and also: Kuxul mo balae ka lqlaqe.)	Moi j'aime beaucoup les enfants (On entend plus souvent et dans le même sens : Snkuxul ko bi lqlaqe (lqlqean ?) ka yako. - et encore : Kuxul mo balae ka lqlaqe.).	GALU
Mggealu paah seuxal bi ka dhiya.	他們相愛已經很久了。	They have loved each other for a very long time.	Il y a très longtemps qu'ils s'aiment.	GALU
Balay mggealu ka Atuh ni Cihung, ana ququ mstrung da.	Atuh 與 Cihung 相愛已久，再沒有什麼能阻止他們結婚了。	Atuh and Cihung have loved each other for a long time; nothing prevents them from marrying any more.	Atorh et Tchirhong s'aiment depuis longtemps, rien ne les empêche plus de se marier.	GALU
Ngnealu tama mu nanak ka sapah mu nii.	這棟房子我全靠父親的愛而得（或：出於我親生父親的愛）。	This house I owe (it comes to me) to my father's love alone (var. to the love of my own father).	Cette maison je la dois (me vient de) au seul amour de mon père (vL. à l'amour de mon propre père).	GALU
Gngnealu sktama ka dnamux sapah ta.	我們家（蓋好的）屋頂，是靠先父的愛才有的。	It is to the love of our late father that we owe the (built) roof of our house.	C'est à l'amour de feu notre père que nous devons le toit (construit) de notre maison.	GALU
Paru gnealu na tnan ka Tama ta baraw.	我們在上的父對我們有極大的愛。	Our Father above has a great love for us.	Notre père d'en haut à un grand amour pour nous.	GALU
Saw emphuqil ka qnnaqih kuxul nami! Glaani nami wax!	我們憂傷得快要死了！求你憐憫我們！	We are sad to the point of dying! Have pity on us!	Nous sommes tristes jusqu'à en mourir ! Aie pitié de nous !	GALU
Asaw gnlaan na tnan.	因他曾對我們所懷的愛。	By the love he has had for us.	Par l'amour qu'il a eu pour nous.	GALU
Pgealu bi laqi nii!	可憐的孩子（這孩子令人憐惜）。	Poor kid (this child arouses pity).	Pauvre gosse (cet enfant fait pitié).	GALU
Ini su alix ka sinaw o, pgealu su bi wis!	如果你不戒（喝）酒，你多麼可憐啊，Liwis（Wis 為呼格）。	If you do not give up (drinking) wine, how much you are to be pitied, Liwis (Wis = vocative).	Si tu ne quittes pas le (boire du) vin, comme tu es à plaindre, Liwis (Wis = vocatif).	GALU
Saw bi sgealu ka laqi mu nii!	我這個小傢伙真是惹人疼愛（真正令人生出溫情的人）！	He is truly touching (one who truly moves one to tenderness), this little one of mine!	Il est vraiment touchant (celui qui vraiment porte à la tendresse) mon petit que voilà !	GALU
Ana ini su rngagi! Mggaluk balay ka ddhiya.	你不必（對此）開口（不必對他們說）！反正他們是串通一氣的。	There is no need for you to speak (of it) (to speak to them)! In any case they are in collusion.	Ce n'est pas nécessaire que tu (en) parles (que tu leur parles) ! De toute façon ils sont de connivence.	GALUP
Thiyi balay ka gnluban dha.	他們的協會非常有效。	Their association is very effective.	Leur association est très efficace.	GALUP
Pnegluban Sibal ka malu balay.	由 Sibal 建立的團體非常團結。	It is the community created by Sibal that is very united.	C'est la communauté créée par Sibal qui est très unie.	GALUP
Tnlaqi qmbsranan na snaw ka Maria ni, wada na rbung galiq ni ptqiun asu uqan kacing.	馬利亞生了她的頭生子，用布包起來，放在馬槽裡。	Mary gave birth to her firstborn son, wrapped him in swaddling cloths and laid him in a manger.	Marie mit au monde son fils ainé, l'enveloppa de langes et le fit coucher dans une mangeoire.	GALYEQ
Ita galiq su! Srsun mu ka qlangan (tleengan)!	把你的抹布遞給我！我要擦椅子。	Hand me your rag! I want to wipe the chair.	Passe moi ton chiffon ! Je veux essuyer la chaise.	GALYEQ
Ini tgamil sayang ka nhuma su kliyut; bsiyaq bi ka karat da!	你種的桑樹現在長不出根來；天旱太久了（天持續得太久）。	The mulberry trees you planted are not taking root at the moment; it has been dry for too long (the sky lasts too long).	Les mûriers que tu as plantés ne prennent pas racine en ce moment ; Il y a trop longtemps qu'il fait sec (le ciel dure trop).	GAMIL
Mtgamil balay ka kmux.	稗子很容易生根。	The tares (darnel) take root very easily.	L'ivraie prend très facilement racine.	GAMIL
Wada tngamil ka pusu blbul da.	香蕉樹已經生根了。	The banana tree has taken root.	Le bananier est enraciné.	GAMIL
Aji mhuya ka rbuqil ta da; malu bi tgmilan na!	我們的 lboqel(木質極輕的樹（=光桐 Aleurites cordata?）)沒有問題；它很會生根（它生根的情形很好）。	No problem for our lboqel (a tree with very light wood (= Aleurites cordata?)); it takes root well (its way of taking root is good).	Pas de problème pour notre lboqel (arbre au bois très léger (=Aleurites cordata ?)) ; il prend bien racine (sa façon de prendre racine est bonne).	GAMIL
Aji su bi dhqun ptgamil ka pusu phpah kiya.	你肯定沒辦法讓那株花生根。	You will certainly not manage to make that flower plant take root.	Tu n'arriveras certainement pas à faire prendre racine à ce pied de fleurs.	GAMIL
Ungat bi klaan ka gaaw su sayang!	你現在的選擇（你所做的選擇）真令人費解！	Your choice of now (the choice you are making) is incomprehensible!	Il est incompréhensible ton choix de maintenant (le choix que tu fais).	GAO
Ini tduwa hmut gmaaw uqun.	隨意挑揀（盤中）食物是不好的（不被允許的）。	It is not right (permitted) to pick out food arbitrarily (from the dishes).	Ce n'est pas bien (permi) de choisir arbitrairement la nourriture (dans les plats).	GAO
Gmaaw bi uqun ka hiya.	他（對食物）非常挑剔。	He is very picky (about food).	Il est bien difficile (pour la nourriture).	GAO
Geegi bi bbuwax trabus su aangal su mmalu (vl. tgmalu) nanak.	好好挑選你的花生種子，只取好的。	Choose your peanut seeds carefully so as to take only the good ones.	Choisis bien tes graines d'arachides pour ne prendre que les bonnes.	GAO
Gneegan su nanak ka dthiyan ta qmpah.	我們的工作夥伴是你獨自挑選的。	It is you alone who chose them, our work companions.	C'est toi seul qui les as choisis nos camarades de travail.	GAO
Gneegan dha o, dha tru bi hiyi.	他們只挑選了兩三個人。	They chose only two or three people.	Ils n'ont choisi que deux ou trois personnes.	GAO
Mdurun ku sunan ppsgaaw su pnspadaw mu nii.	我求你悅納（懷著善意接受）我所獻給你的這份禮物。	I beg you to hold as acceptable (to accept with kindness) this gift that I have given you.	Je te prie pour que tu tiennes pour agréable (pour que tu acceptes avec bienveillance) ce don que je t'ai fait.	GAO
Ngali pnsgagan utux baraw ka ana ima qmbsranan namu laqi snaw.	要把你們男孩中所有的長子（頭生的）都視為奉獻給主（在上之靈）的。	Consider as consecrated to the Lord (the Spirit on high) all the eldest (the firstborn) of your male children.	Considérez comme consacrés au Seigneur (l'Esprit d'en haut) tous les aînés (les premiers nés) de vos enfants mâles.	GAO
Niqan btudan ka gasil su hu?	你的繩子是一整條的嗎（還是由好幾段接起來的）？(同義詞：Nugul（罕用）)。	Is your string all of one piece (made of several joined-together bits)? (syn. Nugul (rare)).	Est ce que ta ficelle est d'une seule pièce (faite de plusieurs morceaux rapportés) ? (sy. Nugul (rare)).	GASIL
Qmpah ku inu msa su o, niqan nanak ka gasut su.	你說：我該在哪裡工作？但你自己的那一行（順序）早已畫好了。（註：在田裡工作時，每人負責一行玉米，或兩行地瓜，或四行花生，或八行稻子，而且每人必須把這片範圍一直做到田的盡頭——太魯閣人稱之為 Gasut,引申指任何事物的邏輯順序。）	Where should I work, you say; but you have your own row (the sequence) all laid out. (n.b. When working in the fields, each person takes one row of maize, or two of sweet potatoes, or four of peanuts, or eight of rice, and each must work that space to the end of the field — this is what the Taroko call Gasut, which by extension designates any logical sequence of something.)	Où dois je travailler, dis tu ; mais tu as ta propre file (la suite) toute tracée. (nb. Travaillant dans les champs, chacun prend une file de maïs, ou deux de patates douces, ou quatre d'arachides, ou huit de riz, et chacun doit travailler cet espace jusqu'au bout du champ — c'est ce que les taroko appellent : Gasut, qui par extension désigne toute suite logique de quelque ch.)	GASUT
Msgasut bi matas ka laqi empatas nii.	這個學生讀書很有恆心。	This pupil works with perseverance.	Cet élève travaille avec persévérance.	GASUT
Mnsgasut ku bi muda elug.	我一直沿著我的路直走。	I followed my path straight ahead.	J'ai suivi tout droit mon chemin.	GASUT
Saw mcsgasut qmpah ka empdhuq.	唯有極有恆心工作的人才會成功。	It is those who work with great perseverance who succeed.	Ce sont ceux qui travaillent avec grande persévérance qui arrivent.	GASUT
Sai bi psgasut qmpah ka dmqeepah tnan da.	去請我們的工人（為我們工作的人）繼續已開始的工作（或：有條理、合情理、合邏輯地工作）。	Go then and ask our workers (those working for us) to continue the work they have begun (var. to work with order, good sense, logic).	Va donc demander à nos ouvriers (travaillant pour nous) de continuer le travail commencé (vl. de travailler avec ordre, bon sens, logique)	GASUT
Muda gaya.	遵行 GAYA（法律等）。	To follow the GAYA (law, etc.).	Suivre la GAYA (loi etc.).	GAYA
Dmuuy gaya.	持有、持守 GAYA。	To have, to hold the GAYA.	Avoir, tenir la GAYA.	GAYA
Smliq gaya.	違犯 GAYA。	To violate the GAYA.	Violer la GAYA.	GAYA
Gygaya.	各種習俗。	The customs.	Les coutumes.	GAYA
Ida ta niqan gaya paah seuxal.	我們確實自古以來就有這法律。	It is indeed since olden times that we have had the law.	Cest bien depuis autrefois que nous avons la loi.	GAYA
Gaya ta sbiyaw.	按照我們古時的法律。	According to our law of ancient times.	Suivant notre loi des anciens temps.	GAYA
Nsbiyaw ka gaya nii.	這習俗源自遠古。	This custom dates from time immemorial.	Cette coutume date de la nuit des temps.	GAYA
Maxal gaya Tama ta baraw.	上帝的十誡。	The Ten Commandments of God.	Les dix commandements de Dieu.	GAYA
Mgaya bi ka dhiya.	他們很遵守 GAYA（或：他們視之為禁忌而謹守之）。	They observe the law (var. they treat it as taboo, conforming to it).	Eux, ils observent la loi (vl. ils considèrent comme tabou, en s'y conformant)	GAYA
Mluhay ta saw nii do, ma mha mgaya nxal!	如果我們習慣了這樣（做），那麼有一天這就會變成規矩！	If we get used to (doing) it this way, why then, one day it will become law!	Si nous nous habituons (à faire) ainsi, mais alors, un jour celà deviendra loi !	GAYA
Lmnglung su pgaya saw nkuxul su nanak hu?	你想把只是你個人喜好的事定為法規嗎？（或：隨你的意思立一條法？）	Would you make a law out of what is merely your own good pleasure? (var. make a law to suit yourself?)	Voudrais tu faire loi de ce qui n'est que ton bon plaisir ? (vl. faire une loi à ta guise ?).	GAYA
Uxay ita! Pusu ta rudan sbiyaw ka mnpgaya!	不是我們，而是我們的祖先（古時長者的根源）訂立了這些法律。	It is not we, but our ancestors (the stock of our elders of former times) who established the laws.	Ce n'est pas nous, mais nos ancêtres (la souche de nos vieux du temps jadis) qui ont établi les loi.	GAYA
Mssli hiya uri kana ka dpusu empgaya.	所有的律法師也都聚集在那裡。	All the doctors of the law gather there as well.	Tous les docteurs de la loi se réunissent là également.	GAYA
Ida na (dha?) pgyaun balay ka saw skribut ni sisil ni spi keeman.	當然，他們把絆倒、SISIL 鳥以及夜裡的夢都視為不可違犯的禁忌。(前往某處時絆倒、途中遇見 SISIL 鳥處於不祥的方位，或前一夜做了惡夢——這些都是 GAYA（律法）要求必須遵從、不容置疑的警兆。)	Of course, they consider as inviolable taboo the fact of stumbling, or (and) the SISIL bird and dreams during the night. (Stumbling on the way somewhere, or meeting on one's path an ill-omened position of the SISIL, or having had bad dreams the previous night — these are unquestioned warnings that the law (GAYA) obliges one to heed.)	Bien sur, il considèrent comme tabou inviolable, soit le fait de trébucher, ou (et) l'oiseau SISIL et les rêves pendant la nuit. (Trébucher en se rendant quelque part ou rencontrer sur sa route une position néfaste du SISIL, ou avoir fait de mauvais rêves la nuit précédente ce sont des avertissements indiscutés que la loi (GAYA) oblige à observer.).	GAYA
Ana negaya ta seuxal ka kiya o, ini na sruani pduuy gaya ka nihung.	那雖然屬於我們的 GAYA（我們的法規），日本人卻不准我們遵行自己的習俗。	Even though that was part of our GAYA (of our laws), the Japanese did not allow us to follow our customs.	Celà avait beau faire partie de notre GAYA (de nos lois), les japonais ne nous permettaient pas de suivre nos coutumes.	GAYA
Mniyah murug pngyaan ka dhiya tthmuku kmdamat tmaan.	他們依照習俗前來向父親鞠躬請安。	They came, following the custom, to bow and greet the father.	Ils sont venus suivant la coutume pour s'incliner et saluer le papa.	GAYA
Wada na gbingun ka pang (bawa) empeasug na lqian.	他把他的麵包掰開，分給孩子們。	He broke his piece of bread to share it among the children.	Il a brisé son morceau de pain pour le partager aux enfants.	GBING
Nasi gbiyan do, na, pniqun mu sapah ka laqi.	如果到了傍晚，那麼我就會讓孩子們留在家裡。	If it is evening, then I will have the children stay at home.	Si c'est le soir, alors, je ferai rester les enfants à la maison.	GBIYAN
Sgbiyan shiga.	昨天傍晚。	Yesterday evening.	Hier soir.	GBIYAN
Sgbiyan seuxal.	昔日的一個傍晚。	An evening long ago.	Un soir d'autrefois.	GBIYAN
Gbiyan kiya.	今晚（將到來的）。	This (coming) evening.	Ce soir (qui vient).	GBIYAN
Ida paah sgbiyan shiga ka mnarux gupun mu.	我從昨天傍晚就開始牙痛了。	And it is already since yesterday evening that my teeth have been aching.	Et c'est déjà depuis hier soir que j'ai mal aux dents.	GBIYAN
Ga mgdgit kana ka gupun mu.	我的牙齒在打顫作響。	My teeth are grinding.	Mes dents grincent.	GDGIT
Ga ku empgdgit gupun asaw knskiyan.	我因為冷而牙齒打顫。(註：GDGIT 和 PGDGIT 很可能只是 GDGUT 和 PGDGUT（壓碎、藉磨擦碾磨）略微不同的讀法，實際上大可寫作 G'DG'T 和 PG'DG'T,可見其母音被省略到什麼程度！)	I am grinding my teeth because of the cold. (n.b. It is quite likely that GDGIT and PGDGIT are a barely different realization of GDGUT and PGDGUT = to crush, to grind by rubbing, which in fact could be written G'DG'T and PG'DG'T, so thoroughly are the vowel sounds swallowed!)	Je grince des dents à cause du froid. (nb. Il est bien probable que GDGIT et PGDGIT soit une réalisation à peine differente de GDGUT et PGDGUT = Ecraser, moudre en frottant, qui en fait pourraient s'écrire G'DG'T et PG'DG'T, tellement les sons vocaliques sont éscamotés !).	GDGIT
Mseupu gmdgut gdgdan ka dha hiyi kuyuh.	兩個女人正同時在磨上磨東西。	Two women are grinding at the mill at the same time.	Deux femmes sont simultanément en train de moudre au moulin.	GDGUT
Hyaun su ka gnsal su? … Sqmaun mu!	你要拿你的稻草怎麼辦？……我要把它燒掉！	What will you do with your straw? … I will burn it!	Que feras tu de ta paille ? … Je la brûlerai !	GENSAL
Qnumi ku bi miing kingal malu bi giyas kacing.	我正非常仔細地尋找一頭很漂亮的小母牛。	I am searching very attentively for a very fine heifer.	Je cherche très attentivement une très belle génisse.	GIAS
Saw bi gigit ka Tumun.	Tomon 真是煩人。	Tomon is a real pest.	Tomon est vraiment casse-pieds.	GIGIT
Nta (vl. nta da) miing ghak ppsipa ta nhari.	我們去找種子，好快點準備（水田用的）秧圃吧。	Let us go look for seeds so as to prepare the seedbeds (for the paddy fields) quickly.	Allons chercher des semences pour préparer vite les pépinières (pour les rizières).	GIIN
Ana mu si qnumi bi miing o, ini mu hlay!	我再怎麼仔細找，還是找不到！	However attentively I search, I cannot find it!	J'ai beau chercher très attentivement, je n'arrive pas à trouver !	GIIN
Miing pusu.	1)尋找原因；2)吹毛求疵（過分挑剔）。	1) To seek the reason; 2) to nit-pick (to be finicky).	1) Chercher la raison ; 2) Chercher la petite bête (être tatillon).	GIIN
Miing kari.	尋釁、找碴。	To pick a quarrel.	Chercher noise.	GIIN
Miing pila.	受僱工作——尋找收入來源。	To hire oneself out — to look for a source of income.	S'embaucher - Chercher une source de revenus.	GIIN
Ga meydang ka kacing su o, ya bi piya hiyi ka mgiying?	你的水牛走失了；大約有多少人在找牠？	Your buffalo is lost; roughly how many people are searching for it?	Ton buffle est perdu ; il y a à peu près combien de personnes qui le cherchent ?	GIIN
Manu bi ka pusu gimun namu?	說到底，你們在找什麼（你們所尋求的核心究竟是什麼）？	At bottom, what are you looking for (what is truly the essence of your search)?	Au fond, qu'est ce que vous cherchez (Quel est véritablement l'essentiel de votre recherche) ?	GIIN
Ita lihaw dowriq mu sgiying mu qumi.	把我的眼鏡遞給我，（我要用它）找我的針。	Hand me my glasses; (they will serve me) to look for my needle.	Passe moi mes lunettes (elles me serviront) à chercher mon aiguille.	GIIN
Wada gmaxan qsiya ka sinaw.	這酒摻了水。	This wine has been mixed with water.	Ce vin a été mélangé d'eau.	GIMAX
Mgimax bi sinaw ka qsiya, ini kgimax ka ayang.	水與酒能充分混合，油則不能。	Water mixes well with wine, but oil does not.	L'eau se mélange bien au vin mais pas l'huile.	GIMAX
Wada na gmaxan maxal sngari klgan phpah hhuma na ngangut sapah.	他混種了十多種花，種在屋前。	He made a mixture of more than ten kinds of flowers to plant in front of his house.	Il a fait un mélange de plus de dix sortes de fleurs pour planter devant sa maison.	GIMAX
Gnmaxan su manu ka ppajiq nii?	你在這些菜裡摻了什麼？	What have you mixed into these vegetables?	Qu'est ce que tu as mélangé à ces légumes ?	GIMAX
Pgmaxun mu satu (=sqsiya) ka emu basaw ppshada mu uuqun laqi.	我要把糖摻進這 BASAO 粉裡，給孩子們做吃的。	I want to mix sugar into this BASAO flour to prepare food for the children.	Je veux mélanger du sucre à cette farine de BASAO pour préparer à manger aux enfants.	GIMAX
Mtgimax kana ka ppatas mu da.	我的書（或：我的信件）全都混在一起了。	All my books (var. my letters) are mixed up.	Tous mes livres (vl. mes lettres) sont mélangés.	GIMAX
Mnusa ku mtgimax kska rahul hiya.	我去混入人群（混進人群之中）。	I went to mingle with the crowd (to mix myself into the middle of the crowd).	Je suis allé me mêler à la foule (me mélanger au milieu de la foule).	GIMAX
Wada su ptgmaxan kana ka lklukus nami da! Ya han! Emptgmaxun mu ka nnisu uri!	你把我們的衣服全弄混了！你等著瞧！我也要（我很想）把你的弄混！	You have mixed up all our clothes! Just you wait! I will mix up (I want to mix up) yours too!	Tu as mélangé tous nos habits à nous ! Tu ne perds rien pour attendre ! Je mélangerai (je veux mélanger) les tiens aussi !	GIMAX
Knthuk ni gipu, knthuk ka embiyax.	（公與母之中，公者強壯）公的比母的強壯。	(Of the male and the female, the male is strong) The male is stronger than the female.	(Du mâle et de la femelle, le mâle est fort) Le mâle est plus fort que la femelle.	GIPU
Ga inu ka dmtabug kuwi? … Gisu da!	養蠶的人在哪裡？……他們就到了（即將到來）。	Where are the silkworm raisers? … They are coming (they are on the point of being there).	Où sont les éleveurs de vers à soie ? … Ils arrivent (ils sont sur le point d'être là).	GISO
Gisu hini ka seejiq da!	他們（那些人）已經在這裡了，看哪！	They (the people) are already here — here they are!	Ils (les personnes) sont déjà ici, les voici !	GISO
Gisu ka mnpkudaw bqrus sktama su da.	看哪，抬你父親屍體的人來了。	And here come those who carried your father's corpse.	Et voilà qu'arrivent ceux qui ont porté le cadavre de ton père.	GISO
Tatu o, gmraka hiya aji mha dmayaw dhyaan ka Jiru hu.	Tatu 在那裡窺伺（偵察），要看 Jiru 是否會去幫他們一把。	Tatu is there spying (snooping) to see whether Jiru is not going to give them a hand.	Tatu est là qui épie (espionne) pour voir si Djiro ne va pas leur donner un coup de main.	GLAQA
Gmriq narat daya sapah su ka elug nami.	我們的路在你家上方向右轉。	Our road turns to the right higher up than your house.	Notre route tourne à droite plus haut que votre maison.	G'LEQ
Akay! Wada mgriq baga mu da!	唉呀！我的手扭到了！	Ouch! My hand got twisted!	Aie ! Ma main s'est tordue !	G'LEQ
Aji mgriq ka triya su hu?	你的輪子不是正在轉嗎？	Isn't your wheel turning?	Est ce que ta roue n'est pas en train de tourner ?	G'LEQ
Ini kgriq.	它不轉！	It does not turn!	Elle ne tourne pas !	G'LEQ
Ga mgriq sayang ka dqras na.	此刻他的臉正轉向（另一邊）。	His face is turned (to the other side) at this very moment.	Sa figure est tournée (de l'autre côté) juste en ce moment.	G'LEQ
Naqih bi griqan na ka tdruy mu.	我的車很難轉彎（方向盤很緊）。	My car turns with difficulty (its steering is stiff).	Ma voiture tourne difficilement (sa direction est dure).	G'LEQ
Tai niqan griqan elug do, kiya da!	等你看到路的轉彎處，就是那裡了。	When you find the turn in the road, that is the place.	Quand tu trouveras le tournant de la route, c'est là.	G'LEQ
Pgriqi binaw ka tasil! Qtaun mu ka bukuy niya.	把這塊石頭翻一下，我要看它的另一面。	Turn this stone over a little; I want to see its other side.	Retourne un peu cette pierre, je veux voir son autre face.	G'LEQ
Ana ini klilug sayang ka tdruy o, empgriq kiya, tai binaw!	就算車子現在不動，等一下它就會轉了，你看著吧！	Even if for the moment the car does not move, it will turn in a little while, you will see!	Même si pour le moment la voiture ne se meut pas, elle va tourner tout à l'heure, tu vas voir !	G'LEQ
Mniyah smalu kari ka tama niya ppspgriq lnglungan laqi.	他的父親前來談判（調解——建立對話），好使孩子回心轉意。	His father came to parley (to reconcile - to build up the dialogue) so as to make the child repent.	Son père est venu parlementer (réconcilier - construire le dialogue) pour faire que l'enfant se repente.	G'LEQ
Ungat grig, ungat uyas o, empaamanu ta da?	沒有舞，也沒有歌，我們要做什麼呢？	There is no dancing, there is no singing — what are we going to do?	Il n'y a pas de danse, il ny a pas de chant, qu'est ce qu'on va faire ?	G'LI"
Mha namu mgrig inu hkawas?	明年你們要去哪裡跳舞？	Where are you going to dance next year?	Où allez vous danser l'an prochain ?	G'LI"
Mnusa ku mrata do, saw bubu mu o, wada rmgrig lmingis da!	我去當兵時，我母親邊哭邊扭動（舞動）身體。	When I left to be a soldier, my mother writhed (danced) as she wept.	Quand je suis parti soldat, ma mère se tordait (dansait) en pleurant.	G'LI"
Prajing knuwan ka grigan namu? … Ga trajing babaw grigan da!	你們的舞會什麼時候開始？……已經在台上開始了！	When does your dance session begin? … It has already begun on the stage!	Quand est ce que commence votre séance de danse ? … Elle est déjà commencée sur l'estrade !	G'LI"
Hmut lala ka grigun nami.	我們的舞（舞碼）非常多。	Our dances (our dance numbers) are very numerous.	Nos danses (nos numéros de danse) sont très nombreuses.	G'LI"
Mkla pgrig ana kkumay ka seejiq ga.	那個人連熊都能使之起舞。	That man knows how to make even bears dance.	Cet homme là sait faire danser même les ours.	G'LI"
Asi bi trgrig kana embahang.	以致大家一聽見就（高興得）跳起舞來。	So much so that on hearing it everyone danced (for joy).	A tel point qu'en entendant tous dansaient (de joie).	G'LI"
Mha bi ptrgrig kana drudan ka pnqbhangan su kari.	你帶來（你使人聽見）的消息，會讓所有長老高興得跳起來。	The news you bring (that you have made heard) will make all the elders jump for joy.	La nouvelle que tu rapportes (que tu as fait entendre) va faire sauter de joie tous les anciens.	G'LI"
Ida tgrgrigun su mqaras sida.	到那時你必歡喜跳躍起舞。	At that moment you will leap, dancing for joy.	En ce moment là tu vas sauter en dansant de joie.	G'LI"
Gmlihug pusu karat.	穿越諸天之根基（＝至於無窮）。	To pass through the foundation of the heavens (= to infinity).	Traverser le fondement des cieux (= à l'infini).	GLIXO
Tai ka isu o, plhugun pucing qsahur.	你呢，你的心將（必）被刺穿。（……，Plx'gun so poting ksaxol。）	You — you will have (you must have) your heart pierced through. (...., Plx'gun so poting ksaxol.)	Toi, tu auras le coeur (tu devras avoir le coeur) transpercé. (...., Plx'gun so poting ksaxol).	GLIXO
Wada na psaan brunguy aji na grung muda elug.	他把它放進背簍，免得路上打破。	He placed it in the carrying basket so that it would not break on the way.	Il l'a placé dans la hotte pour qu'il ne se casse pas en route.	G'LONG
Grmun mu kiya kana ka qnqaya sapah su.	我要（我想）把你家裡的東西全打破（＝我要砸了你家所有東西）。	I am going to (I want to) break all the things that are in your house (= I am going to smash everything at your place).	Je vais (je veux) les briser toutes les affaires qui sont dans ta maison (= Je vais tout casser chez toi.).	G'LONG
Ga mgrung ka tuki mu, ini kgrung ka nisu.	我的錶壞了（＝不走了），你的沒壞。	My watch is broken (= no longer runs); yours is not broken.	Ma montre est cassée (= ne marche plus), la tienne n'est pas cassée.	G'LONG
Taan balay ka grman.	裂口清晰可見。	The break is very visible.	La cassure est très visible.	G'LONG
Qlhangi aji empgrung ka tuki su.	小心別讓你的錶摔壞了。	Take good care that your watch does not break.	Fais bien attention que ta montre ne se casse pas.	G'LONG
Ima ka empgrung lihaw dowriq mu?	是誰打破我的眼鏡？	Who is it that breaks my glasses?	Qui est ce qui brise mes lunettes ?	G'LONG
Tkgrung balay ka lungaw, psai bngbang ka malu.	瓶子太容易破，把它裝進鐵皮容器才好。	A bottle is too fragile; better put it in a sheet-metal container.	Une bouteille c'est trop fragile, mets celà dans un récipient en tôle.	G'LONG
Glqani rudu ka pucing su! Tai ka dnuuy pucing o, emphuqil paah npucing.	把你的刀收進鞘裡；動刀（殺人）的，必死於刀下。	Put your knife into its sheath; he who has used the knife (to kill) will die by the knife.	Mets ton couteau dans le fourreau ; celui qui se sera servi du couteau (pour tuer), mourra par le couteau.	G'LOQ
Niqan kingal tnhiyan Tanah ka hmgluq pucing na ni smipaq dluan.	跟隨 Tanah 的人中，有一人拔出刀來擊打 Jiru（Dloan＝Jiru 之斜格）。	There is one of those who follow Tanah who draws his knife and strikes Jiru (Dloan = oblique form of Jiru).	Il y a un de ceux qui suivent Tanah qui tire son couteau et frappe Jiru (Dloan = oblique de : Jiru).	G'LOQ
Mniyah su seuxal kska hrpasan nami ni gnluq su mkmurisaka nanak.	你從前來到我們的遊戲場，卻只（從人群中）挑選聚集了 Morisaka 的人。	You came once to our playground and gathered (drawing them out of the crowd) only those of Morisaka.	Tu es venu autrefois sur notre cour de jeu et tu n'as rassemblé (en les tirant de la foule) que ceux de Morisaka.	G'LUK
Ya bi ima ka mkmiyah empgluq tnan pnaah baga pais?	究竟有誰肯來把我們從仇敵手中拯救（奪回）？	Who is it that will agree to come and deliver (snatch) us from the hands of the enemies?	Qui est ce qui acceptera de venir nous délivrer (arracher) des mains des ennemis ?	G'LUK
Ga inu ka gumuk empit mu da?	我鉛筆的筆帽在哪裡？	Where is the cap of my pencil?	Où est le capuchon de mon crayon ?	GMUK
Gmuki balay aji na psuwiq.	仔細蓋好（封好、塞好），免得它翻倒出來。	Close (cover, stop) it carefully so that it does not spill over.	Ferme (couvre, bouche) soigneusement pour que celà ne se renverse pas.	GMUK
Aji mhuya! Ga tgumuk balay ka lungaw su.	你不用擔心！你的瓶子塞得好好的！	You risk nothing! Your bottle is well stoppered!	Tu ne risques rien ! Ta bouteille est bien bouchée !	GMUK
Gndara.	以血為代價；。	At the price of blood;	Au prix du sang ;	GN
Gndriqan.	以（憑藉）一瞥（冒失的目光）為代價。	At the price of (thanks to) an (indiscreet) glance.	Au prix de (grâce à) un regard (indiscret).	GN
Gntrabus.	憑藉賣花生所得的錢。	Thanks to the money got from the sale of the peanuts.	Grâce au prix retiré de la vente des arachides.	GN
Gnhiyi.	憑藉男方娶女方時所付的聘金＝以（被賣出的）身體為代價。	Thanks to the amount of the bride-price paid by the boy when he marries the girl = At the price of the (sold) body.	Grâce au montant de la dot payée par le garçon quand il épouse la fille = Au prix du corps (vendu).	GN
Gnklaan.	知識（＝因認識而獲得的東西）	Knowledge (= what is acquired by the fact of knowing)	Connaissance (= ce qui est acquis par le fait de connaitre)	GN
Staril binaw, ya keisug! Gnama su dha aji su tgsbut btunux ka qaqay su!	跳吧，別怕！他們向你伸出手（為你把手準備好？），免得你的腳撞到石頭。	Jump, don't be afraid! They are holding out their hands to you (they are getting their hands ready for you?) so that your feet do not strike the stones.	Saute, n'aie pas peur ! Ils te tendent les mains (ils te préparent les mains ?) pour que tes pieds ne heurtent pas les pierres.	GNAMA
Paru bi gutu na trabus ngangut sapah niya.	他家門前有一大堆花生。	There is a big heap of peanuts in front of his house.	Il y a un gros tas d'arachides devant sa maison.	GOTO
Mnssli dmayaw kana kingal ruwan sapah sgutu dha payay.	全家人聚在一起幫忙把稻穀堆成堆。	The whole family gathered to help put the rice in heaps.	Toute la famille s'est réunie pour aider afin de mettre le riz en tas.	GOTO
Hmut gmutu babaw shakaw kana lukus niya ka kuyuh.	我妻子把她所有的衣服隨便堆在床（充當床的台子）上。	My wife piles up all her clothes any which way on the bed (the platform that serves as one).	Ma femme entasse n'importe comment tous ses habits sur le lit (estrade qui en sert).	GOTO
Gtuun su knuwan ka bnaqig su?	你打算什麼時候把你的沙子堆起來？	When do you plan to heap up your sand?	Quand penses tu mettre en tas ton sable ?	GOTO
Glqani rudu ka pucing su.	把你的刀放回刀鞘裡。	Put your knife back in its sheath.	Remets ton couteau dans son fourreau.	GQANI
Mnda qluli yayung ka Sguq ni mnegqguq nhuqil.	Segoc 被激流沖走，窒息而死。	Segoc died suffocated, carried away by the torrent.	Segoc est mort étouffé emporté par le torrent.	GQGOQ
Ini ku dhuq ka yaku o, jima tnegqguq ka tatu.	我還沒到（我尚未抵達之時），他就已經窒息了。	Before I arrived (I had not yet arrived when) he had already choked.	Avant que j'arrive (je n'étais pas encore arrivé qu') il était déjà étouffé.	GQGOQ
Mnusa ttrbuq qsiya sgqguq na mhuqil.	他去投水（沒入水中），以此作為溺死的方法。	He went to throw himself into the water (to sink into the water) in order (making that the means) to die by drowning.	Il est allé pour se jeter dans l'eau (s'enfoncer dans l'eau) pour (faisant de celà le moyen pour) mourir noyé.	GQGOQ
Gtgut sapah mu ka sapah spuhan.	醫務室就在我家旁邊。	The clinic is right next to my house.	L'infirmerie est juste à côté de ma maison.	GTGUT
Gtgut sapah Rabay kana ka spsapah dha.	他們的房子全都在 Rabay 家附近（與之相鄰）。	All their houses are in the area of (neighbors of) Rabay's house.	Toutes leurs maisons sont dans le secteur (voisines) de la maison de Rabay.	GTGUT
Ggtgut bi sapah Pihu.	就在 Pihu 家的旁邊。	It is right next to Pihu's house.	C'est tout à fait à côté de la maison de Perho.	GTGUT
Sibus ka sknarux bi gupun mu.	就是甘蔗讓我牙疼。	It is the sugar cane that makes my teeth hurt.	Ce sont les cannes à sucre qui me font mal aux dents.	GUPUN
Mnarux gupun.	牙痛。	To have a toothache.	Avoir mal aux dents.	GUPUN
Mngasih gupun.	缺牙——牙齒狀況很差。	Toothless - to have teeth in very bad condition.	Edenté - avoir les dents en très mauvais état.	GUPUN
Gupun kikay.	機器的齒。	The teeth (notches) of the machine.	Les crans de la machine.	GUPUN
Yami gxal mu.	我的同伴和我（＝我們，我的同伴）。	My companion and I (= we, my companion).	Mon compagnon et moi (= nous mon compagnon).	G'XAL
Tai ka alang kiya o, mgxal alang nami.	那個部落與我們的部落結盟。（註：最常聽到的是 Mtg'xal，意思相同，儘管 Mtg'xal 表示一種行動。）	That village is allied with ours. (n.b. Most often one hears Mtg'xal, in the same sense, although Mtg'xal indicates an action.)	Ce pays là est allié du nôtre. (nb. Le plus souvent l'on entend : Mtg'xal, dans le même sens, encore que Mtg'xal indique une démarche).	G'XAL
Tgxalun su ima?	你想（該）跟誰組隊？	With whom do you want (must you) team up?	Avec qui veux tu (dois tu) faire équipe ?	G'XAL
Ida paah seuxal ka mtgxal nami.	我們從很久以前就有來往了。	We have been keeping company since long ago.	C'est déjà depuis autrefois que nous nous fréquentons.	G'XAL
Smeura ku bi mita knsuyang bi tngxalan dha.	他們那麼好的隊伍讓我羨慕。	Their fine team makes me envious.	Leur belle équipe me fait envie.	G'XAL
Kmptgxalun mu snawan (snaw) su ka laqi mu paru.	我很想讓我的大兒子跟你丈夫作伴。	I would very much like to pair my eldest boy with your husband.	J'aimerais bien associer mon grand garçon à ton mari.	G'XAL
Snaah na gaing miyah ka hiya stgxal tnan.	他從遠方來與我們結交。	He came from afar to join with us.	Il est venu de loin pour s'associer à nous.	G'XAL
Kmtgxal ku bi gnluban namu!	我很想成為你們群體的一員。	I would very much like to become a member of your community.	Je voudrais bien devenir membre de votre communauté.	G'XAL
Mkmptgxal bi laqi na tnan ka Iban.	Iban 很想讓他的兒子加入我們的團體。	Iban would very much like to bring his son into our group.	Iban aimerait bien faire entrer son fils dans notre groupe.	G'XAL
Ga sapah mu kana ka gghak.	所有的種子都在我家（我家有很多種子）。	All the seeds are at my place (there are many seeds at my place).	Toutes les semences sont chez (il y a beaucoup de semences chez) moi.	G'XAP
Mha nami gmhak trabus ka sayang.	今天我們要去種花生。	Today we are going to plant the peanuts.	Aujourd'hui nous allons planter les arachides.	G'XAP
Musa gmhak mgrbu ka mghak.	播種的人早上去播種。	The sower goes to sow in the morning.	Le semeur va semer le matin.	G'XAP
Saun mu kmsiyuk kingal lubuy trabus sghak mu qmpahan mu truma.	我要去借一袋花生，好種我下方的田。	I want to go borrow a sack of peanuts to plant my lower field.	Je veux aller emprunter un sac d'arachides pour planter mon champ du bas.	G'XAP
Ya bi manu ka gnhpan su daya qmpahan mu?	你在我上方那塊田裡到底種了什麼？	What on earth have you sown in the field that is above mine?	Qu'est ce donc que tu as semé dans le champ qui est plus haut que le mien ?	G'XAP
I cih pila su hu?	你要給我一點錢嗎？	Will you give me a little money?	Veux tu me donner un peu d'argent ?	I
Ana su aji msa su, ida kiya ka kari mu.	即使你說不，我的話（我的命令）依然不變。	Even if you say no, my word (my order) remains the same.	Même si tu dis non, ma parole (mon ordre) reste la même.	IDA
Ana su uxay (ana su msa uxay), ida isu.	即使你說不是真的，還是你。	Even if you say it is not true, it is still you.	Même si tu dis que ce n'est pas vrai, c'est quand même toi.	IDA
Ida kiya.	正是那樣。	That is just it.	C'est justement celà.	IDA
Ida nkiya.	跟從前一樣。	It is as before.	C'est comme avant.	IDA
Ida bi.	或許。	Perhaps.	Peut être.	IDA
Ida bi isu.	或許就是你。	It is perhaps you.	C'est peut être toi.	IDA
Ida ita ka tnpusu.	無論如何，負責的是我們。	In any case it is we who are responsible.	De toute façon c'est nous qui sommes responsables.	IDA
Klaun su mkan idaw hu?	你習慣（會）吃米飯嗎？	Are you used to (do you know how to) eat rice?	Es tu habitué à (sais tu) manger du riz ?	IDAO
Sdmatun su manu ka idaw su?	你要準備什麼配菜（菜餚、蔬菜）來配你的飯？	What side dishes (dishes, vegetables) are you going to prepare to go with your rice?	Quels condiments (plats, légumes) vas tu préparer pour accompagner ton riz ?	IDAO
Idaw masu.	煮熟的小米。	Cooked millet.	Millet cuit.	IDAO
Ga midaw ka bubu su.	你媽媽正在煮飯（或：正在做飯菜）。	Your mother is cooking the rice (or: preparing the meal).	Ta maman est en train de cuire le riz (ou : de préparer le repas).	IDAO
Nasi su peuda tkanan ka payay o, mbuwax ka hiya ni mhapuy su buwax do, midaw da.	如果你把稻穀（payai）去殼，它就變成 BOAX（生米）；如果你把這 BOAX 煮熟，它就會變成 IDAO（熟飯）。	If you husk the paddy (payai), it becomes BOAX (raw rice), and if you cook this BOAX it will become IDAO (cooked rice).	Si tu décortiques le paddy (payai), il devient du BOAX (riz cru), et si tu cuis ce BOAX il deviendra du IDAO (riz cuit).	IDAO
Idas nii o, paru bi ka idas.	這個月月亮很圓。	This month the moon is full.	Ce mois ci la lune est pleine.	IDAS
Nasi miyah tru idas o, kiya da.	三個月後（再過三個月，就是那時候）。	In three months (if three more months pass, it will be then).	Dans trois mois (s'il passe encore trois mois, c'est alors).	IDAS
Wada dha idas da (vl. dha idas snduray)	兩個月前。	Two months ago.	Il y a deux mois.	IDAS
Mnusa ku dha idas (vl. mnusa ku mkdha idas)	我去了兩個月。	I went for two months.	Je suis allé pour deux mois.	IDAS
Tru hngkawas ni rima idas.	三年又五個月。	Three years and five months.	Trois ans et cinq mois.	IDAS
Paru bi dasan keeman kiya, nta smbu rapit hu?	明晚月色很亮！我們去射（獵）飛鼠，好嗎？	Bright moonlight tomorrow night! Let's go shoot (hunt) the flying squirrel, all right?	Grand clair de lune la nuit prochaine ! Allons tirer (chasser) l'écureuil volant, d'accord ?	IDAS
Tayal bi ka iying su!	（註：這會不會是聽成的 GIING——或縮略為 IING？）＝你找得多麼心焦啊！	(n.b. could this be GIING as heard - or reduced to IING?) = With what anxiety you search!	(nb. serait ce : GIING entendu - ou réduit à : IING ?) = Avec quel souci tu cherches !	IING
Tai ka smbu rapit o, kiya ka mkan iraq niya uri.	打到飛鼠的人才吃牠的內臟（註：打到飛鼠的人立刻剖開，趁熱吃下全部內臟）。	It is the one who kills the flying squirrel who eats its viscera (n.b. The one who kills the squirrel opens it at once and eats the viscera while still warm).	C'est celui qui tue l'écureuil volant qui en mange les viscères (nb. Celui qui tue l'écureuil, l'ouvre de suite et en mange les viscères toutes chaudes).	ILAQ
Iraq paru.	大腸。	Large intestine.	Gros intestin.	ILAQ
Iraq qling.	小腸。	Small intestine.	Intestin grèle.	ILAQ
Iril ni narat, narat ka malu.	左邊或右邊，我比較喜歡右邊。	On the left or on the right, I prefer the right.	A gauche ou à droite, je préfère la droite.	ILIL
Mkeiril ka kingal, mknarat ka kingal, mgska ka yaku.	一個在左，一個在右，我在中間。	One on the left, one on the right, me in the middle.	Un à gauche, un à droite, moi au milieu.	ILIL
Ima ka isu?	你是誰？	Who are you?	Qui est tu ?	IMA
Isu o, ima.	你，是誰？	You, who is it?	Toi, qui est ce ?	IMA
Ana ima.	任何人（所有人）。	Anyone (everyone).	N'importe qui (tous).	IMA
Yamu ima.	你和誰？	You with whom?	Toi avec qui ?	IMA
Ida mkla ana ima ka kiya.	那件事，人人都知道！	That, everyone knows it!	Celà, tout le monde le sait !	IMA
Nima ka patas nii?	這本書是誰的？	Whose book is this?	A qui est ce livre ?	IMA
Nnima ka kacing ga?	那頭水牛是誰的牛群裡的？	That buffalo there belongs to whose herd?	Ce buffle là fait partie du troupeau de qui ?	IMA
Nnaku.	那本來是我的！	It was mine!	C'était à moi !	IMA
Wada su biqun emaan ka patas?	你把書給了誰？	To whom did you give the book?	A qui as tu donné le livre ?	IMA
Aji mu rngagun ana emaan ka kiya.	那件事，我肯定不會告訴任何人！	That, I will certainly not tell anyone!	Celà, je ne le dirai certainement à personne !	IMA
Jima ka isu?	你是站在誰那一邊的？	Whose supporter are you?	De qui es tu partisan, toi ?	IMA
Skeima ka bqrus siyaw (mksiyaw) yayung?	溪邊這具屍體（或：這座墳）是誰的？	Whose is this corpse (var.: this grave) at the edge of the stream?	De qui est ce cadavre (vl. cette tombe) au bord du torrent ?	IMA
Ya bi empeima ka laqi mu o, ini mu klai!	我不知道（心裡想著）我的孩子將來會成為什麼樣的人！	I wonder (I do not know) who my child will become!	Je me demande (je ne sais pas) qui mon enfant deviendra !	IMA
Imah nhari! Mha tleetu kiya.	快喝！那要涼了。	Drink quickly! That is going to get cold.	Bois vite ! Celà va devenir froid.	IMAX
Qsiya nanak ka mahun mu, ana malu mahun ka sinaw, ini ku hari kmimah.	我只喝水，即使酒好喝，我也不太想喝（不太想多喝）。	I drink only water; even if the wine is good to drink, I do not much feel like it (I do not much want to drink any).	Je ne bois que de l'eau, même si le vin est bon à boire, je n'en ai pas très envie (je ne désire pas beaucoup en boire).	IMAX
Pmahi ku cicih ka sinaw su masu!	讓我喝一點你的小米酒吧！	Let me drink a little of your millet beer.	Fais moi boire un peu de ta bierre de millet.	IMAX
Empeimah ku sinaw munan kiya.	等一下我會請你們喝酒。	In a little while I will give you wine to drink.	Tout à l'heure je vous ferai boire du vin.	IMAX
Dsun mu spat lungaw sinaw speimah mu kuyuhan.	我要帶四瓶酒去給婦女們喝。	I want to take along four bottles of wine to give the women to drink.	Je veux emporter quatre bouteilles de vin pour donner à boire aux femmes.	IMAX
Ana mnihur bi, ida mu mahun ka sinaw su.	雖然很烈（就算它很烈），你的酒我還是會喝。	Although it is very strong (even if it is very strong), I will still drink your wine.	Bien qu'il soit très fort (même s'il est très fort), je le boirai quand même ton vin.	IMAX
Nmahan su sinaw ka sknarux lhbun su.	是你喝下的酒讓你胃痛。	It is the wine you drank that makes your stomach hurt.	C'est le vin que tu as bu qui te fait mal à l'estomac.	IMAX
Baka bi mahan sinaw da.	該喝（酒）了。	It is time to drink (wine).	Il est temps de boire (du vin).	IMAX
Mahay ta qsiya su hu, msa namu: ga inu ka mahan da?	你們對我說：我們很想喝你的水，那麼喝水的器皿到底在哪裡呢？	We would very much like to drink your water, you tell me: where then are the vessels (for drinking)?	Nous aimerions bien boire ton eau, me dites vous : où sont donc les récipients (pour boire) ?	IMAX
Mkmalu bi dha ina na ka Tadaw.	Tadao 和他的媳婦相處得非常好。	Tadao is on very good terms with his daughter-in-law.	Tadao est en très bons termes avec sa belle fille.	INA
Wana skina mu Iwal ka malu bi lnglungan.	唯有我已過世的媳婦性情非常好（=她的性情最好）。	Only my daughter-in-law who died had a very good character (= she had the best character).	Seule ma belle fille qui est morte avait un très bon caractère (= elle avait le meilleur caractère).	INA
Ini ku kbanah.	我不是紅的。	I am not red.	Je ne suis pas rouge.	INI
Ini ku usa.	我不去。	I am not going.	Je ne vais pas.	INI
Ini ku keuwit.	我不累。	I am not tired.	Je ne suis pas fatigué.	INI
Ga inu ka sapah su?	你住在哪裡？（你的家在哪裡？）	Where do you live? (where is your house?).	Où habites tu ? (où se trouve ta maison ?).	INO
Ana inu ka daan su, ida ku muda.	無論你走哪條路，我也照樣走。	Wherever you pass, I pass there too.	Quel que soit ton passage, j'y passe aussi.	INO
Kiinu ka naqih bi?	那個真正壞的人在哪裡？	Where is he, the one who is really bad?	Où est il celui qui est vraiment mauvais ?	INO
Mkinu ka sapah su.	你的家在哪一邊（在什麼地方、什麼位置）？	On which side is your house (in what place, in what position)?	Ta maison se trouve de quel côté (en quel endroit, dans quelle position) ?	INO
Isil alang.	在村子的另一邊。	On the other side of the village.	De l'autre côté du village.	ISIL
Alang isil.	在另一個村子（別處的村子）。	In another village (a village elsewhere).	Dans un autre village (un village d'ailleurs).	ISIL
Wada isil.	他搬走了（去了別處）。	He has moved away (has gone elsewhere).	Il a déménagé (est allé ailleurs).	ISIL
Isil baga.	只用一隻手。	With one hand only.	D'une seule main.	ISIL
Mita isil.	分心（或：轉頭不看）	To be distracted (var.: to turn away so as not to see)	Etre distrait (vl. se détourner pour ne pas voir)	ISIL
Mkmurisaka namu kana ka yamu hu? … Aji! Mkeisil ka duma.	你們都是 Morisaka 人嗎？……不！有些人是別處來的。	Are you all people from Morisaka? … No! Some are from elsewhere.	Vous êtes tous des gens de Morisaka ? … Non ! Certains sont d'ailleurs.	ISIL
Wada ka hiya isu ka ini su iyax ka isu.	既然你不來，他就走了！	He left, he did, since you were not coming!	Il est parti, lui, puisque tu ne venais pas !	ISO
Mha su inu ka isu.	你，你要去哪裡？	You, where are you going?	Toi, où vas tu ?	ISO
Nisu ka pala nii.	這條裙子（這塊布裙）是你的。	This skirt (this loincloth) is yours.	Cette jupe (ce pagne) est à toi.	ISO
Uxay naku ka nii, nisu nanak.	這不是我的，確實是你的。	This is not mine, it is indeed yours.	Ceci n'est pas à moi, c'est bien à toi.	ISO
Aji nnisu ka kacing nii hu?	這頭水牛難道不是你的其中一頭嗎？	Would this buffalo not be one of yours?	Ce buffle ne serait il pas l'un des tiens ?	ISO
Mha su inu ka isu?	你要去哪裡，你？	Where are you going, you?	Où vas tu, toi ?	ISO
Tama su ka Masa.	Masa 是你的父親。	Masa is your father.	Masa est ton père.	ISO
Mha ku sunan.	我到你那裡去（向你去）。	I am going to your place (toward you).	Je vais chez toi (vers toi).	ISO
Ima ka rmnngaw sunan! Ungat kari mu saw kiya!	是誰對你說（那話）的？我沒說過那樣的話！	Who is it that told you (that)? I said nothing of the sort!	Qui est ce qui t'a dit (celà) ? Je n'ai rien dit de semblable !	ISO
Niqan kari na sunan ka bubu.	媽媽有話要對你說。	Mother has something to tell you.	Maman a quelque chose à te dire.	ISO
Tama saku.	我是你的父親。	I am your father.	Je suis ton père.	ISO
Biqun saku pila.	你要（你想）給我錢（我是你要給的那個「你的人」……）。	You must (you want to) give me the money (I am your-one to whom you will give.).	Tu dois (tu veux) me donner le l'argent (Je sui ton-celui à qui tu donneras.).	ISO
Biqun saku ka pila.	錢，就是你該給我的。	The money is what you must give me.	L'argent, c'est ce que tu dois me donner.	ISO
Tama misu.	你是我的父親。	You are my father.	Tu es mon père.	ISO
Biqun misu pila.	我會給你錢。	I will give you money.	Je te donnerai de l'argent.	ISO
Biqun misu ka pila.	錢，我會給你。	The money, I will give it to you.	L'argent, je te le donnerai.	ISO
Dyamu nanak ka Rabay.	Rabay 是你的親屬。	Rabay is your relative.	Rabay est ta parente.	ISO
Mniyah mgrahul hini kana ka djyamu.	你的族人全都來聚集在這裡了。	All your people have come to gather here.	Tous les tiens sont venus se rassembler ici.	ISO
Taan balay paah daya ka sapah su.	從上面那裡，你的家看得非常清楚。	Your house is very visible from up there.	Ta maison est très visible de là haut.	ITA
Ita pila su.	把你的錢給我(註：或可譯為：我得看看你的錢(?)!。	Give me your money (n.b. can one translate: I must see your money(?)!	Donne moi ton argent (nb. peut on traduire : Il faut que je voie ton argent(?) !	ITA
Ini ku kita.	我看不見。	I do not see.	Je ne vois pas.	ITA
Dsi ku kingal buhug taay mu.	拿一枚錢幣來給我看看。	Bring me a coin so that I may see it.	Apporte moi une pièce de monnaie que je voie.	ITA
Qtaun mu saman ka seejiq kiya.	你說的那個人，我明天會見到。	I will see tomorrow that person you are speaking of.	Je la verrai demain cette personne dont tu parles.	ITA
Ita ka pila su, qtaun su sida ka qnqaya.	讓我看看（遞給我）你的錢，然後你就會看到你的貨物（註：這個 ITA 是否就是詞根，實為動詞 MITA「看」的命令式。）	Show me (hand me) your money, then you will see your goods (n.b. Could this ITA be the root, being really the imperative of the verb MITA = to see.)	Fais moi voir (passe moi) ton argent, tu verras alors ta marchandise (nb. Ce ITA serait il R. En étant vraiment l'impératif du verbe : MITA = Voir.)	ITA
Kana ita mnswayi.	你們所有與我為弟兄的人（對氏族、群體、社群講話時常用的稱呼）。	All of you with whom I am brother (a frequent term of address when speaking to the clan, the group, the community).	Vous tous avec qui je suis frère (terme fréquent d'adresse quand on parle au clan, au groupe, à la communauté).	ITA
Kana ita truku.	我們太魯閣人。（我們全體太魯閣人。）	We the Taroko. (All of us Taroko.)	Nous les taroko. (Nous tous les taroko).	ITA
Mha ta inu ka sayang.	我們現在要去哪裡？	Where are we going now?	Où allons nous maintenant ?	ITA
Malu ta ka ita.	我們，我們很好。	We, we are well.	Nous, nous sommes bien.	ITA
Sapah ta ka malu.	好的（我們所愛的）是我們的家。	It is our house that is good (that we love).	C'est notre maison qui est bien (que nous aimons).	ITA
Tama ta.	我們的父親（孩子們彼此交談時說）。	Our father (the children speaking among themselves).	Notre père (les enfants parlent entre eux.	ITA
Tama nami.	我們的父親（孩子們對父親說）。	Our father (the children speaking to the father).	Notre père (les enfants parlent au père.	ITA
Nasi ta kndrumut o, jiita kana ka dxgal nii.	如果我們勤勞，這塊地就會全都是我們的。	If we are hard-working, this land will be all ours.	Si nous sommes travailleurs, cette terre sera toute à nous.	ITA
Biqun na tnan ka dxgal.	他會把土地給我們。（他要給土地的正是我們。）	He will give us the land. (It is to us that he will give the land.)	Il nous donnera la terre. (C'est à nous qu'il donnera la terre).	ITA
Biqun ta na ka dxgal.	他要給我們的就是這塊土地。	It is the land that he will give us.	C'est la terre qu'il nous donnera.	ITA
Nita ka dxgal nii.	這塊地是我們的。	This land is ours.	Cette terre est à nous.	ITA
Paru ka nhiya, malu ka nita.	他的大，我們的好。	His is big, ours is good.	Le sien est grand, le nôtre est bon.	ITA
Nita ka sapah nii.	這棟房子完完全全是我們的。	It is entirely ours, this house.	Elle est tout à fait à nous cette maison.	ITA
Kingal nnita ka patas.				ITA
… Nii.	這本書是我們的其中一本。	This book is one of ours.	Ce livre est l'un des nôtres.	ITA
Nnita seuxal ka qmpahan kiya.	你所說的那些田地從前是我們的。	The fields you speak of used to belong to us.	Les champs dont tu parles étaient à nous autrefois.	ITA
Deita nanak ka Ciming.	Timing 確實是我們的親人。	Timing is indeed our relative.	Tchiminu est bien notre parente.	ITA
Ddeita nanak ka keaguhun mu.	我只想邀請我們自己的人。	I want to invite only our own people.	Je ne veux inviter que les nôtres.	ITA
Ini sdeita ka Riqaw.	Liqao 不與我（我們）來往。	Liqao does not associate with me (with us).	Liqao ne me (ne nous) fréquente pas.	ITA
Msdeita balay ka Pixan, Pinang ka ini hari sdeita.	Pixan 非常善於交際；不合群的是 Pinang。	Pixan is very sociable; it is Pinang who is not.	Pirhanne est très sociable ; c'est Pinang qui ne l'est pas.	ITA
I cih pila su.	你給我一點你的錢！？	You give me a little of your money!?	Tu me donne un peu de ton argent !?	ITYEX
Ini bi sruwa! Ungat ixan!	他絕對不肯，再堅持也沒有用。	He absolutely refuses; there is no point insisting.	Il ne veut absolument pas, inutile d'insister.	IXAN
Iyax sapah nhari da.	快來家裡。	Come quickly to the house.	Viens vite à la maison.	IYAX
Miyah ku tuhuy nanak.	我只是來走走（散步）而已。	I am only coming for a visit (for a stroll).	Je viens seulement en visite (me promener).	IYAX
Yahi ku bi dmayaw.	你一定要來幫我。	You absolutely must come and help me.	Il faut absolument que tu viennes m'aider.	IYAX
Miyah dha pila da.	還差兩枚錢幣。	Two coins (of money) are still missing.	Il manque encore deux pièces (d'argent).	IYAX
Pida bi mmeiyah ku duri sida.	正當我踏上回程的時候。	Just at the moment of my return journey.	Juste au moment de mon voyage de retour.	IYAX
Manu bi ka yahan su miing kari.	你怎麼會來尋釁（來找爭端的理由）？	What got into you, coming to pick a quarrel (to look for a cause of discord)?	Qu'est ce qui t'a pris de venir chercher querelle (chercher un motif de discorde).	IYAX
Apay, kika yahan mu mita.	Apai，那就是我來看的人（我要來看的人）。	Apai, there is the one I have come to see (whom I am coming to see).	Apai, voilà celle que je suis venu voir. (que je viens voir).	IYAX
Rabay ka nyahan mu mita snduray.	我最近來看的是 Rabay。	It is Rabay whom I came to see recently.	C'est Rabay que je suis venu voir dernièrement.	IYAX
Smiyah nami balay ka yyahan tama ta.	我們熱切等待爸爸的到來。	We are eagerly awaiting Dad's coming.	Nous attendons avec impatience la venue de papa.	IYAX
Pyahi ku rima hiyi ka saman.	明天給我叫五個人來。	Tomorrow, have five people come to me.	Demain, fais moi venir cinq personnes.	IYAX
Pyahun misu saman ka laqi.	我明天會叫孩子們來。	I will have the children come tomorrow.	Je ferai venir les enfants demain.	IYAX
Psaun misu saman ka patas.	我明天會把書送到你那裡（此處不能用 PYAXON，而要用 PSAON）。	I will have the book delivered to you tomorrow (it does not work here, so: not PYAXON but: PSAON).	Je te ferai parvenir le livre demain (il ne marche pas, donc : non pas PYAXON mais : PSAON.	IYAX
Kiya ka pnyahan ku na ka tama.	那就是我父親叫我來的原因。	That is the reason why my father sent for me.	Voilà la raison pourquoi mon père m'a fait venir.	IYAX
Ma su saw sndamat! Smiyah nami balay sunan.	多麼高興（你真使我們想念你）！我們真的在等你。	What joy (you have truly made us long for you)! We are really waiting for you.	Quelle joie (vraiment tu nous a rendus comme nostalgiques) ! Nous t'attendons vraiment.	IYAX
Pida bi smyahan dha Sibal sida.	正當他們在等 Sibal 的時候。	Just at the moment when they were waiting for Sibal.	Juste au moment où ils attendaient Sibal.	IYAX
Smiyahun su dha balay.	他們真的非常期待你來。	You are truly much awaited by them.	Tu es vraiment très attendu par eux.	IYAX
Bsiyaq su bi pnsmiyah mnan.	你讓我們想念了好久！	You kept us longing for you for a long time!	Tu t'es fait longtemps désirer par nous !	IYAX
Ungat bi iyax na sayang.	目前他毫無資財。	For the moment he has no resources at all.	Pour le moment il n'a pas du tout de ressources.	IYAX
Niqan paru bi iyax ka pnsmukan su qcinuh.	你釘的木板之間有一道很大的縫隙。	There is a very large gap (a crack) between the boards you nailed.	Il y a un bien grand espace (une fente) entre les planches que tu as clouées.	IYAX
Sai mhuma beyluh ka iyax sqmu.	去玉米株之間的空地種豆子。	Go plant beans in the space between the maize plants.	Va planter des haricots dans l'espace entre les pieds de maïs.	IYAX
Mkphing ka tahut; yupi binaw.	火快熄了，快吹一吹！	The fire is going out; blow on it a little!	Le feu est en train de s'éteindre, souffle donc un peu !	IYUP
Yupun mu kiya ka lusuk.	我待會兒會把蠟燭吹熄。	I will blow out the candle in a moment.	J'éteindrai la bougie tout à l'heure.	IYUP
Baka bi yupan da.	該熄滅了。	It is time to put it out.	Il est temps d'éteindre.	IYUP
Kmstrung ku bi ka yaku.	我啊，很想結婚。	As for me, I would really like to get married.	Moi, je voudrais bien me marier.	IYUX
Iyux seangal na mqpah.	為了能娶到一個（為他）做工的女子。	In order to be able to take a working woman (for his own benefit).	Pour pouvoir prendre una ouvrière (à son profit).	IYUX
Ana ku kmpstrung laqi o, ungat ixan.	儘管我想（希望）讓兒子成婚，但過分堅持（強迫他）是沒有用的。	However much I want (desire) to marry off my son, it is useless to insist too much (to force him).	J'ai beau vouloir (désirer) marier mon fils, mais c'est inutile de trop insister (de l'obliger).	IYUX
Yaku ka malu.	好的（人）是我。	The good one is me.	Le bon, c'est moi.	KA
Malu ka yaku.	我呢，我很好。	As for me, I am well.	Moi, je suis bien.	KA
Kiya o, embanah.	那個是紅的。	That is red.	Celà, c'est rouge.	KA
Kiya ka embanah.	紅的是那一個。	It is that one, the red one.	C'est celui là, le rouge.	KA
Saun misu mangal ka saman.	明天就是我要去接你的日子。	Tomorrow is the day I want to go and fetch you.	Demain c'est le jour où je veux aller te chercher.	KA
Saun mu kmeaguh Ka Kumu iiyah na mkan ray laqi mu.	我要去邀請 Komù，請她來參加（吃）我兒子的婚宴。	I want to go and invite Komù so that she may come take part in (eat at) my son's wedding.	Je veux aller inviter Comou pour qu'elle vienne prendre part (manger) aux noces de mon fils.	KAGOX
Piya hiyi ka kneaguhan su?	你邀請了幾個人？	How many people have you invited?	Combien de personnes as tu invité ?	KAGOX
Keaguhun misu saman msupu dhyaan.	我明天會和他們一起邀請你。	I will invite you tomorrow at the same time as them.	Je t'inviterai demain en même temps qu'eux.	KAGOX
Kmneaguh ku maxal dha hiyi ni, maspat bi miyah ka kneaguh mu.	我邀請了十二個人，受邀的人當中來了八位（我的八位客人來了）。	I invited twelve people, and eight of those I had invited (eight of my guests) came.	J'ai invité douze personnes et huit de ceux que j'avais invités (huit de mes invités) sont venus.	KAGOX
Wada mgkala Tagahan baraw ka Kaji.	Kadi 已動身要上到上方的 Tagahan。	Kadi has left to go up to upper Tagahan.	Cadji est partie pour monter à Tagahan du haut.	KALA
Saw paru tunux o, mgkala ka Pixan.	論學識，Pixan 勝過（他）。	As a scholar, Pixan surpasses (him).	Comme savant, Pirhanne (le) dépasse.	KALA
Tayal kmalu ka kngkla ta pngpung dgiyaq seuxal.	從前我們攀登（登上山頂）那座山是多麼美妙啊！	How marvelous our ascent (our climb to the summit) of the mountain was in the old days!	Comme elle était merveilleuse no ascension (notre montée au sommet) de la montagne autrefois !	KALA
Ungat pgklaan.	未被超越（不可超越）——至高者——（無可爭議的）在上者。	Not surpassed (unsurpassable) - the Most High - the (uncontested) superior.	Non dépassé (non dépassable) - Le très haut - le supérieur (incontesté).	KALA
Laqi balay ungat pgklaan Tama ka Yisu.	耶穌是超乎萬有之上的父的真兒子。	Jesus is the true son of the Father who is above all.	Jesus est le vrai fils du Père qui est au dessus de tout.	KALA
Ini ku karaw pusu susidyu su.	我不爬你的相思樹。	I will not climb your mimosa tree.	Je ne grimpe pas sur ton mimosa.	KALAO
Jyagi ku kmaraw qhuni nii ssilaq su sida niya.	請幫我爬上這棵樹砍下它的枝條。	Do me the favor of climbing this tree to cut off its branches.	Rend moi le service de grimper sur cet arbre pour couper ses branches.	KALAO
Jiyax jiyax ida mkaraw pusu qhuni ka laqi su.	你兒子天天爬在樹上。	Day after day your son is up in the trees.	Jour après jours ton fils est grimpé sur les arbres.	KALAO
Pkragun mu dnamux sapah ka kana lqlaqi matas.	我會讓所有學生爬上屋頂。	I will have all the pupils climb onto the roof of the house.	Je ferai grimper sur le toit de la maison tous les élèves.	KALAO
Malu bi kragan ka pusu sbiki.	檳榔樹是容易攀爬的（樹）。	The areca palm is (a tree that is) easy to climb.	L'aréquier est (un arbre) facile à escalader.	KALAO
Ana dxgal, ana karat, ana manu bi o, ida tnunan Utux baraw kana.	無論是地，無論是天，無論是一切萬有，都是上天之靈所織成（創造）的。	Whether it be the earth, whether it be the sky, whether it be absolutely everything, all was woven (created) by the Spirit on high.	Que ce soit la terre, que ce soit le ciel, que ce soit absolument tout, tout a été tissé (crée) par l'Esprit d'en haut.	KALAT
Kana dxgal ni karat o, thngayan dahu su.	整個大地和整個天空都充滿你的榮耀。	All the earth and all the sky are filled with your glory.	Toute la terre et tout le ciel sont remplis de ta gloire.	KALAT
Malu karat.	好天氣。	Fine weather.	Beau temps.	KALAT
Naqih karat.	壞天氣。	Bad weather.	Mauvais temps.	KALAT
Karat bi ka sayang.	今天天氣熱。	Today it is hot.	Aujourd'hui il fait chaud.	KALAT
Paru karat da.	天氣非常晴朗。	The weather is very fine.	Il fait grand beau temps.	KALAT
Miyah su saman? … Asi ka karat.	你明天來嗎？……那要看天氣。	Are you coming tomorrow? … That depends on the weather.	Tu viens demain ? … Cela dépend du temps.	KALAT
Ida paah karat ka uqun.	我們的收成取決於天氣。	Our harvest depends on the weather.	Notre récolte est tributaire du temps.	KALAT
Qribun mu sayang ana manu ka mswiwil.	我現在要把所有垂下來的東西（流蘇等）都剪掉。	I want to cut off now everything that hangs down (fringes, etc.).	Je veux couper maintenant tout ce qui pend (franges.).	KALIP
Naqih bi qriban ka galiq su.	你的布料不容易剪。	Your cloth is not easy to cut.	Ton étoffe n'est pas facile à couper.	KALIP
Hawan bi! Ma su qribun ka gasil.	可惜！你為什麼要剪斷繩子？	What a pity! Why are you cutting the string?	Dommage ! Pourquoi coupes tu la ficelle ?	KALIP
Wada mu qriban ka tunux niya; malu bi qriban duri ka tunux su.	我幫他理了髮（我剪了他的頭）；你的頭髮更容易剪（理）。	I cut his hair (I cut his head); your head is even easier to cut (to trim).	Je l'ai coiffé (j'ai coupé sa tête) ; Ta tête est encore plus facile à (couper) coiffer.	KALIP
Ga kmalu tunux na ka bubu su.	你媽媽正在梳她的頭髮。	Your mother is combing her hair.	Ta maman est en train de peigner ses cheveux.	KALO
Usa nhari pkalu tunux su! Quhing su kana da!	快去讓人幫你梳頭！你滿頭都是蝨子！	Go quickly and get your hair combed! You are covered in lice!	Va vite te faire peigner ! Tu es plein de poux !	KALO
Mhdu msburaw kana da.	完全爛掉了。	It is completely rotten.	C'est complètement pourri.	KANA
Mnarux kana tunux mu.	我整個頭都在痛。	My whole head hurts.	Toute ma tête me fait mal.	KANA
Ida emphuqil kana ka sseejiq.	無論如何，所有的人都必須死。	In any case, all human beings must die.	De toute façon, tous les humains doivent mourir.	KANA
Kana sseejiq (?) nbabaw dxgal.	全人類。	All of humanity.	Toute l'humanité.	KANA
Pnuda kari tama mu shiga.	我父親昨天下了這個命令。	My father ordered it yesterday.	Mon père l'a ordonné hier.	KARI
Lxan balay ka kari truku.	太魯閣語很容易。	The Taroko language is very easy.	La langue taroko est très facile.	KARI
Niqan kari.	據說（有傳言說……）。	It is said (there is a rumor that...).	On dit (il y a la rumeur que.).	KARI
Kari seejiq.	根據人們所說。	According to what people say.	D'après ce que disent les gens.	KARI
Smalu kari.	調解－充當和事佬。	To reconcile - to act as conciliator.	Réconcilier - faire le conciliateur.	KARI
Ungat kari mu.	我無話可說。	I have nothing to say.	Je n'ai rien à dire.	KARI
Ini iyax ka kari mu.	我說不出話了－找不到話說。	I have no voice left - not to know how to find the words.	Je n'ai plus de voix - Ne pas savoir trouver les mots.	KARI
Balay bi kari o.	老實說。	To speak sincerely.	Pour parler sincèrement.	KARI
Hmut kari.	空話。	Idle words (words in the air).	Paroles en l'air.	KARI
Pusu kari.	談話的核心－所談內容的要點。	The heart of the discussion - the essence of what is being talked about.	Le fond de la discussion - l'essentiel de ce dont on parle.	KARI
Manu bi ka pusu kari namu?	你們在談什麼？	What are you talking about?	De quoi parlez vous ?	KARI
Ungat pusu ka kari namu.	你們的話沒有意義。	Your speech makes no sense.	Votre discours n'a pas de sens.	KARI
Mha namu qmpah kana, msa su o, Ya ima ka tnkari?	你說你們全都要去工作；是誰下的命令？（或：是誰說的？）	You are all going to work, you say; who is it that gave the order? (var.: who is it that said it?).	Vous allez tous travailler, dis tu ; qui est ce qui en a donné l'ordre ? (vl. qui est ce qui l'a dit ?).	KARI
Pnkari laqi ka kari su.	你的說話方式是小孩子的說話方式。	Your way of speaking is a child's way of speaking.	Ton parler c'est un parler d'enfant.	KARI
Tgsai bi pnkari truku kika emptduwa embahang kana drudan da.	你必須用太魯閣語教學，這樣所有的長者才能聽懂。	You must teach in the Taroko language, so that all the elders will be able to understand.	Il faut que tu enseignes en langue taroko, ainsi tous les anciens pourront comprendre.	KARI
Balay bi pnbaga ka kari na.	說實在的，他是用手在說話。	To tell the truth, he speaks with his hands.	A vrai dire il parle avec les mains.	KARI
Uxay pnemaxal ta lubuy msa ka pngkari su nanak?	你的承諾（你的話）不是告訴過我們每人十袋嗎？	Did your promise (your word) not tell us that it would be ten sacks per person?	Ta promesse (ta parole) ne nous avait elle pas dit que ce serait dix sacs par personne ?	KARI
Luhay naqih seejiq ka smkari.	失信是無賴之徒的習性。	It is the habit of good-for-nothings to break their word.	C'est l'habitude des vauriens que de manquer à leur parole.	KARI
Kacing lubuy.	乳牛。	Dairy cow.	Vache laitière.	KATING
Kacing damay.	馬。	Horse.	Cheval.	KATING
Kacing bukuh	駱駝。	Camel.	Chameau.	KATING
Wawa kacing.	小牛。	Calf.	Veau.	KATING
Giyas kacing.	小母牛。	Heifer.	Génisse.	KATING
Biyuq unuh kacing.	牛奶。	Cow's milk.	Lait de vache.	KATING
Quci kacing.	牛糞。	Cow dung.	Bouse.	KATING
Kingal kari su, kasi ku malu ka yaku da.	你只要一句命令，（就會使）我痊癒。	A single order from you (will make it so) that I shall be healed.	Un seul ordre de toi (fera) que je serai guéri.	KASI
Ma namu mkasi banasi da! Usa nanak qmpah da!	你們怎麼在那裡閒聊起來了？快去工作！	What has gotten into you, standing there chattering? Go and work!	Qu'est ce qui vous prend d'être là à papoter ? Allez donc travailler !	KASI
Kaway bi empstrung su rklit muda dgiyaq da!	你等著瞧（威脅語）！你過山的時候會遇上雲豹。	You'll see (a threat)! You are going to meet the leopard as you pass through the mountains.	Tu vas voir (menace) ! Tu vas rencontrer le léopard en passant par la montagne.	KAWAI
Nasi su musa do, mha nami snkaway sunan kana.	如果你要走，我們全都要去送你（向你道別）。	If you leave, we will all go to accompany you (to say goodbye to you).	Si tu pars, nous allons tous t'accompagner (pour te dire au revoir).	SNKAWAI
Mntucing shkawas ka laqi Ribix.	Ribix的孩子去年出生（落地）。	Ribix's child was born (fell) last year.	L'enfant de Libish est né (est tombé) l'an passé.	KAWAS
Shkawas ka mntucing (ka) laqi Ribix.	Ribix的孩子是去年出生的。	It was last year that Ribix's child was born.	C'est l'an passé qu'est né l'enfant de Libish.	KAWAS
Shkawas seuxal.	往昔的歲月。	The years of long ago.	Les années d'autrefois.	KAWAS
Hkawas ka saun misu mita.	我明年才會去看你。	It is next year that I will go to see you.	C'est l'an prochain que j'irai te voir.	KAWAS
Hkawas ni hkawas duri.	後年（兩年後）。	The year after next (in two years).	L'année après celle ci (dans deux ans).	KAWAS
Kawas kawas o, ida kiya.	每年（年復一年）都是一樣。	Every year (year after year) it is the same thing.	Chaque année (année après année) c'est la même chose.	KAWAS
Ya piya hngkawas na ka tama mu o, ini mu klai! Hmut lala bi.	我父親可能有多少歲，我不知道！他的歲數太多了！（註：有時也聽到SXKAWAS用來表示「去年」。）	How many years old my father might be, I do not know! He has so many! (n.b. One sometimes hears SXKAWAS to say: last year.)	Combien d'années pourrait avoir mon père, je ne le sais pas ! Il en a tellement ! (nb. On entend parfois : SXKAWAS pour dire : L'an passé.).	KAWAS
Keiyaw bi aji namu tjiyal pneutuxan.	你們要保持警醒，免得受騙（免得被人弄昏了頭）。（詞根：EYAO不太可能！）	Stay awake so as not to let yourselves be deceived (so that no one makes you lose your head). (Root: EYAO unlikely!)	Restez éveillés pour ne pas vous laisser tromper (pour qu'on ne vous fasse pas perdre la tête). (R.: EYAO peu probable !).	KAYAO
Aji namu dhqun supu knan meiyaw.	你們沒辦法跟我一起守夜！	You will not manage to stay awake with me!	Vous n'arriverez pas à veiller avec moi !	KAYAO
Pkeiyaw brbirat mu kdjiyax ka sbhuran da.	這颳風的天氣讓我的耳朵一直保持警醒（讓我睡不著）。	This windy weather keeps my ears constantly on the alert (does not let me sleep).	Ce temps de vent me tient les oreilles toujours en éveil (ne me laisse pas dormir).	KAYAO
Hidaw pada sida o, yahi ku bi pkeiyaw.	在「山羌的太陽」出現時（山頂剛露出第一道曙光時），一定要來叫醒我！	At the moment of the chamois' sun (at the very first light on the mountain tops), come and wake me without fail!	Au moment du soleil du chamoix (aux toutes premières lueurs sur les cimes), viens me réveiller sans faute !	KAYAO
Jiyax jiyax o, bsiyaq bi kayagan na ka hiya.	每天他都守夜守很久。	Every day, he stays awake for a very long time.	Chaque jour, il veille très longtemps.	KAYAO
Sai pstutuy lqlaqi da, baka bi kayagan da.	去叫孩子們起床；該起床了（該被叫醒了）（註：有時也聽到Kayagan而非k'yagan）。	Go get the children up; it is time to get up (to be awakened) (n.b. One also sometimes hears Kayagan instead of k'yagan).	Va faire lever les enfants ; il est temps de se lever (d'être réveillé) (nb. On entend aussi parfois : Kayagan au lieu de : k'yagan).	KAYAO
Keeman kiya.	今晚，即將來臨的這個夜晚。	Tonight, this coming night.	Ce soir, cette nuit qui vient.	KA'MAN
Keeman bi da! Nta sapah da.	天真的黑了，我們回家吧。	It is really dark now; let us go home.	Il fait vraiment nuit maintenant, allons à la maison.	KA'MAN
Mkeeman ka qmpahan mu trabus.	我的花生田長滿了雜草。	My peanut field is full of weeds.	Mon champ d'arachides est plein de mauvaise herbe.	KA'MAN
Empkeeman knuwan da hu!	到底什麼時候才會天黑！	When on earth is it going to get dark!	Quand est ce donc qu'il va faire nuit !	KA'MAN
Skeeman seuxal.	很久以前的一個夜晚。	A night long ago.	Une nuit d'il y a longtemps.	KA'MAN
Mntaqi su inu skeeman?	你昨晚睡在哪裡？	Where did you sleep last night?	Où as tu dormi la nuit dernière ?	KA'MAN
Naqih bi uda na ka elug ta shiga, ya sa paru knkmanan na sida.	我們昨天的路真不好走！天實在太黑了！	Our road yesterday was not easy to walk! It was really far too dark!	Elle n'était pas facile à marcher notre route de hier ! Il faisait vraiment trop nuit !	KA'MAN
Bnhangan mu kari o, ana hidaw ida pnkmanun ka nxal, msa.	我聽人說過，據說在很久很久以後，連太陽也將變暗。	What I have heard said affirms that even the sun will be darkened, a very long time from now.	Ce que j'ai entendu dire, assure que même le soleil sera obscurci, dans très longtemps.	KA'MAN
Mnusa ku qmburung payay sapah ama mu.	我去女婿家收割稻穀了。	I went to harvest the rice grain at my son-in-law's house.	Je suis aller récolter la graine de riz chez mon gendre.	KBOLONG
Aji biyaw ka qbrungan payay da, kika niqun ta uqun duri da.	不久就是收割稻子的時候，那時我們又有得吃了。	Before long it will be the rice harvest, and then we will again have something to eat.	Avant peu ce sera la moisson du riz, et nous aurons alors de nouveau à manger.	KBOLONG
Maxal nami mnswayi, spat ka qbsuran mu rima ka swayi.	我們兄弟姊妹十人：四個比我年長，五個比我年幼。	We are ten brothers and sisters: four are older than I and five are younger.	Nous sommes dix frères et soeurs : quatre sont mes aînés et cinq mes cadets.	KBSULAN
Snaw? Kuyuh hu; Ima namu bi ka qbsuran?	男孩？還是女孩？你們之中誰才真正是老大？	The boy? Or the girl? Which of you is really the eldest?	Le garçon ? La fille qui de vous est vraiment l'ainé ?	KBSULAN
Isu ni yaku o, yaku ka qbsuran.	你和我之間，我是年長的。	Of you and me, I am the elder.	De toi et moi, c'est moi l'ainé.	KBSULAN
Spat kbkuy ni mrimal spat.	四百五十四。	Four hundred fifty-four.	Quatre cent cinquante quatre.	KBUKWI
Maxal spat kmbkiyan.	十四個百。	Fourteen hundreds.	Quatorze centaines.	KBUKWI
Kingal knbkiyan, ni kingal kbkuy ni maxal kingal.	一千一百一十一。	One thousand one hundred eleven.	Mille cent onze.	KBUKWI
Kndadax su inu ka mgrbu suni?	你今天早上是從哪裡出發的？	Where did you set out from this morning?	D'où es tu parti ce matin ?	KDADAX
Kmdamat nami sunan, mtgsa.	老師，我們向您問候（祝賀）。	We greet (congratulate) you, teacher.	Nous vous saluons (félicitons), professeur.	KDAMAT
Embahang kndmatan dha ka Iban o, …	Iban聽到他們的問候之後……	When Iban had heard their greetings.	Quand Ibanne eut entendu leurs salutations.	KDAMAT
Putung kdax.	以燧石、鐵和火絨取火的打火器。	The fire-striker with flint, steel and tinder.	Le briquet à silex et fer et amadou.	KDAX
Apay do, dhqan jiyax gdrgan na, mngdurug kingal laqi snaw.	至於阿拜，她臨盆的日子到了，便生下一個男孩。	As for Apai, her time to give birth having come, she brought a male child into the world.	Quant à Apai, son temps d'enfanter étant arrivé, elle mit au monde un enfant mâle.	KDOLO
Miyah bi mkpiya bitaq jiyax su gdrgan?	距離你分娩的日子還差幾天？	How many days are still left before the day of your delivery?	Il manque encore combien de jours pour arriver au jour de ton accouchement ?	KDOLO
Empshjil su ni empgdurug su kingal laqi snaw ni pthnganun su Yisu.	你將懷孕並生下一個男孩，（你）要給他起名（叫）耶穌。	You will conceive and you will bear a boy (whom) you will call (you will give the name) Jesus.	Tu concevras et tu enfanteras un garçon (que) tu appelleras (tu mettras nom) Jesus.	KDOLO
Ga mtqdrux hiya kana lblubuy sqmu.	所有的玉米袋都整齊地堆放在那邊。	All the sacks of maize are well stacked over there.	Tous les sacs de maïs sont bien empilés là bas.	KDOLOX
Ana ququ su tluung babaw qndrux!	你大可以坐在牆上。	You may very well sit on the wall.	Tu peux très bien t'asseoir sur le mur.	KDOLOX
Kingal nanak qndrxan na ka Wilang.	維朗築牆有一套非常特別的方法。	Wilang has an entirely special way of building a wall.	Ouilang a une façon toute spéciale de construire un mur.	KDOLOX
Qndrxan tama ni qndrxan laqi o, mgkala bi knsuyang ka ntama.	父親築的牆和兒子築的牆，還是父親那道更美（美得勝過一籌）。	Of the wall built by the father and the one built by the son, it is the father's that is the more beautiful (it surpasses in beauty).	Du mur construit par le père et de celui construit pas le fils, c'est celui du père qui est plus beau (il dépasse en beauté)	KDOLOX
Msdrux balay lnglungan na ka embrhug nami.	我們的頭目有一顆真正正直、忠誠的心。	Our chief has a truly upright, loyal heart.	Notre chef a un coeur vraiment intègre, loyal.	KDOLOX
Psdrxi ka lnglungan.	把你的良心導正。	Straighten your conscience.	Redresse ta conscience.	KDOLOX
Ini kla mita ana manu ka saw meetung dowriq.	眼睛失明的人什麼也看不見。	Those whose eyes are blind cannot see anything at all.	Ceux qui ont les yeux aveugles ne peuvent pas voir quoi que ce soit.	KETA
Mnita su ka tnbgan dha kumay?	他們養的那頭熊，你看過了嗎？	Have you seen the bear they are raising?	L'as tu vu l'ours qu'ils élèvent ?	KETA
Qtaun su hici.	你以後就會看到。	You will see later.	Tu verras plus tard.	KETA
Nita mu balay.	我真的看見了—我確實看見。	I really saw - I was really seeing.	J'ai vraiment vu - je voyais vraiment.	KETA
Qntaan mu balay.	這確實是我所看見的。	It is truly what I saw.	C'est vraiment ce que j'ai vu.	KETA
Taan mu o, hmut qhuni, uxay seejiq ka gaga.	就我所見，那邊只是木頭，不是人。	From what I see, that over there is only wood, and not a person.	D'après ce que je vois, ce n'est que du bois, là bas, et non pas une personne.	KETA
Malu bi taan.	很好看。	It is beautiful to see.	C'est beau à voir.	KETA
Qntaan mu shiga ka seejiq kiya.	你說的那個人，我昨天見過了。	I saw her yesterday, the person you are speaking of.	Je l'ai vue hier, la personne dont tu parles.	KETA
Paah hini o, taan balay ka sapah su.	從這裡可以清楚看見你的家。	From here, your house is quite visible.	Depuis ici, ta maison est bien visible.	KETA
Tluung kana ka dyamu brah, spqita namu saw mkbukuy.	前面的各位都請坐下，好讓後面的人（也）看得見。	Sit down, all you who are in front, so as to allow those who are behind to see (too).	Asseyez vous, tous ceux qui sont devant pour permettre à ceux qui sont derrière de voir (aussi).	KETA
Mkmita ku bi ka yaku uri! Ini ta kita ka ita o, hbaraw bi ka mqita.	我也好想看看！我們看不到，（可是）看得到的人真多。	I too would really like to see! We do not see, (but) those who see are many.	Je voudrais bien voir moi aussi ! Nous ne voyons pas (mais) ils sont nombreux ceux qui voient.	KETA
Ki do, saun mu mangal.	既然如此，我要去把它拿來。	If that is so, I want to go take it.	S'il en est ainsi, je veux aller le prendre.	KI
Mskuy bi ki da.	天氣實在冷得很！	It is decidedly very cold!	Décidément il fait bien froid !	KI
Ki bi ka biyax mu.	我的能耐就只有這樣了（我的力氣到此為止！）	That is really all I can do (my strength goes no further!)	Voilà bien tout ce que je peux (mes forces ne vont pas plus loin !)	KI
Miyah ku kiya ka yaku.	我嘛，待會兒再來。	I am coming later, myself.	Je viens plus tard, moi.	KIA
Uxay patas nii! Patas kiya.	不是這本書！是先前說到的那本書。	Not this book here! The book that was spoken of.	Non pas ce livre ci ! Le livre dont il a été question.	KIA
Mha su qmpah? … Kiya!	你要去工作嗎？……是啊！	Are you going to work? … Yes!	Tu vas travailler ? … Oui !	KIA
Kiya ka kiya.	話是這麼說，但是……—既然如此。	Agreed, but. - That being so.	D'accord mais … - Celà étant.	KIA
Kiya do.	既然這樣—接著。	If that is so - then.	S'il en est ainsi - ensuite.	KIA
Kiya da.	那就夠了—結束了。	That is enough - it is finished.	Celà suffit - c'est fini.	KIA
Kiya binaw.	啊，對了！—還有那件事。	Ah yes! - There is still that.	Ah oui ! - Il y a encore celà.	KIA
Kiya ni.	還有……。	And also.	Et aussi.	KIA
Malu su hu? … Ida kiya.	你好嗎？……還是老樣子！	Are you well? … It is still the same thing!	Tu vas bien ? … C'est toujours la même chose !	KIA
Malu su hu? … Ida nkiya.	你好嗎？……跟從前一樣。	Are you well? … It is the same as before.	Tu vas bien ? … C'est comme avant.	KIA
Aji bi ki da = Aji bi kida.	不！那不可能！	No! That is not possible!	Non ! Celà n'est pas possible !	KIDA
Aji bi kiya da.	那絕不可能是那個、那一位！	It absolutely cannot be that, that one there!	Ce ne peut absolument pas être celà, celui là !	KIDA
Ima kida?	到底是誰？—究竟會是誰呢？	Who then? - Whoever can it be?	Qui doc ? - De qui peut il bien s'agir ?	KIDA
Kii inu ka malu?	是哪一個好？（靠近哪裡的那個才好？）	Which one is good? (The one near where is it that is good?).	C'est lequel qui est bon ? (Celui qui est près de où, qui est bon ?).	KII
Ga qmpah kii bi sapah mu ka hiya.	他正在我家附近工作。	He is working right next to my house.	Il est en train de travailler tout près de ma maison.	KII
Maxal kingal.	十一。	Eleven.	Onze.	KINGAL
Kingal balay.	僅僅一個。	Only one.	Un seul.	KINGAL
Kingal nanak.	1) 僅一個=只有一個。2) 奇特—不尋常。	1) Only one = just one. 2) Odd - not ordinary.	1) Un seul = Seulement un. 2) Bizarre - pas ordinaire.	KINGAL
Kingal nanak ka kacing mu.	我只有一頭水牛。	I have only one buffalo.	Je n'ai qu'un buffle.	KINGAL
Kingal nanak ka kacing mu.	我的水牛很特別—我的水牛很奇特。	My buffalo is special - my buffalo is odd.	Il est spécial mon buffle - Il est bizarre, mon buffle.	KINGAL
Mnkingal ku bi gmneeguy pila.	我只偷過一次錢。	I stole money only once.	Je n'ai volé de l'argent qu'une seule fois.	KINGAL
Ma namu mssikul! Ida pnkingal ka empniqun namu.	你們擠什麼擠？反正每人都會有一份。	Why are you jostling one another? In any case you will each get one.	Qu'est ce que vous avez à vous bousculer ? De toute façon vous en aurez chacun un.	KINGAL
Pnkingal ta bi tasil kana.	我們每人各拿一塊石頭吧。	Let each of us take a stone.	Prenons chacun une pierre.	KINGAL
Ungat bi hiyi ka payay mu! Wana bi knkingal.	我的稻子都不結穗，只零零星星、東一株西一株。	My rice plants have no grain, barely one here and there.	Mes plants de riz n'ont pas de grains, à peine l'un ou l'autre, par ci par là.	KINGAL
Knkingal namu bi ka mniyah pririh kusa na.	你們當中只有寥寥幾人來還債。	Barely one or another of you has come to pay (back) his debts.	A peine l'un ou l'autre d'entre vous est venu payer (rendre) ses dettes.	KINGAL
Mskingal bi lnglungan kana ka dhiya.	他們全都同心（他們只有一顆心）。	They all stand together (they have but one heart).	Ils sont tous solidaires (ils n'ont qu'un seul coeur).	KINGAL
Nduwa bi pskingal lnglungan su.	務要使你的心思、你的計畫合一（不要同時懷著好幾個計畫）。	See to it that you unify your thought, your plan (so as not to have several plans at once).	Fais en sorte d'unifier ta pensée, ton projet (de ne pas avoir plusieurs projets à la fois).	KINGAL
Skngalun ta lnglungan nhari.	我們趕快取得共識吧。	Let us quickly come to an agreement.	Mettons nous vite d'accord.	KINGAL
Sndha ka hiraw ni snkingal bi ka sapaw mu.	我上面蓋了兩層被子，但底下只鋪了一層。	I have a double blanket on top but only a single one underneath.	J'ai une double couverture par dessus mais je n'en ai qu'une par dessous.	KINGAL
Snkingal ku mangal; skngali bi mapa ka isu uri.	我一次全拿走；你也一次把全部背走吧。	I take it all in one go; you too, carry everything in one go.	Je prends en une seule fois ; porte tout en une fois toi aussi.	KINGAL
Ya keisug! Ini ku ekan seejiq!	別怕！我不吃人！（參見 ISO＝詞根？）	Don't be afraid! I don't eat anyone! (See ISO = root?)	N'aie pas peur ! Je ne mange personne ! (Vr. ISO = R ?)	KISO
Misu ku musa sapah! Mksaang bi ka tama mu!	我不敢回家！爸爸正在氣頭上！	I am afraid to go home! Dad is in a bad mood!	J'ai peur de rentrer (chez moi) ! Papa est de mauvaise humeur !	KISO
Manu bi ka ksgun (ksugun) su?	你到底怕什麼（是什麼讓你害怕？）。	What are you afraid of (what is it that frightens you?).	De quoi as tu peur (qu'est ce qui te fait peur ?).	KISO
Isu bi kingal ka ksgun mu balay.	你確實是我唯一真正害怕的人。	You are truly the only one I really fear.	Tu es bien le seul que je craigne vraiment.	KISO
Mnhuqil asaw knsgan na ka Tunun.	Tunun 嚇死了。	Tunun died of fright.	Tounoun est mort de peur.	KISO
Ya usa! Mha su cseisug nanak.	別去！你只會嚇壞自己而已。	Don't go! You will only end up terrified.	Ne va pas ! Tu ne réussiras qu'à être apeuré.	KISO
Saw smeisug bi taan ka dowriq su!	你的眼神看起來很嚇人。	Your gaze is frightening to look at.	Ton regard est effrayant à voir.	KISO
Ungat pdkaan ka knssgan niya.	那可怕得無與倫比！	It is incomparably frightening!	C'est incomparablement effrayant !	KISO
Uxay psgun ka laqi! Ini ta tduwa hmut pseisug dhyaan.	小孩不是拿來嚇的！不可以隨便嚇唬小孩。	A child is not to be frightened! One must not frighten children lightly.	L'enfant n'est pas à effrayer ! Il ne faut pas effrayer les enfants à la légère.	KISO
Paru qrasun jiyax do, mkiyux ta balay kska sapah haduran.	每逢大節慶的日子，我們的教堂裡真的擠得水洩不通。	On days of great celebration, we are really packed very tightly in our church.	Aux jours de grande fête, nous sommes vraiment très serrés dans notre église.	KIYUX
Pkiyux balay ka tqian ta.	我們睡覺的地方非常狹窄（我們彼此緊貼著擠在一起）。	We are very cramped (we press against one another) in the place where we sleep.	Nous sommes très à l'étroit (nous nous pressons les uns contre les autres) dans l'endroit où l'on dort.	KIYUX
Pkyuxi cicih ka dyamu brah, hbaraw seejiq ka ini tmay.	前面的人稍微擠一擠，還有很多人沒進來。	Squeeze together a little, those of you in front; there are many people who have not yet come in.	Serrez vous un peu, ceux qui sont devant, il y a beaucoup de gens qui ne sont pas rentrés.	KIYUX
Tayal bi pkyuxan ka pnpaan ta tdruy suni.	哎呀！我們剛才搭的火車上人真是多得不得了！	My goodness! What a crowd there was on the train we took just now!	Oh la la ! Quel monde il y avait sur le train que nous avons pris tout à l'heure !	KIYUX
Mkribul ku nii o, Suqi tkiyux bi da.	我要是穿上這條褲子，實在是太緊了。	If I put on these trousers, they are really far too tight.	Si je mets ces pantalons, c'est vraiment trop à l'étroit.	KIYUX
Qlhangi bi qmlqah muda namu elug; niqan quyu da.	走路時要小心腳下踩的地方，有蛇。	Watch carefully where you put your feet as you walk; there are snakes.	Faites bien attention où vous mettez les pieds en marchant, Il y a des serpents.	K'KAX
Ima ka mnqlqah pnspaan mu.	是誰踩過我的稻苗田？參見 KNKAX。	Who is it that walked in my rice seedbed? See KNKAX.	Qui est ce qui a marché dans mon semis de riz ? Vr. KNKAX.	K'KAX
Kla saw kiya ka qnnaqih lnglungan su!	啊，原來你的心竟是這麼壞！	Ah, so that is how it is — you have a wicked heart!	Ah c'est comme celà que tu as un coeur mauvais !	K'LA
Mkla su bi kari truku ka isu.	你太魯閣語說得真好！	You certainly know how to speak Taroko!	Tu sais bien parler taroko, toi !	K'LA
Mkla su musa maduk?	你會（有能力）去打獵嗎？	Do you know how (are you able) to go hunting?	Sais tu (es tu capable d') aller à la chasse ?	K'LA
Wada? Ini hu? Ima mkla!	他走了嗎？還沒走嗎？誰知道呢！	Has he left? Has he not left? Who knows!	Il est parti ? Il n'est pas parti ? Qui le sait !	K'LA
Kari na nii o, kkla su elug ddaun.	他剛才說的話，是為了讓你清楚知道該走的路。	What he has just said is so that you may know well the road to follow.	Ce qu'il vient de dire, c'est pour que tu saches bien la route à suivre.	K'LA
Aji su klaun ka seejiq kiya.	你不該認識那個人。	You must not know that person.	Tu ne dois pas connaître cette personne là.	K'LA
Klaun su bi ka kari mu?	你清楚明白我說的話嗎？	Do you understand well what I am saying?	Sais tu bien ce que je dis ?	K'LA
Mnkla ku bi kari truku seuxal.	從前，在過去，我太魯閣語說得很好。	In the old days, once upon a time, I could speak Taroko well.	Autrefois, dans le temps, je savais bien parler taroko.	K'LA
Nklaan su ka Hiya?	你以前認識他嗎？（他屬於你所知道的範圍嗎？）。	Did you know him? (Was he part of what you knew?).	Tu le connaissais ? (Il faisait partie de ce que tu savais ?).	K'LA
Miyah pkla sunan ka saw nlnglungan seejiq.	我來告訴你人們的想法。	I have come to let you know what people are thinking.	Je viens te faire savoir ce que pensent les gens.	K'LA
Psaun misu matas iyux ku pgkla sunan (su?) kana ka kngkla nbabaw dxgal.	我要讓你讀書，想讓你認識世上所有的學問。	I will have you study, wishing to make known to you all the sciences of the earth.	Je te ferai étudier voulant te faire connaitre toutes les sciences de la terre.	K'LA
Saw kiya do, pgklanay maku munan ka balay bi do, saun mu mangal ka hiya.	既然如此，為了讓你們知道這是千真萬確的，我要去把它拿來。	So (if that is how it is), to let you know that it is really true, I want to go and fetch it.	Aussi (s'il en est ainsi), pour vous faire savoir que c'est vraiment vrai, je veux aller le chercher.	K'LA
Tayal knkla su.	你懂得真多！（或：你的見識真廣！）。	How much you know! (var. How knowledgeable you are!).	Comme tu sais bien ! (vl. Comme tu en sais long !).	K'LA
Ungat pdkaan ka kngkla su.	你的學問無與倫比。	Your knowledge is exceptional.	Ta science est exceptionnelle.	K'LA
Mnssli sapah na kana ka llingay ni gnkla na.	他所有的鄰居和熟人都聚集在他家裡。	All his neighbours and acquaintances gathered in his house.	Tous ses voisins et ses connaissances se sont réunis dans sa maison.	K'LA
Snkla ku hari tnjyalan dha.	我剛好及時趕到，得以（看到、參與）他們的打鬥。	I arrived just in time to (see, take part in) their fight.	Je suis arrivé juste assez tôt pour (voir, participer à) leur combat.	K'LA
Wada suni ka hiya, aji su sklaun da.	他剛剛才走；你追不上他了。（應區分：Smk'la 與 Smkila。Smk'la＝趕上；Smkila＝習慣、感到自在；）	He left just a moment ago; you will not manage to catch up with him. (To be distinguished: Smk'la and Smkila. Smk'la = to catch up; Smkila = to get used to, to feel at home;)	Il est parti tout à l'heure, lui ; Tu n'arriveras pas à le rattraper. (A distinguer : Smk'la, et : Smkila. Smk'la = rattraper ; Smkila = S'habituer, se plaire ;)	K'LA
Smkila ku sapah su.	我在你家覺得很自在。	I feel very much at home at your place.	Je me plais bien chez toi.	K'LA
Ungat bi ka ini na tnklai ka Tama ta.	對我們的天父而言，沒有任何事是不可能的。	There is nothing that is impossible for our Father.	Il n'est rien qui soit impossible à notre Père.	K'LA
Paani bi ka tasil nii hu? … Aji mu tnklaun.	你來搬搬看這塊石頭……我搬不動（這對我來說不可能）。	Just try carrying this stone... I will not manage it (it is not possible for me).	Porte donc un peu cette pierre … Je n'y arriverai pas (ce n'est pas possible pour moi).	K'LA
Mkray bi ka tunux mu.	1）我的頭很硬；2）我學東西很吃力。	1) my head is hard; 2) I have trouble learning.	1) ma tête est dure ; 2) J'ai du mal d'apprendre.	K'LAE
Mkray brigan ka hiyi siyang.	豬肉（肥肉）很貴。	Pork (fat pork) is expensive.	La viande de porc (le lard) est chère.	K'LAE
Mkray bi lnglungan na.	他很有毅力——他不會心軟。	He is persevering - he does not let himself be softened.	Il est persévérant - Il ne se laisse pas attendrir.	K'LAE
Pkray cicih papak su.	把你的腳站穩一點。	Steady your foot a little.	Affermis un peu ton pied.	K'LAE
Pkrayun mu kiya.	我待會兒就把它弄穩固。	I will steady it in a moment.	Je l'affermirai dans un moment.	K'LAE
Wada wada ka knkrayan hiyi siyang.	豬肉的價格不斷上漲。	The price of pork keeps on rising.	La cherté de la viande de porc ne cesse pas d'augmenter.	K'LAE
Dha tasil nii o, ini pndka ka knkrayan dha.	這兩塊石頭的硬度不一樣。	These two stones do not have the same hardness.	Ces deux pierres n'ont pas la même dureté.	K'LAE
Tkkray bi ka lnglungan namu.	你們的心非常剛硬。	Your heart is very hardened.	Votre coeur est très endurci.	K'LAE
Rngagan mu o, kika (kiya ka) hiya! Qrap!	我對他說過話的那個人，就是他！抓住他！	The one I will have spoken to, that is the one! Seize him!	Celui à qui j'aurai parlé, c'est celui là ! Attrapez le !	K'LAP
Qrapun misu kiya.	我一定會抓到你！	I will surely catch you!	Je t'attraperai bien !	K'LAP
Qraqil bi manu ka lukus su?	你的衣服是用哪種皮做的？	What kind of skin is your garment made of?	Ton habit est en quelle sorte de peau ?	KLAQEL
Ya qdaani ka qraqil kacing su; brigun mu.	別把你的水牛皮丟掉；我要拿去賣。	Do not throw away your buffalo hide; I want to sell it.	Ne jette pas ta peau de buffle ; je veux la vendre.	KLAQEL
Ga kmlawa ka rudux mu.	我的母雞正在孵蛋。	My hen is brooding.	Ma poule couve.	KLAWA
Kmlawa ku lqlaqi, han; klwaun mu saman ka rsrisaw ni uwa da.	目前我先照顧孩子們；明天我再照顧男孩和女孩。	For the moment I am looking after the children; tomorrow I will look after the boys and the girls.	Pour le moment je m'occupe des enfants ; Je m'occuperai demain des garçons et des filles.	KLAWA
Ima ka pusu bi mklawa sapah ptasan namu?	你們學校的主要負責人是誰？	Who is the head administrator of your school?	Qui est l'administrateur en chef de votre école ?	KLAWA
Paru hari ka klwaan mu.	我所管轄的地區相當大。	The territory I am responsible for is quite large.	Il est assez important le territoire dont je suis responsable.	KLAWA
Knlwaan Pihu seuxal ka suyang balay.	從前 Pihu 的治理（管理）才是最出色的。	It was Pihu's governance (administration) in the old days that was excellent.	C'est la conduite (l'administration) de Perho autrefois qui était excellente.	KLAWA
Saun mu pklawa laqi sapah Agil.	我要把孩子送到 Agil 家請她照顧。	I want to go and place my child at Agil's house to have her look after him.	Je veux aller mettre mon enfant chez Aguil pour le faire garder.	KLAWA
Hmut lala bi klgan klaway ka mkealang Taywan.	在台灣，有非常多種不同的蝴蝶。	In Taiwan, a very great number of different butterflies.	A Taiwan, un très grand nombre de papillons différents.	KLAWAI
Ini su krawah hiyi su ka isu.	你，你犧牲自己（你不吝惜自己的身體）。	You, you sacrifice yourself (you are not sparing of your body).	Toi, tu te sacrifies (tu n'es pas regardant de ton corps).	KLAWAX
Ini na krwahi pdka sunan.	他不拒絕與你平起平坐（他不覺得被拿來和你相比有何難堪）。	He does not refuse to be your equal (he does not feel embarrassed at being compared to you).	Il ne refuse pas d'être ton égal (il ne se sent pas gêné d'être comparé à toi).	KLAWAX
Mkrawah bi pila na ka Lauken.	Lauken非常吝惜他的錢。	Lauken is very careful with his money.	Lauken est bien regardant de ses sous.	KLAWAX
Qlahang bi muda elug.	在路上要警覺。	Be vigilant on the road.	Sois vigilant sur la route.	KLAXANG
Muda dowras o, asi ka qmlahang.	經過岩石地帶時，必須小心留神。	When passing through the rocks, one must be attentive.	En passant dans les rochers, il s'agit d'être attentifs.	KLAXANG
Ini su qlahang muda dgiyaq o, mqlahang bi ka ppais.	你在山中行走若不留神，敵人可是很警覺的。	If you are not attentive when travelling in the mountains, the enemies, for their part, are vigilant.	Si toi tu n'es pas attentif pour voyager dans la montagne, les ennemis, eux, sont vigilants.	KLAXANG
Pirin ka mqlahang nami; hiya ka qmlahang mnan.	Pilin是我們的負責人；是他在管我們。	Pilin is our person in charge; he is the one who oversees us.	C'est Pirinne notre responsable ; c'est lui qui nous contrôle.	KLAXANG
Qlhangi bi, naqih bi daan ka dowras.	千萬小心！岩石間的路很不好走！	Be very careful! The passage through the rocks is not easy!	Fais bien attention ! Le passage n'est pas facile dans les rochers !	KLAXANG
Qlhngani Tadaw ka lqlaqi su matas.	讓Tadao替你看管你學校的孩子們。	Have Tadao watch over the children of your school.	Fais surveiller par Tadao les enfants de ton école.	KLAXANG
Mqriqu bi qmpah; ya sa llabang bi ka qlhangan mu.	這事真不容易！我要看守的範圍實在遼闊。	It is not easy to do! The territory I have to watch over is truly vast.	Ce n'est pas facile à faire ! Il est vraiment vaste le territoire que je dois surveiller.	KLAXANG
Naqih bi ka qnlhangan na ka dknsat seuxal.	從前日本人的統治（日本人強加的紀律）實在嚴苛。	The administration (the discipline imposed by the Japanese) of the Japanese in former times was truly harsh.	Elle était vraiment dure l'administration (la discipline imposée par les japonais) des japonais autrefois.	KLAXANG
Tqlahang bi meiyaw ka yamu.	你們要保持清醒、警醒。	You, stay awake and vigilant.	Vous, restez éveillés et vigilants.	KLAXANG
Kingal klgan payay ka nii ni kingal nanak ka ga.	這裡是一種（品種的）稻米，那裡又是另一種（不同的）。	Here is one sort (variety) of rice, and there is another (different) one.	Ici c'est une sorte (variété) de riz et là c'en est une autre (différente).	K'LGAN
Ma spahung bi ka Tiing! … Kiya ka klgan na.	哎呀！Tchiinne脾氣真大！……她就是那個樣子！	My! She is really quick-tempered, Tchiinne! … That is how she is!	Mais ! Elle est bien coléreuse, Tchiinne ! … Elle est comme cela !	K'LGAN
Qrngul kana ka sapah mu.	我的房子滿是煙。（到處都是煙。）	My house is all full of smoke. (There is smoke everywhere.)	Ma maison est toute pleine(?) de fumée. (Il y a de la fumée partout).	KL'NGUN
Mqrngul kana ka sapah mu.	我的房子整個被煙燻滿了。	My house is completely filled with smoke.	Ma maison est tout enfumée.	KL'NGUN
Yupi cicih! Ma su pqrngul kana sapah.	（對著火）吹一吹吧！你沒看到你把整間屋子都燻滿了煙嗎？	Blow a little (on the fire)! Don't you see that you are filling the whole house with smoke?	Souffle donc un peu (sur le feu) ! Tu ne vois pas que tu enfumes toute la maison ?	KL'NGUN
Suqi lala bi ka krubaw sapah su.	你家的蜘蛛實在太多了！	There really are too many spiders at your house!	Il y a vraiment trop d'araignées chez toi !	KLOBAO
Kaji krubaw, ksun ta o, saw tnunan krubaw kana mtqiri, kiya.	我們說：Kadi klobao（蜘蛛網），就是蜘蛛到處織的東西，就是這樣。	We say: Kadi klobao (spider's web). It is what the spiders weave everywhere, that's it.	Nous disons : Kadi klobao (toile d'araignée) C'est ce que les araignées tissent partout, voilà.	KLOBAO
Ida mkrung kana dqras na ka dpay ni baki.	祖母和祖父的臉自然都布滿皺紋。（……臉上滿是皺紋。）	Naturally the faces of the grandmothers and grandfathers are all wrinkled. (… Have faces all full of wrinkles).	Naturellement le visage des grand-mères et des grand pères est tout ridé. (… Ont le visage tout plein de rides).	K'LONG
Tru iyax hngkawas ka krhan karat da kika paru bi krayan da!	天空乾旱（貧瘠）已經三年了；正因如此，現在才鬧饑荒。	For three years now the sky has been dry (sterile); and that is why there is now famine.	Voilà trois ans de temps que le ciel est sec (stérile) ; et c'est pour cela que c'est maintenant la famine.	K'LOX
Smiyah balay drmul paah baraw ka mkruh bi dxgal.	乾旱的土地渴望露水降臨（自上而降）。	An arid piece of land longs to see the dew come (coming down from above).	Un terrain aride désire voir venir la rosée (venue d'en haut).	K'LOX
Mkluwi kana ka lqlaqi mita knslikaw tlaman niya.	所有孩子看到他跑得那麼快，都（帶著讚賞）驚嘆不已。	All the children are amazed (in admiration) at seeing the speed of his running.	Tous les enfants s'étonnent (en admirant) en voyant la vitesse de sa course.	KLUI
Asi nkluwi embahang kari na nii asaw laqi ka tama.	父親聽到他關於孩子的那些話，非常吃驚。	The father was quite astonished on hearing his words about the child.	Le père fut tout étonné en entendant ses paroles à propos de l'enfant.	KLUI
Saw paru bi klwiun ka saw snru su suni.	你剛才對我們講的（告訴我們的）真是奇妙。	What you have just told us (shared with us) is truly marvellous.	C'est vraiment merveilleux ce que tu viens de nous raconter (nous faire part).	KLUI
Asi tkluwi kana da ni empprngaw dha saw ddaun.	他們都十分驚訝，開始彼此商量該怎麼辦。	They are all astonished and begin to discuss among themselves what had to be done.	Ils sont tout étonnés et se mettent à discuter entre eux de ce qu'il fallait faire.	KLUI
Snbu su puniq sayang o, ini ku snkluwi ka yaku.	你剛才開了槍；而我，我沒有被嚇到（那並沒有讓我吃驚）。	You have just fired the gun; as for me, I did not jump (it did not startle me).	Tu viens de tirer du fusil ; moi, je n'ai pas sursauté (celà ne m'a pas étonné).	KLUI
Mskluwi ku embahang nkari su.	聽到你剛才說的話，我嚇了一跳。	I am startled on hearing what you have just said.	Je sursaute en entendant ce que tu viens de dire.	KLUI
Saw bi sklwiun ka bnhangan mu kari.	我所聽到的話真令人心驚。	What I have heard said is alarming.	C'est affolant ce que j'ai entendu dire.	KLUI
Muutux su! Ma su hmut pskluwi sjiqun!	你瘋了（你腦子壞了！）！你是怎麼回事，竟去嚇人？	You are mad (you are cracked!)! What has got into you, frightening people?	Tu es fou (tu es sonné !) ! Qu'est ce qui te prend de faire peur aux gens ?	KLUI
Ma su mngangah muda pskluwi sapah dha!	你跑去別人家嚇人，實在不聰明！	It is not clever of you to go and cause fright at other people's houses!	Tu n'es pas malin d'aller te faire effrayer chez les autres !	KLUI
Uxay bi psklwiun ka Tadaw sayang; ga knriwa bi mnarux.	現在不是去嚇Tadao的時候（不可驚嚇他）；他病得很重。	This is not the time to go and frighten Tadao (he is not to be startled); he is very seriously ill.	Ce n'est pas le moment d'aller faire peur à Tadao (il n'est pas à faire sursauter) ; Il est très gravement malade.	KLUI
Wada qluli yayung ka snaw na.	她的丈夫被急流沖走而死。	Her husband died carried away by the torrent.	Son mari est mort emporté par le torrent.	KLULI
Saun misu pqluli yayung.	我要把你丟進急流裡淹死。	I will go and drown you in the torrent.	J'irai te noyer dans le torrent.	KLULI
Ga kmrut babuy sapah Unang na ka Jiyan.	Jiyan正在他兒子Unag（Ounang）家殺豬。	Jiyan is killing a pig at the house of his son Unag (Ounang).	Djian est en train de tuer un cochon chez son fils Unag (Ounang).	K'LUT
Nta da! Mha ta kmrut payay kana da.	走吧！我們都去割稻。	Come on! We are all going to harvest the rice.	Allons ! Nous allons tous moissonner le riz.	K'LUT
Saun mu saman pkrut baga mu.	我明天要去動手部的手術。	Tomorrow I will go and have my hand operated on.	J'irai demain me faire opérer la main.	K'LUT
Krtan babuy ka kiya, ungat bi jiyax ta.	殺豬的時候快到了；我們實在沒有時間。	It is going to be the time to kill the pig; we really have no time.	Celà va être le moment de tuer le cochon ; nous n'avons vraiment pas le temps.	K'LUT
Mnusa su pkrut hiyi o, ya paru bi ka knrtan da?	你去動了手術，我想切口很大吧？	You went to have an operation; I suppose the incision is very large?	Tu es allé te faire opérer, je suppose que l'entaille est très grande ?	K'LUT
Mkreurus namu mksa kika ini tduwa.	你們各走各的，所以事情才不順！	You each walk your own way; that is why it does not work!	Vous marchez chacun de votre côté, c'est pour celà que celà ne va pas !	KLUULUS
Ana ku empiya ka empkreurus ku dhyaan o, ida rndah miyah mgrahul ka dhiya.	無論我驅散他們多少次，他們每次都變本加厲地回來。	However many times I disperse them, just as many times they come back all the more.	Autant de fois que je les disperse autant de fois ils reviennent de plus belle.	KLUULUS
Ga tkreurus kana ka dhiya, huya mu ksun pssli dhyaan?	他們全都四散在各處，我要怎麼把他們聚集起來？	There they are, all scattered to the four corners; what can I do to gather them together?	Les voilà tous dispersés aux quatre coins, que puis je faire pour les rassembler ?	KLUULUS
Babaw pnkrrusan na lqlaqi ka kumay do, wada saw bi embasi kana ka mkealang ta.	熊把孩子們全都驅散之後，我們村裡人人如喪親般（悲傷……）。	After the bear had scattered all the children, everyone in our village was as if in mourning (sad.).	Après que l'ours eut dispersé tous les enfants, tous dans notre village étaient comme en deuil (tristes.).	KLUULUS
Wada su qrhiqun ka luqih su duri.	你又把你的傷口擦破了！	You have scraped your wounds open again!	Tu as encore écorché tes plaies !	KL'XEQ
Mqrhiq kana ka muhing mu da!	我的鼻子整個都破皮了（掉皮）。參見 L'XEQ。	My whole nose is scraped raw (is losing its skin). See L'XEQ.	Tout mon nez est écorché (perd sa peau). VR. L'XEQ.	KL'XEQ
Yahun misu kmaraw ka tqian su.	我要來整理你的床（你的臥室，你睡覺的地方）。參見 QALAO。	I want to come and put your bed in order (your bedroom, the place where you sleep). See QALAO.	Je veux venir mettre en ordre ton lit (ta chambre à coucher, l'endroit où tu dors). VR. QALAO.	KMALAO
Mnusa ku kmdamat Banan snduray.	我最近去問候了Iban。參見 DAMAT。	I recently went to greet Iban. See DAMAT.	Je suis allé dernièrement saluer Ibanne. VR. DAMAT.	KMDAMAT
Kmuluh tasil.	鑿石用的鑿子。	Chisel for cutting stone.	Ciseau pour la taille des pierres.	KMOLOX
Kingal paru bi qnpuringan swatan mniyah sntlung knan.	一大群布農人（=布農族）前來與我相遇。	A crowd of Bununs (= the Bunun people) came to meet me.	Une foule de Bununs (= Peuple Bounoun) est venue à ma rencontre.	KMPOLING
Ungat ka qmsul sunan da.	再也沒有人捏你了。參見 K'SUL。	There is no longer anyone who pinches you. See K'SUL.	Il n'y a plus personne qui te pince. VR. K'SUL.	KM'SUL
Aji bi empghiyi ka payay mu, kmux kana da.	我的稻子不可能結實，到處都是稗草。	It is not possible for my rice to bear fruit; there are tares everywhere.	Ce n'est pas possible que mon riz puisse donner du fruit, c'est de l'ivraie partout.	K'MUX
Risaw.	年輕人。	Young man.	Jeune homme.	KN
Knrisaw.	年輕人的特質。	The quality of being a young man.	La qualité de jeune homme.	KN
Tayal rudan.	哦！這老人！	Oh! The old man!	Oh ! Le vieux !	KN
Tayal knrudan.	哦！他多麼老啊！	Oh! How old he is!	Oh ! Ce qu'il est vieux !	KN
Seejiq.	人。	Person.	Personne.	KN
Knseejiq.	為人之充實=俊美。	Density of human person = handsome.	Densité de personne humaine = Beau.	KN
Sluun mu kingal qnalang stabug mu rudux.	我要建一個圍欄來養雞。參見 ALANG。	I want to build an enclosure to raise chickens. See ALANG.	Je veux construire un enclos pour élever des poules. VR. ALANG.	KNALANG
Suqi qling bi ka qnawal mu, ini biyaw mstuq.	我的鐵絲太細，很快就斷。	My iron wire is too thin; it breaks very quickly.	Mon fil de fer est trop fin, il casse très vite.	KNAWAL
Kndadax ku Tagahan mgrbu suni.	我今天早上從Tagahan出發。	I left Tagahan this morning.	Je suis parti de Tagarhan ce matin.	KNDADAX
Samat bi manu ka gaga? … Ida bi kndsan mirit.	那隻野獸究竟是哪一種獵物？……大概是山羊之類。	What kind of game can that beast over there be? … No doubt of the goat kind.	Quelle espèce de gibier peut bien être cette bête là ? … Sans doute de la sorte des chèvres.	KND'SAN
Klaun su smpung ka kndxan qcinuh gaga hu?	你能量出那塊木板的厚度嗎？	Could you measure the thickness of that plank over there?	Saurait tu mesurer l'épaisseur de cette planche là ?	KNDUX
Meuxul bi ka lukus mu, tai nanak ka kndxan niya.	我的衣服很暖和，你看看它們有多厚。	My clothes are very warm; just look at their thickness.	Mes habits sont bien chauds, regarde un peu leur épaisseur.	KNDUX
Ini knihur ka mami, tlahi ka mnihur bi.	橘子不苦，苦的是柚子。	Oranges are not bitter; it is the pomelo that is.	Les oranges ne sont pas amères, c'est le pamplemousse qui l'est.	KNIXOL
Paah knhuran lnglungan na nanak ka srngaw na.	他（這樣）說話，只是出於他內心的苦楚。（是那苦楚……使他說話。）	He speaks (thus) only out of the bitterness of his heart. (It is the bitterness … That makes him speak.)	Il parle (ainsi), ce n'est que par l'amertume de son coeur. (L'amertume … Qui le fait parler).	KNIXOL
Pknhuri cicih ka damat su.	你的菜應該再加辣一點。	You should spice your vegetables a little more.	Il faut épicer un peu plus tes légumes.	KNIXOL
Ma su qnlqah (qmlqah?) papak mu.	你是怎麼了，竟踩我的腳？	What has got into you, stepping on my foot?	Qu'est ce qui te prend de me marcher sur le pied ?	KNKAX
Ungat qnlqahan da; slaq ana inu!	沒有地方可以落腳！到處都是泥巴！	There is nowhere to set foot! There is mud everywhere!	Il n'y a pas où poser le pied ! C'est de la boue partout !	KNKAX
Malu mnarux na hu? … Knriwa da!	他的病好些了嗎？……反而更嚴重了！	Is his illness getting better? … It is getting worse!	Son mal va mieux ? … Celà empire !	KNLIWA
Knriwa bi ka papak na.	他的腳越來越糟了！	His foot is going from bad to worse!	Son pied va de mal en pis !	KNLIWA
Saun mu phiyu knuruh sapah.	我要去把它豎立在屋脊上(或：我要去建造房子的頂部(?))。	I will go and set it up on the ridge of the house (var. I will go build the top of the house (?)).	J'irai le dresser sur le faîte de la maison (vl. J'irai construire le sommet de laison (?)).	KNOLOX
Paah knuwaan na, empitu bi hngkawas ka tnhiyan na snaw ni kmptuhan bitaq sayang da, ida ini pneanak sapah.	自結婚（自處女之身）以來，她只與丈夫共同生活了七年，至今一直守寡，但她從未離開過家。參見 POTOX。	Since her marriage (since her virginity), she lived only seven years with her husband, and she has remained a widow until now, but she has never left the house. See POTOX.	Depuis son mariage (depuis sa virginité), elle n'a vécu que sept ans avec son mari, et elle est restée veuve jusqu'à maintenant, mais elle n'a jamais quitté la maison. VR. POTOX.	KNPTOXAN
Knteetu miyah tuhuy sapah mu ka hiya.	他老是泡在我家（他不停地到我家來）。參見 TA"TO。	He is always hanging around my house (he comes to my place incessantly). See TA"TO.	Il est toujours fourré chez moi (Il vient sans cesse chez moi). VR. TA"TO.	KNTA"TO
Tai ka kacing o, asi ka knthuk niqan biyax.	至於水牛，強壯的是公的（……是最強壯的）。	As for the buffaloes, it is the male that is strong (… Is the strongest).	Pour ce qui est des buffles, c'est le mâle qui est fort (… Est le plus fort).	KNTXOQ
Uqun namu knuwan ka idaw?	你們什麼時候吃飯？	When will you eat the rice?	Quand est ce que vous mangerez le riz ?	KNUAN
Mnimah ku sinaw, msa su o, ya sknuwan bi na?	你說我喝了酒！但那到底是什麼時候？	You say I drank wine! But when was that, then?	Tu dis que j'ai bu du vin ! Mais quand est ce donc ?	KNUAN
Ana knuwan ana inu.	無論何時，無論何地！	Anytime, anywhere!	N'importe quand, n'importe où !	KNUAN
Malu bi knux na ka buhi.	百合的香氣很宜人。	The scent of the lily is pleasant.	L'odeur du lis est agréable.	KNUX
Malu bi sknxan ka buhi.	百合是一種聞其香令人舒暢的花（一個聞香宜人的所在）。	The lily is a flower whose scent it is good to breathe in (a place where it is good to breathe the scent).	Le lis est une fleur qu' (un lieu où) il fait bon respirer l'odeur.	KNUX
Ini hari sknux ka quci kacing.	牛糞聞起來不太臭。	Cow dung does not smell very bad.	La bouse de vache ne sent pas très mauvais.	KNUX
Msknux balay ka hiyi rungay su.	你的猴子肉非常臭。	Your monkey meat smells very bad.	Ta viande de singe sent très mauvais.	KNUX
Kuxul mu balay ka musa smknux phpah tlahi.	我很喜歡去聞柚子樹的花香。	I very much like to go and smell the pomelo-tree flowers.	J'aime beaucoup aller sentir les fleurs de pamplemoussier.	KNUX
Lala bi ka nhmaan mu phpah; malu bi ka sknxan niya uri.	我種了很多花，它們很香（香氣宜人）。	I have planted many flowers; they smell very good (their fragrance is pleasant).	J'ai planté beaucoup de fleurs, elles sentent très bon (leur parfum est agréable).	KNUX
Knhuway ku bi mksa, aji mu tkurun.	我走得很慢，免得跌倒。	I walk very slowly so as not to fall.	Je marche très lentement pour ne pas aller tomber.	KNXOAI
Ya slhbun, ida mu knhwayun mapa.	別害怕（不要擔心），我會一點一點把全部背完（我會慢慢地全部背走）。	Have no fear (do not worry); little by little I will carry everything (I will carry it all bit by bit).	Sois sans crainte (Ne te fais pas de souci), petit à petit je porterai tout (je porterai tout petit à petit).	KNXOAI
Qribi cicih ka kukuh su, naqih bi taan.	把你的指甲剪一剪！很不好看。	Trim your nails a little! They are not nice to look at.	Coupe un peu tes ongles ! Ce n'est pas beau à voir.	KOKOX
Kuhat walu.	蜂巢（野蜂的；他們不養蜂）。	Honeycomb (of wild bees; they do not keep bees).	Rayon de miel (d'abeilles sauvages, ils n'en font pas l'élevage).	KOXAT
Ana qmuyux ana malu karat ida mu saun.	無論下雨還是天晴，我反正都要去。	Whether it rains or the weather is fine, I want to go anyway.	Qu'il pleuve ou qu'il fasse beau temps, de toute façon je veux aller.	KOYOç
Mkmuyux da! Usa nhari gmutu payay su.	看樣子要下雨了！快去把你的稻子堆起來。	It looks like it is going to rain! Go quickly and heap up your rice.	On dirait qu'il va pleuvoir ! Va vite mettre ton riz en tas.	KOYOç
Paah ku sapah bitaq hini, ida paru bi kuyuhan.	從我家一直到這裡，大雨一直下個不停。	From my house all the way here, the rain has not stopped pouring down.	Depuis chez moi jusqu'ici, la pluie n'a pas cessé de tomber à flots.	KOYOç
Manu ka saan su psquyux! Empknarux su ki da!	你去淋什麼雨！那會讓你生病的！	Why on earth are you going out into the rain! That will make you fall ill!	Qu'est ce que tu vas t'exposer à la pluie ! Celà va te faire tomber malade !	KOYOç
Kingal ruwan sapah nami o, spat snaw ni rima kuyuh.	我家（共）有四個男人和五個女人。	My family (numbers) four men and five women.	Ma famille (compte) quatre hommes et cinq femmes.	KOYOX
Uxay kuyuh mu ka Rabay.	Rabay不是我的妻子。	Rabay is not my wife.	Rabay n'est pas ma femme.	KOYOX
Aji kuyuh mu ka Rabay.	我並不聲稱Rabay是我的妻子。	I do not claim that Rabay is my wife.	Je ne prétends pas que Rabay est ma femme.	KOYOX
Aji kuyuh mu da ka Rabay.	我不要Rabay再作我的妻子了。	I no longer want Rabay to be my wife.	Je ne veux plus que Rabay soit ma femme.	KOYOX
Ini kla mapa ka dkuyuh.	女人不是生來背負（重物！！）的。	Women are not made for carrying (heavy loads!!).	Les Femmes ne sont pas faites pour porter (de lourdes charges !!).	KOYOX
Rngagi nak (=nanak) kuyuhan.	你只管對那（些）女人說。	Just say it to the woman (women).	Tu n'as qu'à le dire à la (aux) femme (s).	KOYOX
Nkuyuh Akit ka pala.	這裙子（腰布）是Akit妻子的。（此詞常作為指稱女性生殖器的通行而委婉的說法；但也指屬於女人、女人特有的東西。）	The skirt (the loincloth) belongs to Akit's wife. (Very often this term is a common and polite expression for the woman's genitals; but it also means: what belongs to, what is proper to the woman, to women.)	La jupe (le pagne) est à la femme de Akits. (Très souvent ce terme est une expression courante et polie pour désigner les organes génitaux de la femme ; mais dit aussi : ce qui appartient, ce qui est propre de la femme, des femmes).	KOYOX
Dha mnswayi nii o, jiyax jiyax ida snkuyuh mkeekan.	這兩兄弟（堂表兄弟）天天為了女人爭吵。	These two brothers (cousins) quarrel every day over a woman.	Ces deux frères (cousins), chaque jour se disputent à propos de femme.	KOYOX
Ima namu ka tnkuyuh.	你們當中誰是（這女人的）丈夫？	Which one of you is the husband (of this woman)?	Quel est celui d'entre vous qui est le mari (de cette femme).	KOYOX
Ana su meaji o, ida su empakuyuh mu!	即使你說不（你拒絕），你也一定會成為我的妻子。	Even though you say no (refuse), you will certainly become my wife.	Bien que tu dises non (que tu refuses), tu deviendras certainement ma femme.	KOYOX
Ana ini ku qpah ka yaku o, usa nhari qmpah ni, qpah nhari da.	就算我不工作，你也快去工作，快點做！	Even if I don't work, you go quickly and work, and work fast!	Même si je travaille pas, va vite travailler toi et travaille vite !	K'PAX
Ini kla qmpah ka risaw.	這個年輕人不會工作。	The young man does not know how to work.	Le jeune homme ne sait pas travailler.	K'PAX
Qmpah trabus.	整理（除草、鋤）花生。	To work (weed, hoe) the peanuts.	Travailler (désherber, piocher) les arachides.	K'PAX
Qpahi cicih ngangut sapah.	把屋子前面稍微整理一下（打掃、鋤地、收拾）。	Clean up (sweep, hoe, put in order) a little in front of the house.	Nettoie (balayer, piocher, mettre en ordre) un peu devant la maison.	K'PAX
Hmut ku mqpah qmpahan ka yaku.	我只是個農工。	I am only a farm laborer.	Je ne suis qu'un ouvrier agricole.	K'PAX
Mluhay mniq alang paru ka dmqeepah kudyu.	工廠的工人通常住在城市裡。	Factory workers usually live in the cities.	Les ouvriers d'usine d'ordinaire habitent les villes.	K'PAX
Ungat qpahan mu da! Qnpahan dha kana.	我沒有地方可以工作了，全都已被別人做過了。	I have nowhere left to work; everything has already been worked by others.	Je n'ai plus où travailler, tout est déjà travaillé par d'autres.	K'PAX
Pqpahi lqlaqi su da.	你只管讓你的孩子們去工作。	Just make your children work.	Tu n'as qu'à faire travailler tes enfants.	K'PAX
Pqpahun mu drudan ka ttrabus mu.	我要讓老人們把我所有的花生都鋤好。	I want to have all my peanuts hoed by the elders.	Je veux faire piocher toutes mes arachides par les anciens.	K'PAX
Mnusa marig bkaruh ka Liwis sqpah na qnpahan.	Liwis去買了一把鋤頭，好在他的田裡工作。	Liwis went to buy a hoe to work in his fields.	Liwis est allé acheter une pioche pour travailler dans ses champs.	K'PAX
Mnangal na tntakan baki niya spqpah na laqi.	他把岳父已燒墾好的地拿來，好給他兒子工作做。	He took the burned-over clearing already made by his father-in-law to give work to his son.	Il a pris le brûlis déjà fait par son beau-père pour donner du travail à son fils.	K'PAX
Manu bi ka qpahun su?	你的職業到底是什麼？	What then is your job?	Quel est donc ton emploi ?	K'PAX
Qpahun mu kiya ka nii.	這件工作我以後再做。	I will do this work later.	Je le ferai plus tard ce travail.	K'PAX
Mniyah qmpuring alang ta ka dpais.	敵人來包圍我們的地域了。參見KMPOLING。	The enemies came to encircle our territory. See KMPOLING.	Les ennemis sont venus encercler notre territoire. VR. KMPOLING.	KPOLING
Qpuhir hari ka birat mu.	我的耳朵有點聾。	My ears are a little deaf.	Mes oreilles sont un peu sourdes.	KPOXEL
Paah tnkuran mu daya o, mqpuhir ka isil birat mu da.	自從我在上面那裡跌倒之後，我的一隻耳朵就聾了。	Since my fall, up there, one of my ears has been deaf.	Depuis ma chute, là haut, une de mes oreilles est sourde.	KPOXEL
Hbaraw bi kmptuhan alang ta Murisaka sayang.	如今我們Morisaka部落裡有很多寡婦！	There are many widows in our village at Morisaka today!	Il y a beaucoup de veuves chez nous à Morisaka aujourd'hui !	KPTOXAN
Ini ksa ka laqi su hu? … Ini na!	你的孩子還不會走路嗎？……還不會！	Doesn't your child walk yet? … Not yet.	Ton enfant ne marche pas encore ? … Pas encore.	KSA
Mksa su hu? Papa su kacing hu?	你走路去嗎？還是騎水牛去？	Are you going on foot? Are you riding the buffalo?	Tu vas à pieds ? Tu montes sur le buffle ?	KSA
Mnksa bitaq mkdha ka tuki mu ni mnhuqil da!	我的錶走了兩天然後就停了（它死了）。	My watch ran for two days and then it stopped (it died).	Ma montre a marché pendant deux jours puis elle s'est arrêtée (elle est morte).	KSA
Hmut mksa ka mnarux mu.	我的病痛無緣無故到處移動（痛的地方從來不在同一處）。	For no reason my pain moves about (it is never in the same place that it hurts me).	Sans raison mon mal se déplace (ce n'est jamais à la même place que celà me fait mal).	KSA
Mksa papak = Mksa qaqay.	徒步行走。	To walk on foot.	Marcher à pieds.	KSA
Mkksa bi ka Talan; aji muutux hu?	Talan不停地遊蕩；他是不是瘋了？	Talan never stops wandering; could he be mad?	Talanne n'arrête pas d'errer ; serait il fou ?	KSA
Mkdha ka knsaan mu muda elug.	我走那條路走了兩天。	It was for two days that I walked to cover the road.	C'est pendant deux jours que j'ai marché pour faire le chemin.	KSA
Ksaun mu kana saman ka elug nii.	這條路，明天我得全程步行走完。	This road — I must do it all on foot tomorrow.	Cette route, je dois la faire toute à pieds demain.	KSA
Naqih bi ka knteetu papa; pksa cicih papak, kika mha malu ka laqi su.	老是騎著出門不好；讓你的小孩稍微走走路吧，這對他有好處。	It is bad always to travel riding; so make him walk a little on foot, your kid — it will do him good.	C'est mauvais de toujours voyager monté ; Fais le donc un peu marcher à pieds, ton gosse, celà lui fera du bien.	KSA
Miyah ku saman, msa ka tama, ksa.	你去說：「我明天來」，爸爸這麼說了。	Say: 'I am coming tomorrow,' said father.	Dis : Je viens demain, a dit papa.	KSA
Ya bi ksa lnglung: Laqi ku mtgsa.	不要在心裡說：我是老師的兒子！	Do not say within yourself: I am the teacher's son!	Ne dis pas au fond de toi : Je suis fils du professeur !	KSA
Malu bi kiya, mkksa kana.	他們彼此都說：那很好。	They all say to one another: That is good.	Ils se disent les uns aux autres : Celà est bien.	KSA
Qsahur radax.	原木的芯。	The heart of a log.	Le coeur d'une grume.	KSAXOL
Naqih qsahur na.	它的內心是壞的—它的內部爛了。	Its core is bad - its inside is rotten.	Son fond est mauvais - Son interieur est pourri.	KSAXOL
Paah bi qsahur ka rngaw mu.	我是發自內心說的。	I speak from the bottom of my heart.	Je parle du fond du coeur.	KSAXOL
Saw bi mangal qsahur ka nkari su.	你說的話真嚇人（把心都奪走了）。	What you say is frightening (it takes the heart away).	C'est effrayant (enlève le coeur) ce que tu dis.	KSAXOL
Asi gqsahur ka lntadan quwaq niya.	他的話（他口中的聲音）直入人心。	His words (the sound of his mouth) go straight to the heart.	Ses paroles (le son de sa bouche) vont droit au coeur.	KSAXOL
Malu bi mahun ka qsiya.	這水好喝。	The water is good to drink.	L'eau est bonne à boire.	KSIA
Malu bi mahan ka qsiya.	這水容易入口。	The water is easy to drink.	L'eau est facile à boire.	KSIA
Kmimah ku bi; aji niqan dngdang su hu?	我很想喝；你有開水嗎？	I would very much like to drink; would you have some boiling water?	J'aimerais bien boire ; aurais tu de l'eau bouillante ?	KSIA
Mduuy qsiya.	首領（？）。此人以蘸過某種儀式用水的指尖，在戰士和獵人出發前碰觸他們，賦予他們使命與庇佑。這種儀式已越來越少見。	Chief (?). The one who, with the tip of his hand dipped in a certain ritual water, touches the warriors and the hunters before their departure, to give them mission and protection. This rite is becoming rarer and rarer.	Chef (?). Celui qui, du bout de sa main trempée dans une certaine eau rituelle, touche les guerriers et les chasseurs, avant leur départ, pour leur donner mission et protection. Ce rite devient de plus en plus rare.	KSIA
Nasi su mhapuy (mhapuy - mhapuy) hiyi qhuni nii do, empaqsiya kana da.	如果你把這棵樹的果實煮沸，它們就會化成水。	If you boil the fruits of this tree, they will liquefy.	Si tu fais bouillir les fruits de cet arbre, ils vont se liquéfier.	KSIA
Pqsiyaun su kana ka huda su nii hu?	你要把你所有的冰都化成水嗎？	Do you want to turn all your ice into water?	Veux tu réduire en eau toute ta glace ?	KSIA
Sqsiya kana ka bunga su.	你的地瓜全都水汪汪的。	All your sweet potatoes are full of water.	Toutes tes patates douces sont pleines d'eau.	KSIA
Miyah su kmsiyuk pila, msa su o, ma wana kksiyuk pila ka yahan su knan?	你說你是來借錢的；這麼說，你來我這裡就只是為了借錢？	You come to borrow money, you tell me; so then, you only come to my place to borrow money?	Tu viens emprunter de l'argent, me dis tu ; Ainsi donc, tu ne viens chez moi que pour emprunter de l'argent ?	KSIYUK
Aji namu mksiyuk ghak trabus kana hu?	你們全都是來借花生種子的嗎？	Would you all be borrowers of peanut seeds?	Seriez vous tous des emprunteurs de semences d'arachides ?	KSIYUK
Baka da! Aji ku bi mha pksiyuk uqun duri!	夠了（我受夠了）！我再也不要去向人借糧了。	That's enough (I've had enough)! I no longer want to go and have food lent to me.	Celà suffit (j'en ai assez) ! Je ne veux plus aller me faire prêter de la nourriture.	KSIYUK
Ksyukay ta pila su hu?	你允許我們借你的錢嗎？	Would you allow us to borrow your money?	Permettrais tu que nous empruntions ton argent ?	KSIYUK
Ini ku kla smpug kana ka knsyukan mu sunan da; aji mu ksyukun duri.	我已數不清向你借過多少了；我不想再借了。	I cannot count all that I have borrowed from you; I do not want to borrow any more.	Je n'arrive pas à compter tout ce que je t'ai emprunté, je ne veux pas en emprunter d'autre.	KSIYUK
Wada tksiyuk sapah Pixan ka Pilin.	Pilin到Pixan家入贅娶妻了。	Pilin went to take a wife in Pixan's house.	Pirinne est allé prendre femme dans la maison de Pirhanne.	KSIYUK
Ana malu uqun ka qsurux o, ini ku hari snkuxul.	魚雖然好吃，我卻不特別喜歡。	Even though fish is good (to eat), I am not particularly fond of it.	Le poisson à beau être bon (à manger), je ne l'aime pas spécialement.	KSOLOÇ
Uxay bi lhayan truku ka musa tmqsurux.	去捕魚並不是太魯閣人特別的習慣。	Going fishing is not particularly a habit of the Taroko.	Ce n'est pas spécialement l'habitude des taroko d'aller à la pêche.	KSOLOÇ
Ini ku tqsurux kjiyax ka yaku.	我呢，我從不捕魚。	As for me, I never fish.	Moi, je ne pêche jamais.	KSOLOÇ
Iyax hini, ksa; rngagi bi kana ka dmtqsurux gaga.	跟他們說：過來這裡；好好告訴那邊所有正在忙著捕魚的人。	Tell them: come here; say it clearly to all those people over there who are busy fishing.	Dis leur : venez ici ; dis le bien à tous ces gens là qui sont occupés à pêcher.	KSOLOÇ
Mntucing paah asu ka emptqsurux ssinaw dha srahug niya.	漁夫們下了船去洗他們的網。	The fishermen got down from the boat to wash their nets.	Les pêcheurs descendirent de la barque pour laver leurs filets.	KSOLOÇ
Emptqsurux ka isu; paah sayang do, emptseejiq su da.	你是（捕魚的）漁夫；從此刻起你要成為得人的漁夫。	You are a fisherman (of fish); from this moment on you will be a fisher of men.	Tu es pêcheur (de poissons) ; à partir de ce moment tu sera pêcheur d'hommes.	KSOLOÇ
Laxi bi ka qmsul seejiq (sjiqun)! Naqih taan!	別再捏人了；那樣子很難看！	Stop pinching people; it is not nice to look at!	Cesse de pincer les gens ; ce n'est pas beau à voir !	KSUL
Qnslan ku dha baga.	他們捏了我的手。參見 KNSLAN。	They pinched my hand. See KNSLAN.	Ils m'ont pincé la main. VR. KNSLAN.	KSUL
Huya mu ksun.	我該怎麼做？－我該怎麼說？－我該怎麼做人？	What should I do? - What should I say? - How should I behave?	Que dois je faire ? - Que dois je dire ? - Comment faut il me comporter ?	KSUN
Huya mu ksun? … Lxan balay! Tai msa ni msa ka hiya o, ksa ni ksa ka isu uri.	我該怎麼做？……很簡單！他這樣那樣做的時候，你也一樣，這樣那樣做就是了！	What should I do? … It's very easy! When he does this and that, you too, do this and that!	Que dois je faire ? … C'est très facile ! Quand il fait comme ça et comme ça, tois aussi, fais comme ça et comme ça !	KSUN
Tqian su manu ka isu? Jima (djima) hu? Qcinuh hu?	你呢，你睡在什麼上面？睡在竹子上？睡在木板上？	What do you sleep on, you? On bamboo? On planks?	Sur quoi dors tu, toi ? Sur des bambous ? Sur des planches ?	KTINOX
Inu su ktuy payay su na?	你還沒收割你的稻子嗎？	Are you not yet harvesting your rice?	Tu ne moissonnes pas encore ton riz ?	KTUI
Ga kmtuy payay na ka Jiyan.	迪揚正忙著收割他的稻子。	Jiyan is busy harvesting his rice.	Djian est occupé à moissonner son riz.	KTUI
Mktuy saman ka dhiya.	他們明天收割。	It is tomorrow that they do the harvesting.	C'est demain qu'ils font la moisson.	KTUI
Ana ini su huma djima pusu qnpahan su, kbuyun na kana ka uqun su.	你不用在田邊種竹子，它們會把你所有的穀物都壓死。	You can do without planting bamboo at the edge of your field; they would smother all your grain.	Tu peux te dispenser de planter des bambous au bout de ton champ, ils étoufferont toutes tes céréales.	KUBWI
Empdhuq namu kmudaw radax kiya hu?	你們扛得動說的那根原木嗎？	Will you manage to carry the log in question?	Arriverez vous à porter la grume dont il est question ?	KUDAO
Mkudaw tasil ka spat hiyi.	四個人扛著那塊石頭。	Four men carry the stone.	Quatre hommes portent la pierre.	KUDAO
Pkdagun mu rsrisaw ka qnqaya su.	我會叫年輕人來搬你的東西（你的箱子）。	I will have your things (your crates) carried by the young people.	Je ferai porter tes affaires (tes caisses) par les jeunes.	KUDAO
Dhuq ka empkudaw da.	搬運工（要來搬的人）來了。	Here are the carriers (those who are going to carry).	Voici les porteurs (ceux qui vont porter).	KUDAO
Kdagun ka nii, aji ta bi tduwa mapa.	這個要多人來抬（扛在肩上、用手提），一個人是抬不動的。	This is to be carried by several people (on the shoulders, by hand); we could not carry it alone.	Ceci est à porter à plusieurs (sur les épaules, à la main), nous ne pourrons pas le porter à un seul.	KUDAO
Knktmai bi sapah ka knudaw dha kdagan empurug seejiq.	被擔架抬著的病人很想回到屋裡去。	The invalid carried on the stretcher would have very much liked to go back into the house.	L'infirme porté sur la civière aurait bien voulu rentrer dans la maison.	KUDAO
Meudus hu? Mhuqil hu? Nta mita da.	是活的嗎？死的嗎？我們去看看吧！	Is it alive? Dead? Let's go and see!	(Est ce) vivant ? Mort ? Allons voir !	KUDUS
Sliqun su kdusan su ka sayang o, hyaun su da?	如果你今天甘願（想要）糟蹋自己的生命，那對你有什麼用呢？	If you agree (want) to waste your life today, what good will it do you?	Si tu acceptes (veux) gaspiller ta vie aujourd'hui, à quoi cela te servira t il ?	KUDUS
Bsiyaq bi ka kndsan na mkealang ta.	他在我們當中（在我們部落裡）住了很久。	He lived a long time among us (in our village).	Il a longtemps vécu au milieu de nous (dans notre village).	KUDUS
Kingal nanak ka kndsan ta mkdaya seuxal.	從前我們在山上那裡的生活是完全不同的。	Our life up there in the mountains in the old days was quite different.	Notre vie là haut dans la montagne autrefois était toute différente.	KUDUS
Uxay ta emu dxgal nanak, ida ta niqan kneudus uri.	我們不只是塵土，我們也有生命的本源。	We are not merely dust; we also have a vital principle.	Nous ne sommes pas que de la poussière, nous avons aussi un principe vital.	KUDUS
Bunga ni masu ka kkeudus nami.	是地瓜和小米幫助我們活下去。	It is sweet potatoes and millet that help us to live.	Ce sont les patates douces et le millet qui nous aident à vivre.	KUDUS
Spuhi ku nhari! Mkmeudus ku ka yaku.	快點醫治我！我呢，我想活下去！	Treat me quickly! I want to live, I do!	Soignez moi vite ! Je voudrais vivre, moi !	KUDUS
Meudus ku o, uxay isu ka pnkeudus knan.	我若還活著，讓我活下來的並不是你。	If I am alive, it is not you who kept me alive.	Si je suis vivant, ce n'est pas toi qui m'a fait vivre.	KUDUS
Pkdusi bi ka qbhni nii.	讓這些鳥兒活下去吧！	Let these birds live!	Laisse les vivre ces oiseaux !	KUDUS
Lnglung bi! Bubu su ka pnkeudus sunan.	好好想想！是你母親給了你生命（讓你活著）。	Think hard! It is your mother who gave you life (made you live).	Réflechis bien ! C'est ta maman qui t'a donné la vie (fait vivre).	KUDUS
Mnarux ka mnarux laqi su, ida mu pkdusun.	你的兒子病得很重（要說病，他真的病了），可是我還是想讓他活下去（或：我會讓他活下去）。	He is really ill, your son (to be ill, he is ill indeed), and yet I want to make him live (var. I will make him live).	Il est réellement malade, ton fils (pour être malade, il est malade), et pourtant je veux le faire vivre (vl. je le ferai vivre.).	KUDUS
Ya ima bi ka empkeudus sunan.	那麼到底是誰要來救你呢？（使你活下去）	Who then is it that is going to save you? (make you live).	Qui est ce donc qui va te sauver ?(te fera vivre).	KUDUS
Aji bi empkeudus ka laqi su.	你的孩子肯定活不了！	Your child will certainly not survive!	Ton enfant ne vivra certainement pas !	KUDUS
Ya hmuya bi! Knteetu kmgus brah na ka laqi mu!	他到底是怎麼了？我的孩子一直不停地抓胸口！	What can be the matter with him? My child won't stop scratching his chest!	Que peut il bien avoir ? Mon enfant n'arrête pas de se gratter la poitrine !	KUGUS
Mluhay ku paah seuxal tnabug kuwi.	我養蠶已經很久，很有經驗了。	I have long been practised at raising silkworms.	Je suis entrainé depuis longtemps à élever des vers à soie.	KUI
Bisur, ksun ta o, kika kuwi nbuyas.	我們所稱的 Bisol，就是肚子裡的蟲。	What we call Bisol are the worms of the belly.	Ce que nous appelons Bisol, ce sont les vers du ventre.	KUI
Kuwi Cipiq.	蟯蟲。	Pinworms.	Oxyures.	KUI
Ungat kukul ka ribul mu da.	我的褲子沒有口袋了。	My trousers no longer have pockets.	Mes pantalons n'ont plus de poches.	KUKUL
Niqan kukul su?	你有口袋嗎？	Do you have pockets?	As tu des poches ?	KUKUL
Snkukul su pila mu ni, Yaku, msa su! Ini mu skkuli ana manu ka yaku!	你把我的錢放進口袋，卻說是我！我可什麼都沒放進口袋！	You pocket my money and you say it's me! I pocketed nothing, I did!	Tu mets mon argent en poche et tu dis que c'est moi ! Je n'ai rien empoché, moi !	KUKUL
Snkukul ku lumak ka shiga, ini ku skukul ka sayang da.	昨天我身上（口袋裡）有菸草，可是現在沒有了。	Yesterday I had tobacco on me (in my pocket), (but) I have none now.	Hier j'avais du tabac sur moi (en poche) (mais) je n'en ai pas maintenant.	KUKUL
Ida mskukul sapuh hiraw kdjiyax ka tana.	爸爸當然總是隨身帶著咳嗽的藥。	Of course papa always carries cough medicine on him.	Naturellement papa porte toujours des médicaments pour la toux sur lui.	KUKUL
Mhnuk bi brigan ka hiyi kuray.	老母豬的肉很便宜。	The meat of an old sow is cheap.	La viande de vieille truie est bon marché.	KULAE
Wada ku na grmun kulaw isil papak da.	他把我一條腿的脛骨打斷了。	He broke the shin of one of my legs.	Il m'a brisé le tibia d'une de mes jambes.	KULAO
Ungat kuluk paru ka mkdngu.	陸地上沒有大龜。	There are no large tortoises on dry land.	Il n'y a pas de grandes tortues sur la terre ferme.	KULUK
Kaway su! Uqun su na ka kumay!	你小心！熊會吃掉你。	Watch out! The bear will eat you.	Gare à toi ! L'ours va te manger.	KUMAI
Kuung bi ka ksugun mu.	我怕的就是黑暗。	It is the dark that I am afraid of.	C'est de l'obscurité que j'ai peur.	KUONG
Mkuung ka sayang, ini kla snpug.	現在天黑了，沒辦法數了。	It is dark now; it is not possible to count.	Il fait sombre, maintenant ; il n'est pas possible de compter.	KUONG
Mkkuung bi ka lala supug.	蟑螂多的地方就是在暗處。	It is in the dark that there are lots of cockroaches.	C'est dans l'obscurité qu'il y a beaucoup de cancrelas.	KUONG
Ana inu niqan kusa na ka Iwal.	Iwal到處都有債。	Iwal has debts everywhere.	Iwal a des dettes partout.	KUSA
Pririhun su knuwan ka kusa su?	你打算什麼時候還你的債？	When do you intend to pay back your debts?	Quand comptes tu rembourser tes dettes ?	KUSA
Pila manu ka nii? … Ida Nkusa mu seuxal.	這是什麼錢？……是我過去債務的一部分。	What is this money?...Part of my past debts.	Qu'est ce que cet argent ?...Partie de mes dettes passées.	KUSA
Ini bi sruwa pkusa ka sapah brigan.	這家店（商店）不接受賒帳買賣。	In the shop (the store), sale on credit is not accepted.	Dans la boutique (le magasin) n'est pas acceptée la vente à crédit.	KUSA
Mhdu pkusa ana inu ka Sitang.	Sitang到處負債累累。	Sitan is riddled with debts everywhere.	Sitan est criblée de dettes partout.	KUSA
Pusu bi npkusa ka Liwis ta da!	我們的Liwis是個積習難改的欠債人。	Our Liwis is an inveterate debtor.	Notre Liwis est un invétéré débiteur.	KUSA
Pgealu bi ka laqi nii! … Balay bi! Quhing kana ka tunux niya!	可憐的孩子！……真的！他滿頭都是蝨子！	Poor kid! … It's quite true! His head is full of lice!	Pauvre gosse ! … C'est bien vrai ! Sa tête est pleine de poux !	KUXENG
Malu kuxul.	心情好－滿足。	In a good mood - content.	De bonne humeur - content.	KUXUL
Naqih kuxul.	悲傷－心情不佳。	Sad - out of sorts.	Triste - mal tourné.	KUXUL
Ma su sqnaqih kuxul rudan su!	你為什麼讓父母傷心（為什麼讓父母的心情悲傷）？	Why do you cause your parents pain (why do you sadden your parents' feelings)?	Pourquoi fais tu de la peine à tes parents (pourquoi attristes tu les sentiments de tes parents ?	KUXUL
Ya bi manu ka kuxul su?	什麼能讓你開心呢？	What could possibly give you pleasure?	Qu'est ce qui pourrait bien te faire plaisir ?	KUXUL
Usa nanak smalu kuxul nbubu su.	那就去安慰你媽媽吧。	Go and console your mother, then.	Va donc consoler ta maman.	KUXUL
Blbul? Qlupas? Tlahi? Kuxul su nanak; angal.	香蕉？桃子？柚子？隨你喜歡，拿吧！	Bananas? Peaches? Grapefruits? As you please; take some!	Des bananes ? Des Pêches ? Des pamplemousses ? A ton bon plaisir ; prends !	KUXUL
Uxay balay bi mnarux; nknnaqih na kuxul nanak.	不！這其實不是病；只是源於他的憂傷。	No! It's not really an illness; it comes only from his sadness.	Non ! Ce n'est pas vraiment une maladie ; Celà ne vient que de sa tristesse.	KUXUL
Nkuxul na bi ka nangal su suni.	你剛才拿走的正是讓他開心的東西。	What you took just now was exactly what gave him pleasure.	C'est juste ce qui lui faisait plaisir que tu as pris tout à l'heure.	KUXUL
Uyas nkuxul.	情歌。（註：塔羅閣語很難表達無私之愛的「愛」；KUXUL 主要指「愉悅」，而 GNALU 主要指「憐憫、慈悲」。）	Love song. (n.b. To love in the sense of selfless love is hard to say in Taroko; KUXUL meaning above all: Pleasure; and GNALU above all: Pity, mercy.).	Chanson d'amour. (nb. Aimer dans le sens d'amour gratuit est difficile à dire en taroko ; KUXUL étant surtout : Plaisir ; et GNALU, surtout : Pitié, miséricorde.).	KUXUL
Kuxul su ka sinaw?...Ini ku skuxul ka kiya!	你喜歡酒嗎？……我不喜歡那個！	Do you like wine? … I don't like that!	Tu aimes le vin ? … Je n'aime pas celà !	KUXUL
Smkuxul bi mimah sinaw ka tama; wana bi sinaw ka kuxul niya.	爸爸只愛酒；唯有酒是他的樂趣。	Father loves only wine; wine alone is his pleasure.	Papa n'aime que le vin ; le vin seul est son plaisir.	KUXUL
Smkuxul ku bi lqlaqi ka yaku.	至於我，我很喜愛孩子。	As for me, I adore children.	Moi, j'adore les enfants.	KUXUL
Mskuxul bi rsrisaw ka uwa mu nii.	我這個女兒很喜歡男孩子。	My daughter here loves boys very much.	Ma fille qui est là aime beaucoup les garçons.	KUXUL
Mikat ni Ingay o, ida msskuxul paah seuxal.	Mikat和Ingay彼此相愛（互相喜歡）已經很久了！	Micat and Ingay are fond of each other (they please one another) and have been for a very long time already!	Micats et Ingay s'aiment bien (se plaisent l'un l'autre) depuis déjà bien longtemps !	KUXUL
Asi ka msskuxul ka lqlaqi ta da!	只要我們的孩子彼此相愛就好！	Provided that our children love one another!	A condition que nos enfants s'aiment mutuellement !	KUXUL
Kwaxi ku haya ka qrqilan nii hu?	讓這些苦難稍微離我遠一點（使這些苦難稍微遠離我！）。	Take these sufferings a little away from me (make these sufferings move a little away from me!).	Éloigne un peu de moi ces souffrances (fais que ces souffrances s'éloignent un peu de moi !).	KYUWAX
Nasi ini tduwa kwaxun ka qrqilan nii o, ida mu daun.	如果這些苦難無法被排除（避免），我仍然會承受（面對）它們。	If these sufferings cannot be removed (avoided), I will go through them (face them) all the same.	Si ces souffrances ne peuvent être éloignées (évitées), j'y passerai (je les affronterai) tout de même.	KYUWAX
Jyagi ku pkuwax kana rngji hu?	幫我趕走（幫我驅趕）所有這些蒼蠅！	Drive away for me (help me drive off) all these flies!	Chasse moi (aide moi à chasser) toutes ces mouches !	KYUWAX
Tkuwax hngali hari ka hiya ni, asi bi thmuku dxgal.	他退到稍遠處，俯伏在地上。	He withdrew a little way off and prostrated himself on the ground.	Lui s'est retiré à un peu de distance et s'est prosterné contre terre.	KYUWAX
Ana labang kiya.	那就太好了！	That would be too good!	Ce serait trop beau !	LABANG
Aji mha tuku tqian kana hyhiyi nami hu? … Ax! Llabang bi ka sapah mu.	這個地方夠大讓我們大家都睡下嗎？……哎呀！我的房子很大！	Is this a big enough space for us all to sleep? … Oh my! My house is very big!	Est ce que celà est une place assez grande pour que nous puissions tous coucher ? … Oh la ! Ma maison est très grande !	LABANG
Mlabang balay ka elug ta da.	我們要走的路（我們的路）很寬。	The road we are going to take (our road) is wide.	La route que nous allons prendre (notre route) est large.	LABANG
Rmabang malu ka kiya.	那樣好多了（那會增添好處）。	That is much better (it increases the goodness).	Celà est bien meilleur (celà augmente la bonté).	LABANG
Tuku bi ka kmbragan; lbangan na ka ini tuku.	長度（高度）夠了；不夠的是寬度！	The length (height) is enough; it's the width that is not enough!	La longueur (hauteur) suffit ; c'est la largeur qui ne suffit pas !	LABANG
Nduwa bi smpung aji tuku ka knlbangan niya.	要仔細量一量，看看它的寬度夠不夠。	Try to measure carefully to see whether its width is sufficient.	Tâche de bien mesurer pour voir si sa largeur suffit.	LABANG
Plbangun mu hici ka sapah.	我以後會把房子擴建。	I will enlarge the house later.	Je l'agrandirai plus tard la maison.	LABANG
Luhay bi dmusa maduk ka pslabang kari.	獵人們說話誇大其詞是常有的習慣。	It's quite the habit of hunters to exaggerate in their talk.	C'est bien l'habitude des chasseurs que d'exagérer dans leurs discours.	LABANG
Dha bi rabi ka nsaan mu bbuyu.	我上山（打獵）只去了兩夜（三天兩夜的時間）。	I only went up to the mountains (hunting) for two nights (the span of three days and two nights).	Je ne suis allé en montagne (à la chasse) que deux nuits (l'espace de trois jours et deux nuits).	LABE
Mha ku mkrabi.	我去過一夜（明天回來）。	I'm going for one night (I'll come back tomorrow).	Je vais pour une nuit (je reviens demain).	LABE
Mkpiya su rabi sapah Sibal.	你在Sibal家住幾天？	How many days are you spending at Sibal's?	Combien de jours passes tu chez Sibal ?	LABE
Mnklabi ku sapah swatan.	我在布農人（塔羅閣族的鄰族）家過了一夜。	I spent a night among the Bununs (a tribe neighbouring the Taroko).	J'ai passé une nuit chez des Bununs (Tribu voisine des Taroko.).	LABE
Aji ku biyaw priyax klbiyun ka yaku.	就我而言，我很快就要進入（墜入）黑夜（我漸漸老了，快要死了）。	Personally I shall soon pass into (fall into) the night (I am growing old, I shall soon die).	Personnellement je vais bientôt passer (tomber dans) à la nuit (Je vieillis, je vais bientôt mourir).	LABE
Rbagan do, knriwa bi labis ka sapah Abis.	夏天在阿比斯家，蚊子多得可怕。	In summer at Abis's place, it's terrible how many mosquitoes there can be.	En été chez Abis, c'est terrible ce qu'il peut y avoir de moustiques.	LABIS
Aji niqan rabuh na ka Ihing Cibi hu?	Cibi的兒子Ihing有未婚妻嗎？	Does Irhen, son of Cibi, have a fiancée?	Est ce que Irhen fils de Cibi a une fiancée ?	LABOX
Mlabu kana dowriq na paah lngisan na suni.	他的眼睛全腫了，因為他剛才哭過。	His eyes are all swollen since he cried a little while ago.	Ses yeux sont tout enflés depuis qu'il a pleuré tout à l'heure.	LABU
Ini tkeangal ka lbuan niya.	它的外殼不會脫落。	Its covering does not come off.	Son enveloppe ne se détache pas.	LABU
Lbuan laqi.	子宮（胎兒的包覆物）。	Womb (the covering of the child).	Matrice (enveloppe de l'enfant).	LABU
Lbuan laqi.	布片、包裹嬰兒的襁褓。	A piece of cloth, swaddling clothes for wrapping the child.	Pièce de linge, langes pour envelopper l'enfant.	LABU
Ida bi sprangun su balay pklabu nbuyas su.	你一定是故意讓自己的肚子鼓起來的！	You must be deliberately making your belly swell up!	Tu dois faire exprès de faire gonfler ton ventre !	LABU
Asi bi sklabu kana dowriq na.	以致使他（雙）眼都腫了起來。	To the point of making (all) his eyes swell.	Au point de faire enfler (tous) ses yeux.	LABU
Qlhangi bi aji su na pixun ka radax.	小心別讓原木壓到你！	Be very careful that the log does not crush you!	Fais bien attention que la grume ne t'écrase pas !	LADAX
Spgaaw ta nhari paah rajing da.	我們（強烈命令）快從頭數起吧。	Let's count (very imperative) quickly from the beginning.	Comptons (très impératif) vite depuis le commencement.	LADING
Ida paah rajing ka qneuqu su.	你從一開始（從起頭）就錯了。	It's from the very beginning (from the start) that you went wrong.	C'est depuis le commencement (depuis le début) que tu t'es trompé.	LADING
Paah rajing ta duri.	我們重新開始吧！	Let's start over!	Recommençons !	LADING
Ga ta mkeekan do, ida isu ka rmajing kjiyax.	我們吵架，總是你先挑起的。	We quarrel, and it's always you who starts.	Nous nous querellons, et c'est toujours toi qui commences.	LADING
Hana ku nrajing ka yaku.	至於我，我只是個初學者－我只是個新手。	As for me, I am only just a beginner - I am only a novice.	Pour moi je suis tout juste un commençant - Je ne suis qu'un débutant.	LADING
Sknuwan ka rnjingan niqan namu hini?	你們從什麼時候（你們是何時在此定居的）在這裡定居的？	Since when (when did your settling here take place) have you been settled here?	Depuis quand (quand est ce qu'a eu lieu votre installation ici) êtes vous installés ici ?	LADING
Ida saw kiya paah rnjingan niya.	而且從一開始就是這樣。	And it's been like that from the start.	Et c'est comme celà depuis le début.	LADING
Mkrbuk paah pnrjingan na qnpah ka hiya.	自從他開始工作以來就一直很累。	He has been tired ever since he started working.	Il est fatigué depuis qu'il a commencé à travailler.	LADING
Pnrjingan ptasan ka sayang.	今天是開學日。	Today is the start of school.	C'est aujourd'hui le début de l'école.	LADING
Prajing namu knuwan?	你們什麼時候開始？	When do you begin?	Quand est-ce que vous commencez ?	LADING
Nta nhari! Ga prajing muyas ka dhiya.	快來！他們正要開始唱歌了！	Come quickly! There they are, beginning to sing!	Viens vite ! Voilà qu'ils commencent de chanter !	LADING
Suyang bi ka gnluban ta sayang; ya bi ima ka tnrajing?	我們的社群如今很好；究竟是誰使它誕生（開始）的呢？	Our community is very good today; who then could have brought it into being (started it)?	Notre communauté est aujourd'hui très bonne ; qui est-ce donc qui a bien pu la faire naître (commencer) ?	LADING
Trajing sida o, ungat ana manu.	在起初的時候，什麼都沒有！	At the moment of the beginning, there was nothing!	Au moment du début, il n'y avait rien !	LADING
Seiyax namu do, kika srajing namu mkeekan.	你們剛才的玩笑，正是那將在你們之間引起（產生）爭執的東西！	Your jokes just now, that is what will provoke (give rise to) a quarrel among you!	Vos plaisanteries de ce moment, voilà ce qui va provoquer (faire naître) une dispute entre vous !	LADING
Ngalun mu psrajing tahut ka djima ndngu bukuy sapah su.	我想用你家後面的乾竹子來生火。	I want to use your dry bamboo from behind your house to light the fire.	Je veux me servir de tes bambous secs de derrière ta maison pour allumer le feu.	LADING
Aji ta biyaw mha mkan ray duri.	不久我們就會再去參加婚宴（我們很快就會再去婚宴）。	It will not be long before we go again to a wedding feast (We will go to the wedding feast again before long).	Nous ne serons pas longtemps avant d'aller de nouveau à un repas de noces (Nous irons de nouveau au repas de noces avant peu).	LAE
Uxay jiyax sayang ka pntriyan laqi Jiyan?	今天不是迪央之子的婚禮之日嗎？	Isn't today the wedding day of Jiyan's son?	N'est-ce pas aujourd'hui le jour des noces du fils de Djian ?	LAE
Idas nii o, knteetu rnagak; ini ta kla nusa qmpah.	這個月一場大雨接著一場；我們無法去工作。	This month, it's one downpour after another; we can't manage to go and work.	Ce mois-ci, c'est une averse après l'autre ; on n'arrive pas à aller travailler.	LAGAP
Hmut lala.	非常大的數量。	A very great number.	Un très grand nombre.	LALA
Lala bi hiyi ka trabus mu da.	我的花生確實結了很多果實。	My peanuts have really borne much fruit.	Mes arachides ont vraiment porté beaucoup de fruits.	LALA
Lala bi pila na.	他很富有（他有很多錢）。	He is very rich (he has a lot of money).	Il est très riche (il a beaucoup d'argent).	LALA
Lala bi quwaq na ka Liwis.	不能相信Liwis所說的話（他嘴多，什麼都亂說）。	One cannot rely on what Liwis says (he has many mouths, says anything at all).	On ne peut pas se fier à ce que dit Liwis (il a beaucoup de bouches, dit n'importe quoi).	LALA
Wana bi yaku ka mlala rmngaw.	只有我常常說（常常重複它）。	I am the only one who speaks often (who repeats it often).	Je suis le seul à parler souvent (à le répéter souvent).	LALA
Ya ksa: mnspat, mnrima; mnlala bi da.	別說四次、五次；已經發生過很多次了！	Don't say four times, five times; it happened many times!	Ne dis pas quatre fois, cinq fois ; c'est arrivé de nombreuses fois !	LALA
Pnpiya ta da?...Ini mu klai; hmut pnlala ta!	每人多少（一次多少）？……我不知道；（但）無論如何很多！	How much to each (how much at a time)? … I don't know; (but) in any case it's a lot!	Combien à chacun (combien à la fois) ? … Je ne le sais pas ; (mais) en tous cas c'est beaucoup !	LALA
Nllaun na bi biyax rmngaw.	他會非常用力地說話（他會堅持地說）。	He will put much force into speaking (He will speak insistently).	Il mettra beaucoup de force à parler (Il parlera avec insistance).	LALA
Nllaun na bi rmngaw.	他會常常重複它。	He will repeat it often.	Il le répètera souvent.	LALA
Plalay o, Yamu lqlaqi; bukuy do, dmbiyax; bukuy na bi o, drudan.	你們孩子先走，然後是成人，最後才是長者。	You children, you will go in front, then will come the adults, and finally the elders.	Vous les enfants, vous passerez devant, puis viendront les adultes, et enfin les anciens.	LALAE
Ima bi ka pllayun mu?	我該從誰開始？我該把誰排在前面？	By whom shall I begin?, Whom shall I put in front?	Par qui vais-je commencer ?, Qui vais-je mettre devant ?	LALAE
Pllayun misu uusa su empweela.	我會從你開始（把你排在前面），好讓你當他們的嚮導。	I will begin with you (I will put you in front) so that you may be their guide.	Je commencerai par toi (je te mettrai devant) pour que tu sois leur guide.	LALAE
Ana ima ka ini na pllayi tmukuy o, aji na bi dhqun kmtuy uri.	凡不先播種的人，也永遠無法收穫。	Whoever does not begin by sowing will never be able to harvest (either).	Celui qui ne commence pas par semer, ne pourra jamais récolter (non plus).	LALAE
Ima namu ka tlealay mniyah? … Yaku ka tnlealay!	你們當中誰先來的？……是我在先！	Which of you came first? … It is I who was before!	Quel est celui d'entre vous qui est venu le premier ? … C'est moi qui était avant !	LALAE
Nasi su tlealay musa snluhay do, na, npdhuq su qmpah uri.	如果你先去學習，那麼你也能夠工作。	If you first go to do the apprenticeship, then you too will manage to work.	Si tu vas d'abord faire l'apprentissage, alors tu arriveras aussi à travailler.	LALAE
Ya han ka isu, tnlealay ka hiya.	你等一下！他比你先在這裡。	Wait a bit, you! He was here before you.	Attends un peu, toi ! Il était là avant toi.	LALAE
Kusa ntlealay ka kiya, Pnkusa su snii o, kika srngaw mu sayang.	那屬於先前的債（過去的、以前的）；我現在要說的是你最近欠下的那筆。	That belongs to the earlier debt (of the past, of before); it is of the one you contracted recently that I want to speak now.	Cela fait partie de la dette antérieure (du passé, d'avant) ; c'est de celle que tu as contracté dernièrement que je veux parler maintenant.	LALAE
Tnlealay ka patas nii.	這本書排第一。	This book comes first.	Ce livre vient le premier.	LALAE
Ntlealay ka patas nii.	這本書（這份文字）是從前的書。	This book (this writing) is a book of former times.	Ce livre (cet écrit) est un livre d'autrefois.	LALAE
Ndtlealay ka patas nii.	這本書屬於第一組的書。	This book is part of those of the first group.	Ce livre fait partie de ceux du premier groupe.	LALAE
Raraw bi musa yayung.	避免去溪流（激流）。	Avoid going to the torrent.	Évitez d'aller au torrent.	LALAO
Taan dha ka bqrus do, kasi rmaraw muda elug ka dhiya.	他們看見屍體時，就繞道（岔開）而行。	When they saw the corpse, they made a detour (a swerve) to go on their way.	Quand ils virent le cadavre, ils firent un détour (un écart) pour passer leur chemin.	LALAO
Ini ku sramal (ksramal?) ka yaku, usa ramal (usa nama?) ka isu.	我還沒準備好，你先走吧。	I am not prepared; you, go on ahead.	Je ne suis pas préparé, toi, va devant.	LAMAL
Ga msramal daya ka tama; mha nami saman ka yami.	爸爸在上面提前準備；我們則明天才去。	Papa is preparing up there in advance; we, we are going there tomorrow.	Papa se prépare là-haut en avance ; nous, nous y allons demain.	LAMAL
Ida ku pnsramal rmngaw paah seuxal.	然而我早就預言過了。	Yet I had predicted it long ago.	Je l'avais pourtant prédit depuis longtemps.	LAMAL
Psrmali gmeelug elug ddaun lqlaqi ta da.	預先準備好我們孩子將要走的路。	Prepare in advance the road that our children will have to take.	Préparez en avance le chemin que devront prendre nos enfants.	LAMAL
Niqan ka pnsrmalan kari.	那已經被預言（預見）過了。	That has already been predicted (foreseen).	Cela a déjà été prédit (prévu).	LAMAL
Ima nkla ka ddaun na! Uxay ku empsramal ka yaku!	誰能知道他將做什麼？我又不是先知！	Who can know what he will do? I am not a prophet, me!	Qui peut savoir ce qu'il fera ? Je ne suis pas prophète, moi !	LAMAL
Mha mramil hici ka qraqil kacing su.	你水牛的皮之後會變成鞋子。	The hide of your buffalo will then become a shoe.	La peau de ton buffle deviendra ensuite chaussure.	LAMIL
Saw lqlaqi matas o, mkramil ka duma, ini kramil ka duma.	有些學童穿鞋，有些則不穿。	Some schoolchildren wear shoes, others do not.	Certains écoliers portent des chaussures, d'autres n'en portent pas.	LAMIL
Mskuy bi ka sayang; aji su pkrmilun ka lqlaqi su hu?	今天很冷；你不給你的孩子穿鞋嗎？	It is very cold today; Won't you put shoes on your children?	Il fait bien froid aujourd'hui ; Ne mettras-tu pas des souliers à tes enfants ?	LAMIL
Sai lmamu pila qsiya ka isu.	你去收水費（水的規費）。	You, go collect the water dues.	Toi, va ramasser les redevances pour l'eau.	LAMU
Isu ka pnsuwiq kana buwax; lmui nhari da!	是你把米全打翻了；快點把它撿起來！	It is you who spilled all the rice; hurry up and gather it!	C'est toi qui as renversé tout le riz ; dépêche-toi de le ramasser !	LAMU
Mnlamu ku pila seuxal ni, bilaq bi ka lnamu mu.	從前我收錢，卻只收到很少一點。	In the past I collected the money and I collected only very little of it.	Autrefois je recueillais l'argent et je n'en recueillais que bien peu.	LAMU
Ana nlamu ka isu!	你真令人絕望！（＝得拾穗才能找到一個像你這樣的（？））。	You are hopeless! (= One must glean to find one like you (?)).	Tu es désespérant ! (= Il faut glaner pour en trouver un comme toi (?)).	LAMU
Wada su lmuan kana da ka pila qsiya hu?	你收完（全部收齊了嗎）水稅了嗎？	Have you finished collecting (have you gathered all of) the water taxes?	As-tu fini de ramasser (les as-tu toutes ramassées) les taxes pour l'eau ?	LAMU
Jiyax su lmuan pila ka isu.	你成天忙著收錢。	You spend your time collecting money.	Toi tu passes ton temps à ramasser l'argent.	LAMU
Tayal bi rana ka tbgan su!	哎呀！你養的牲口（你所畜養的）繁殖得真多！	Oh my! How the heads of your livestock (what you raise) multiply!	Oh là ! Comme les têtes de ton bétail (ce que tu élèves) se multiplient !	LANA
Mrana nrana ka knriwa mnarux niya.	他病情的嚴重程度不斷加劇。	The severity of his illness increases ceaselessly.	La gravité de sa maladie augmente sans cesse.	LANA
Mrana balay ka kndkilan na hiyi ni kngkla na lnglungan.	他的身體長大（身體的成長增加），心智也發展（心智的知識增加）。	His body grows (the growth of his body increases) and his mind develops (the knowledge of his mind increases).	Son corps grandit (la croissance de son corps augmente) et son esprit se développe (la connaissance de son esprit augmente).	LANA
Ini krana ka qnthuran hiyi niya.	他沒有變胖（他身體的增肥沒有增加）。	He does not fatten (the fattening of his body does not increase).	Il ne s'engraisse pas (L'engraissement de son corps n'augmente pas).	LANA
Sspung mu knrnaan pila mu, kika nyahan mu.	衡量我資本的增長，這就是我來的原因（我來的緣由）。	To measure the increase of my capital, that is why I came (the reason for my coming).	Mesurer l'augmentation de mon capital, voilà pourquoi je suis venu (le pourquoi de ma venue).	LANA
Prnai cicih ka pspaan su.	把你播種的面積（數量）稍微增加一點。	Increase a little the area (the quantity) of your sowing.	Augmente un peu la surface (la quantité) de tes semis.	LANA
Ga inu ka prnaan su qmpahan?	你究竟是在哪裡擴大了你的田地？	Where then is it that you enlarged your field?	Où est-ce donc que tu as fait l'agrandissement de ton champ ?	LANA
Mnarig ku kingal lituk qmpahan dha pprana qmpahan mu bunga.	我向別人買了一塊地，以擴大我的地瓜田。	I bought a plot of land from others to enlarge my sweet-potato field.	J'ai acheté aux autres un coin de terrain pour agrandir mon champ de patates douces.	LANA
Ana mkmphing ka tahut su o, yupi binaw, ida mha nranaq duri.	即使你的火看起來快熄滅了，就吹一下，火焰又會再燃起來。	Even if your fire seems to be going out, blow on it a little and there will be flames again.	Même si ton feu semble s'éteindre, souffle donc un peu, et il y aura de nouveau des flammes.	LANAQ
Wada su psaun manu sranaq su tahut?	你在火裡放了什麼，使得火焰竄了起來？	What did you put in the fire that made the flame rise up?	Qu'est ce que tu as mis dans le feu qui a fait monter la flamme ?	LANAQ
Saw su bi mrangi ini kla kari.	你真像個不會說話的大笨蛋！	You are really like a big fool who does not know how to speak!	Tu es vraiment comme un gros bêta qui ne sait pas parler !	LANGI
Nrangi bi nnarux kana baga mu.	我手上的傷口（毛病）好不了。	The wound (the sore) on my hand does not heal.	La plaie (le mal) de ma main ne se guérit pas.	LANGI
Wana bi kingal lubuy srangi ka trabus mu.	我只有一袋多一點的花生。（註：意義和用法與 SNGALI 大致相同。）參見 SLANGI。	I have only one bag and a little more of peanuts. (n.b. Roughly the same meaning and use as SNGALI). See SLANGI.	Je n'ai qu'un sac et un peu plus d'arachides. (nb. A peu près le même sens et le même emploi que SNGALI). VR. SLANGI.	LANGI
Mha su smbu rapit keeman kiya?	你今晚要去獵飛鼠嗎？（註：這種飛鼠只在夜間獵捕，或者藉助陷阱捕捉。）	Are you going to hunt the flying squirrel this evening? (n.b. This squirrel is hunted only at night, or else with the help of traps).	Tu vas chasser l'écureuil volant ce soir ? (nb. La chasse à cet écureuil ne se fait que de nuit, ou bien à l'aide de pièges).	LAPIT
Laqi su bi nqsahur mu!	你真是我親生的孩子（你真的是我的孩子）。	You are truly the child of my womb (You are really my child).	Tu es bien l'enfant de mon sein (Tu es vraiment mon enfant).	LAQE
Laqi rbnaw.	嬰兒。	Baby.	Bébé.	LAQE
Laqi mneydang.	私生子（失散／被遺失的孩子）。	Natural child (a child who has been lost).	Enfant naturel (enfant qui a été perdu).	LAQE
Laqi laqi.	孫子。	Grandchild.	Petit fils.	LAQE
Biqun mu lqian ka rhluk.	我會把這些覆盆子（一種覆盆子）給我的孩子。	I will give the raspberries (a kind of raspberry) to my child.	Je les donnerai à mon enfant les framboises (espèce de framboises).	LAQE
Ini su bi peiyah pssli lqlqian su.	你不停地把你的孩子聚集起來。	You never stop gathering your children together.	Tu ne cesses pas de rassembler tes enfants.	LAQE
Ya bi lingis! Ma su bi pnlaqi!	別哭！你是怎麼了，這樣孩子氣？	Don't cry! What has got into you, behaving like a child?	Ne pleure pas ! Qu'est ce qui te prend de faire l'enfant ?	LAQE
Ga dmuuy laqi duri ka Sitang … Tnlaqi sknuwan? … Wada na jiyun skeeman!	Sitang又（抱著）帶著一個孩子（哄著嬰兒）……她什麼時候生的？……她昨晚生的。	Sitang is again carrying (in her arms) a child (cradling a baby) … When did she give birth? … She had it last night.	Sitang porte de nouveau (dans ses bras) un enfant (pouponne) … Quand a t elle enfanté ? … Elle l'a eu hier soir.	LAQE
Ida yaku ka tnlaqi.	但是我才是這孩子的負責人。	But I am the one responsible for the child.	Mais c'est moi le responsable de l'enfant.	LAQE
Knteetu snlaqi ka sapah niya.	在他們家，總是為了孩子爭吵。	In their house, people are always quarrelling about the children.	Chez eux, on se dispute toujours à propos des enfants.	LAQE
Ana malu karat ini su latat o, emphuya su da?	如果連天氣好的時候你都不出門，你將來會變成什麼樣子？	If you don't go out even when the weather is fine, what will become of you?	Si même quand il fait beau tu ne sors pas, qu'est ce que tu vas devenir ?	LATAT
Latat nhari da!	快出來！	Come out quickly!	Sors vite !	LATAT
Wada mlatat kana ka mrmirit (nmirit) su da, Bal!	Sibal，你的羊全都跑出去了！	Sibal, all your goats have run off (have got out)!	Sibal, toutes tes chèvres se sont sauvées (sont sorties) !	LATAT
Klaun mu bi ka Lntadan kari niya.	我很熟悉他說話的口音。	I know well his accent (the way his speech comes out).	Je connais bien l'accent de son parler.	LATAT
Mha ku platat cicih rudux mu.	我要把我的雞放出去一下。	I am going to let out (put outside) my hens for a while.	Je vais lâcher (mettre dehors) un peu mes poules.	LATAT
Emplatat knuwan ka lqlaqi matas?	學童什麼時候放學（出來）？	When will the schoolchildren come out?	Quand est ce que les écoliers sortiront ?	LATAT
Ya isu nanak ka mnplatat lqlaqi ta da.	我想正是你（就你一個人）把孩子們放出去的！	I suppose it was indeed you (you alone) who let the children out!	Je suppose que c'est bien toi (toi seul) qui a fait sortir les enfants !	LATAT
Bsiyaq ku bi sapah spuhan da! Ya bi knuwan ka pltadun ku dha?	我住院已經很久了！他們到底什麼時候才會讓我出院？	I have been in the hospital for a very long time! When will they finally let me out?	Voilà bien longtemps que je suis à l'hôpital ! Quand est ce donc qu'ils me feront sortir ?	LATAT
Ini su lawa ana emaan, kika ini ku iyax.	你沒有呼喚任何人，所以我不來。	You call no one, that is why I do not come.	Tu n'appelles personne, c'est pourquoi je ne viens pas.	LAWA
Sai mlawa seejiq (sjiqun) miyah dmayaw.	叫（找）人來幫忙。	Call (bring) people to come and help.	Appelle (fais venir) du monde pour venir aider.	LAWA
Niqan ka mlawa mksipaw.	對面那邊有人在呼喚。	There is someone calling, over there across the way.	Il y a quelqu'un qui appelle, là bas en face.	LAWA
Dhuq su ka isu o, asi mrrawa kana da.	你才剛到，他們就全都吵成一團了。	No sooner do you arrive than they are all in a great hubbub.	A peine tu arrives, les voilà tous dans un grand brouhaha.	LAWA
Ini tduwa mrrawa ska sapah ta haduran nii!	在這個我們獻祭的場所（在這座教堂裡）不准喧鬧。	It is not permitted to make a racket in this place where we offer sacrifices (in this church).	Il n'est pas permis de chahuter dans ce local où nous offrons des sacrifices (dans cette église).	LAWA
Jyagi ku plawa tnpusu sapah.	派我（幫我）去找一家之主。	Send me (help me) to fetch the master of the house.	Envoie moi (aide moi à) chercher le maitre de maison.	LAWA
Ana ini su plawa buan su! Nii ka tama su!	不必去把你媽媽找來，你爸爸就在這裡！	There is no need to send for your mother, your father is here!	Ce n'est pas nécessaire de faire venir ta maman, ton papa est ici !	LAWA
Isu bi kdjiyax ka nusa prrawa lqlaqi ta matas.	總是你去在我們的學童中間起鬨吵鬧。	It is always you who go and stir up an uproar among our schoolchildren.	C'est toujours toi qui vas provoquer le chahut chez nos écoliers.	LAWA
Pnlwaan saku ska hidaw, kika yahan mu nita.	你在中午叫人來找我，所以我就來看看。（註：Pnllwaan＝喧鬧。）	You had me called at noon, and that is why I have come to see. (n.b. Pnllwaan = uproar/racket).	Tu m'as fait appeler à midi et voilà pourquoi je suis venu voir. (nb. Pnllwaan = Chahut).	LAWA
Psai lawa su ka balung rudux kika aji empgrung da.	把你的蛋放進籃子裡，這樣它們就不會破了！	Put your eggs in the basket, that way they will not break!	Mets tes oeufs dans le panier, de la sorte il ne se casseront pas !	LAWA
Ini su rawah do, ima bi ka empdhuq mtmay!	如果你不開門，究竟有誰能進得來呢？	If you do not open, who then will manage to get in?	Si tu n'ouvres pas, qui est ce bien qui parviendra à entrer ?	LAWAX
Hana ku rmawah dowriq mu.	我才剛睜開眼睛。	I have only just opened my eyes.	Je viens à peine d'ouvrir mes yeux.	LAWAX
Rmawah ku tutu kalat.	我在打開一罐鳳梨。	I am opening a can of pineapple.	J'ouvre une boîte d'ananas.	LAWAX
Rwahun su knuwan ka enduk sapah su?	你什麼時候會打開你家的門？	When will you open the door of your house?	Quand est ce que tu ouvriras la porte de ta maison ?	LAWAX
Mrawah ka sapah mu, ini krawah ka sapah Sikat.	我的房子是開著的，Sikat的沒開。	My house is open, Sikat's is not.	Ma maison est ouverte, celle de Sikat ne l'est pas.	LAWAX
Rwahi binaw ka tutu nii … Ga rwahan da!	把這個罐子稍微打開一下……它已經開了！	Do open this can a little … It is already open!	Ouvre donc un peu cette boîte … Elle est déjà ouverte !	LAWAX
Ga inu ka rwahan na?	那麼開的地方在哪裡呢？	Where then is the place to open it?	Où est donc l'endroit pour ouvrir ?	LAWAX
Ya bi spat tuki (ka) rwahan na ka sapah.	他開家門的時候大約是四點鐘。	It was about four o'clock when he opened his house.	Il était environ quatre heures quand il a ouvert sa maison.	LAWAX
Spat iyax tuki rwahan na ka sapah.	他的房子開著有四個小時。	His house stayed open for four hours.	Sa maison est restée ouverte pendant quatre heures.	LAWAX
Rwahi binaw.	就打開吧！	Do open it!	Ouvre donc !	LAWAX
Ini mu rwahi ka lubuy su.	我沒有打開你的袋子。	I have not opened your bag.	Je n'ai pas ouvert ton sac.	LAWAX
Ima ka kuxul namu rrawah mu hu?	你們要我釋放誰？	Whom do you want me to release?	Qui désirez vous que je libère ?	LAWAX
Huya mu ksun rmawah ka ini ku duuy rrawah.	我沒有鑰匙，要怎麼打開呢？	How can I open it, I who have no key?	Comment puis je faire pour ouvrir moi qui n'ai pas de clé ?	LAWAX
Dudul bi pnrhulan prrawah su Dluan!	那就帶領群眾去釋放Jiru吧。	Lead the crowd, then, to free Jiru.	Entraîne donc la foule pour libérer Djiro.	LAWAX
Jyagi ku prawah qsiya.	讓我去打開（幫我打開）水（的閘門）。	Have me open (help me to open) the (sluice gates) of the water.	Fais moi ouvrir (aide moi à faire ouvrir) (les vannes) de l'eau.	LAWAX
Babaw bnkiyan ku dha do, Jiyan ka mnprawah knan da.	在我被鎖上鏈條之後，是吉安讓我獲釋的。	After I had been put in chains, it was Jiyan who had me freed.	Après avoir été enchaîné, c'est Djian qui m'a fait libérer.	LAWAX
Ga trawah kdjiyax ka blbling sapah niya.	他家的窗戶（洞口）總是大開著。	The windows (the openings) of his house are always wide open.	Les fenêtres (les trous) de sa maison sont toujours grands ouverts.	LAWAX
Emptrawah kana ka qnrak dha.	他們所有的囚犯都將獲釋。	All their prisoners will be freed.	Tous leurs prisonniers seront libérés.	LAWAX
Rahuq na do, ungat ana manu.	除此之外別無他物。	Apart from that there is nothing else.	En dehors de celà il n'y a rien d'autre.	LAXOK
Tutuy ta kana, mnusa rnngaw rahul hiya ka Pilin.	「我們大家都站起來吧」，Pilin對在場的人群說。	Let us all get up, said Pilin to the crowd that was there.	Levons nous tous, dit Pirinne à la foule qui était là.	LAXOL
Mniyah mgrahul sapah hrpasan kana.	他們全都成群湧入遊戲室。	They all came in a crowd into the games room.	Ils sont tous venus en foule dans la salle de jeux.	LAXOL
Niyah miyah ka seejiq o, mha mrahul hici da.	（若）人們繼續前來，很快就會形成一群人。	(If) people keep coming, it will soon make a crowd.	(Si) les gens continuent à venir, celà fera bientôt une foule.	LAXOL
Pnrhulan o, ida mrrawa, ungat ixan da.	無論如何，人群總會喧鬧（引起吵雜聲），不必堅持。	In any case a crowd makes noise (causes a hubbub), no use insisting.	De toute façon une foule fait du bruit (provoque un brouhaha), inutile d'insister.	LAXOL
Wana dha bi hiyi, rahuq na do o, klaun mu kana da.	只有兩個人除外，除了這兩個人之外，我認識所有人。	Only two people, apart from those two (setting those two aside), I know everyone.	Seulement deux personnes, en dehors de ces deux (mis à part ces deux), je connais tout le monde.	LAXOQ
Aji tduwa pstutuy hyaan, nrahuq kingal hiyi.	這抬不起來，我們少了一個人。	It's not possible to lift it, we are one person short.	Ce n'est pas possible de le soulever, il nous manque une personne.	LAXOQ
Gisu kana da; wana kingal ka nrahuq.	他們全都在了，只少一個人。	They are all here, only one is missing.	Ils sont tous là, il n'en manque qu'un seul.	LAXOQ
Ana rhqan kingal hiyi, ida ta tnklaun.	即使少了一個，我們也能辦到。	Even if one is missing, we will manage.	Même s'il en manque un, nous y arriverons.	LAXOQ
Ini ku snrahuq ana kingal.	我一個都沒漏掉。	I have not omitted a single one.	Je n'en ai pas omis un seul.	LAXOQ
Ini mu srhuqi ana kingal.	我一個都沒省略。	I have omitted none of them.	Je n'en ai omis aucun.	LAXOQ
Knteetu su snrahuq powsa cimu.	你老是忘記（漏掉）放鹽。	You always forget (omit) to add salt.	Tu oublies toujours (tu omets) de mettre du sel.	LAXOQ
Wada su buan ka pada hu? … Smnrahuq ku da (= wada mu srhuqan da)	你打到那隻山羌了嗎？……我沒打中！	Did you shoot the chamois? … I missed it!	As tu tiré le Chamois ? … Je l'ai manqué !	LAXOQ
Snrahuq ku kingal papak ni mntakur ku da.	我踏空了一步（失足）而摔倒了。	I made a misstep (missed a foothold) and I fell.	J'ai fait un faux pas (j'ai manqué un pied) et je suis tombé.	LAXOQ
Pusu su bi nsrahuq ka isu.	你真是個健忘冠軍。	You are a champion of forgetfulness.	Tu es un champion de l'oubli.	LAXOQ
Ana manu ka ndaan su qneuqu, ana saw nqmpahan su, ana nsrhuqan su, ndaan su kana da.	你在各方面都有過失，無論是你所做的，還是你該做而未做的，處處皆然！	You have been at fault in every way, both in what you did and in what you omitted to do, everywhere!	Tu as fauté de toutes les façons, tant dans ce que tu as fait que dans ce que tu as omis de faire, partout !	LAXOQ
Wada su psrahuq kingal kari da.	1）你漏說了一句話；2）你不經意說溜了一個字（像是暗示、透露）；3）你說了一個字（洩露了你自己）。	1) You omitted to say a word; 2) You let a word slip (as if to insinuate, to hint) 3) You said a word (that betrayed you).	1) Tu as omis de dire une parole ; 2) Tu as laissé tomber un mot (comme pour insinuer, laisser entendre) 3) Tu as dit un mot (qui t'as trahi).	LAXOQ
Rbagan da.	夏天到了！	And here is summer!	Et voilà l'été !	LBAGAN
Empsrnabaw kana ka qhuni do, npkrbagan da.	當樹木開始長出葉子時，就是春天了（夏天將至！）。	When the trees begin to put out leaves, it is spring (summer is coming!).	Quand les arbres commencent à émettre des feuilles, c'est le printemps (l'été va venir !).	LBAGAN
Suqi mlbay ka erut su.	你的樑太不牢固了。	Your beam is far too weak.	Ta poutre est bien trop faible.	L'BAI
Mlbay bi lnglungan.	性格軟弱。	Weak character.	Caractère faible.	L'BAI
Mklbay ka papak mu da.	我的腿在發軟（如今已變得無力）。	My legs are wobbling (have now become weak).	Mes jambes vacillent (sont désormais devenues faibles).	L'BAI
Ini ku skluwi ka yaku! Klaun mu balay ka knlbayan dha.	我一點也不驚訝！我很清楚他們的弱點。	I am not surprised! I know their weakness perfectly well.	Je ne suis pas étonné ! Je connais parfaitement leur faiblesse.	L'BAI
Ppklbay rumul ta, kika yahun na tnan.	為了削弱我們的勇氣，這就是他來我們這裡的原因！	To weaken our courage, that is why he has come to us!	Pour affaiblir notre courage, voilà pourquoi il est venu chez nous !	L'BAI
Usa nanak pklbay lnglungan niya.	你自己去哄他吧（軟化他的情緒）。	Go and coax him (soften his feelings).	Va donc l'amadouer (affaiblir ses sentiments.).	L'BAI
Saw bi lblak ka knhlpisan niya.	薄如紙（它的薄度像紙一樣）。	Thin as paper (its thinness is like that of paper).	Mince comme du papier (sa minceur est comme celle du papier).	LB'LAK
Laqi rbnaw.	嬰兒＝剛出生的孩子。	Baby = child just born.	Bébé = enfant qui vient de naître.	LB'NAO
Rbnaw bi ka djima su; ya bi sqti.	你的竹子還嫩（幼嫩）；別砍它們！	Your bamboos are young (tender); do not cut them!	Tes bambous sont jeunes (tendres) ; ne les coupe pas !	LB'NAO
Asi ka mrbnaw ka jima.	條件是竹子要嫩（幼嫩）。	On condition that the bamboo be young (tender).	A condition que le bambou soit jeune (tendre).	LB'NAO
Miyah ku mrbnaw (nprbnaw?) sunan.	我來求你幫個忙（我來在你面前撒嬌）。	I come to ask you a favor (I come to act the spoiled child with you).	Je viens te demander une faveur (Je viens faire l'enfant gâté près de toi).	LB'NAO
Rbung nhari ka qnada dha! Nsknux da!	快把他們丟棄的東西埋掉！好臭！	Quickly bury what they threw away! It smells bad!	Enfouis vite ce qu'ils ont jeté ! Celà sent mauvais !	L'BONG
Rbngun su knuwan ka Pihu?	你什麼時候埋葬 Pihu？	When will you bury Pihu?	Quand enterreras tu Perho ?	L'BONG
Rbngi bi qabang.	用毯子把它蓋上。	Cover it with a blanket.	Couvre le d'une couverture.	L'BONG
Ga inu ka rbngan su Pihu?	你把 Pihu 埋在哪裡？	Where did you bury Pihu?	Où as tu enterré Perho ?	L'BONG
Manu ka wada su rbngan kii tasil paru?	你在那塊大石頭旁邊埋了什麼？	What did you bury near the big stone?	Qu'as tu enterré près de la grosse pierre ?	L'BONG
Phqilun misu ni prbungun (pkrbungun?) misu tasil.	我要殺了你，並用一堆石頭把你蓋住。	I will kill you and have you covered over with a heap of stones.	Je te tuerai et te ferai recouvrir d'un tas de pierres.	L'BONG
Ini trbung balay.	他並沒有真正（好好地）埋起來。	He is not really (properly) buried.	Il n'est pas vraiment (sérieusement) enfoui.	L'BONG
Saw bi mtrbung ka asu dha.	他們的船好像被（水）淹沒了一樣。	Their boat is as if it were covered over (by the water).	Leur bateau est comme s'il était recouvert (par l'eau).	L'BONG
Ga trbngan silung (gsilung) ka asu su da.	你的船就這樣被海水淹沒了！	And there is your boat covered over by the sea!	Et voilà ton bateau recouvert par la mer !	L'BONG
Hrii kana rbuq ni tbalay kana nbqru.	把所有的洞都填上，把所有的凸起都弄平。	Plug all the holes and level all the bumps.	Bouche tous les trous et nivelle toutes les bosses.	L'BOQ
Ana nuda qsiya o, ini bi trbuq ka hiya.	即使在水裡它也不下沉！	Even in the water it does not sink!	Même dans l'eau il ne s'enfonce pas !	L'BOQ
Trbuqi hari narat gaing kika mha ntbalay kana da.	往右邊那裡稍微壓下去，就會全部變平了。	Press down a little over there on the right and it will be all flat.	Enfonce un peu là bas à droite et ce sera tout plat.	L'BOQ
Wada mtrbuq truma gaing.	它一直沉到底下那邊去了。	It sank right down there at the bottom.	Il s'est enfoncé tout là bas au fond.	L'BOQ
Ptrbuqun mu duri ka knriyan Pisaw.	我想把 Pisaw 挖的地方挖得更深。	I want to make even deeper what Pisaw dug.	Je veux rendre encore plus profond ce que Pissao a creusé.	L'BOQ
Lbu bi ka rijil na.	它的柄很短。	Its handle is short.	Son manche est court.	L'BU
Lbu bi jiyax na.	他的日子屈指可數了。	His days are numbered.	Ses jours sont comptés.	L'BU
Lbu bi hngak ka Tausen.	Tausen 快死了（他的氣息短促）。	Tausen is dying (his breath is short).	Taossen est moribond (son souffle est court).	L'BU
Lbu bi biyax mu.	我已精疲力盡。	I am at the end of my strength.	Je suis au bout de mes forces.	L'BU
Lbu bi pila na.	他缺錢。	He is short of money.	Il est à court d'argent.	L'BU
Khnu ka knlbuan na da? … Ya dhuq rima qatar hu?	它有多長（有多短）？……大概五步吧。參見 ML'BU。	What is its size (how short is it)?...That is perhaps five paces. See ML'BU.	Quelle est sa dimension (combien est ce court) ?...Celà fait peut être cinq pas. VR. ML'BU.	L'BU
Slbu cicih ka gasil da.	把你的繩子稍微剪短一點。	Shorten your string a little.	Raccourcis un peu ta ficelle.	L'BU
Pslbui hari ka usux lukus su.	把你衣服的袖子稍微改短一點。	Shorten the sleeves of your garment a little.	Raccourcis un peu les manches de ton habit.	L'BU
Kana qmpahan mu nii o, rbuk mu kana!	我這些田地，全都是我辛勞的結果（都是我勞累的成果）。	All these fields of mine, they are all my toil (they are all the fruits of my labor).	Tous mes champs que voilà, c'est toute ma fatigue (ce sont tous des fruits de ma fatigue).	L'BUK
Ya han! Mkrbuk balay ka tana su sayang.	等一下！你父親現在真的很累！	Wait a moment! Your father is really very tired right now!	Attends un peu ! Ton père est vraiment très fatigué en ce moment !	L'BUK
Tmabun ka skrbuk bi seejiq (sjiqun),	開墾（翻土、挖掘）處女地是很累人的工作。	It is working to break up (turn over, dig) virgin ground that is really tiring.	C'est travailler à défoncer (retourner, piocher) un terrain vierge qui est vraiment fatiguant.	L'BUK
Niqan namu sapah malu ka sayang o, Gnrbuk mu ka kiya.	你們今天有一間漂亮的房子，這都要歸功於我的辛勞。	You have a fine house today; it is to my toil that you owe it.	Vous avez aujourd'hui une belle maison, c'est à ma fatigue que vous le devez.	L'BUK
Paru bi rdax na ka hidaw.	太陽的光芒非常強烈。	The sun has a very powerful radiance.	Le soleil a un rayonnement très puissant.	L'DAX
Tutuy da! Mrdax bi da!	起來吧！天已經大亮了！	Get up! It is broad daylight now!	Levez vous ! Voilà qu'il fait grand jour !	L'DAX
Denki ni ayang do, ini krdax ka ayang.	（比較）電與煤油，煤油並不明亮（＝電比煤油亮得多）。	(Comparing) electricity to lamp-oil, the oil is not luminous (= Electricity gives much more light than the oil).	(Comparer) l'électricité au pétrole, le pétrole n'est pas lumineux (= L'électricité éclaire beaucoup plus que le pétrole).	L'DAX
Qnqgu ka rudux do, aji biyaw rndah kana mtqiri da.	公雞啼叫時，不久一切都亮了起來（萬物皆明）。	When the cock crows, before long everything is lit up (Everything grows bright).	Quand le coq chante, avant peu tout est lumineux (Tout s'illumine).	L'DAX
Ya kshaya, ksun mu o, rndah ka hiya da.	我說：別那樣做，他卻變本加厲地繼續。	I say: Don't do that, and he keeps on all the more.	Je dis : Ne fais pas comme cela, et lui continue de plus belle.	L'DAX
Wana knrdaxan hidaw ka ksugun na balay.	他最怕的就是太陽的亮光。	It is the brightness of the sun that he fears most.	C'est de la luminosité du soleil dont il a le plus peur.	L'DAX
Hidaw ka emprdax ana manu embabaw dxgal.	是太陽照亮地上的一切。	It is the sun that lights up everything on the earth.	C'est le soleil qui éclaire tout ce qui est sur la terre.	L'DAX
Bsiyaq bi prdaxan hidaw ka mkrbagan.	夏天太陽照耀（發光）的時間很長。	In summer the sun gives light (shines) for a long time.	En été le soleil éclaire (brille) pendant longtemps.	L'DAX
Empkrdax knuwan da hu!	天究竟什麼時候才亮呢？	When on earth will day break?	Quand va t il donc faire jour ?	L'DAX
Tai ka trdax do, ini bi latat ka rapit.	白天（天亮時），飛鼠不出來。	During the daytime (when it is light), the flying squirrel does not come out.	Dans la journée (quand il fait jour), l'écureuil volant ne sort pas.	L'DAX
Kmpkrdax ku bi tqian tama mu.	我很想把爸爸睡覺的地方照亮一點。（＝使爸爸睡覺的地方明亮、被照亮（？））	I would very much like to light up a bit the place where papa sleeps.(= To make bright, lit, the place where papa sleeps (?))	J'aimerais bien éclairer un peu l'endroit ou papa dort.(= Rendre lumineux, éclairé, l'endroit où papa dort (?))	L'DAX
Ya slhbun, pnais ku bi rmdu siyaw elug.	別擔心，我只在路邊停一會兒。	Don't worry, I am only stopping for a moment by the roadside.	Sois sans souci, je ne m'arrête qu'un moment au bord de la route.	L'DO
Knteetu mrdu ka tdruy qrngul nii.	這班火車不停地停下來。	This train is constantly stopping.	Ce train est sans cesse arrêté.	L'DO
Nasi ta mrdu kiya o, uqun mu lumak .	如果我們待會兒停下來，我想抽根菸（菸斗）。	If we stop shortly, I want to smoke a pipe (cigarette).	Si on s'arrête tout à l'heure, je veux fumer une pipe (cigarette).	L'DO
Mha ku bitaq rduan tdruy.	我要去到火車站。	I am going as far as the station.	Je vais jusqu'à la gare.	L'DO
Niqan srduan na kii sapah su?	你家附近有（設置的）停靠處嗎？	Is there a place (set aside) for stopping, near your house?	Est ce qu'il y a un endroit (prévu) pour s'arrêter, près de chez toi ?	L'DO
Sai nhari prdu saw dempweela dhyaan.	快去把他們的嚮導攔下來。	Go quickly and stop their guides.	Va vite stopper leurs guides.	L'DO
Musa ku msaang do, rinah tjiras ka hiya da.	如果我去責備他，他反而叫得更兇。	If I go to scold him, he starts to shout all the more.	Si je vais le disputer, il se met à crier de plus belle.	LENAX
Mriqi kana ka elug Tagahan.	Tagahan（塔加罕）的路全是彎道。	The road to Tagahan is all curves.	La route de Tagarhan est toute en courbes.	LEQE
Mriqi hari ka pnteetu su djima.	你立起來的竹子有點歪。	The bamboos you have set up are a bit crooked.	Les bambous que tu as dressés sont un peu de travers.	LEQE
Gmriqi mita.	瞥一眼（用眼角餘光看（？））。	To cast a glance (to look out of the corner of the eye (?)).	Jeter un coup d'oeil (voir du coin de l'oeil (?)).	LEQE
Priqi binaw ka tasil paru gaga.	把那邊那塊大石頭稍微轉歪一點。	Turn the big stone over there a bit askew.	Tourne un peu de travers la grande pierre qui est là.	LEQE
Pida bi sntrilan mu snduray o, asi bi snqriqi ka baga mu da.	正是我跳躍的那天，我把手扭脫臼了。	It was on the very day I was doing the jump that I dislocated my hand.	C'est juste le jour où je faisais le saut que je me suis démis la main.	LEQE
Wana bi kiya ka riqu dha balay.	那是他們唯一真正厭惡的事。	That is the only thing they really detest.	C'est uniquement cela qu'ils détestent vraiment.	LEQO
Riqu mu bi mita bsukan seejiq.	我極度厭惡看到喝醉的人。	I absolutely detest seeing drunken people.	Je déteste absolument voir des gens ivres.	LEQO
Tai ka dmsnhiyi kari Utux Baraw o, ini tduwa qnriqu seejiq (sjiqun)	至於那些聽從上天之靈（上帝）話語（命令）的人，他們不可憎恨別人。	As for those who listen to the word (command) of the Spirit on high (God), they are not allowed to hate others.	Quant à ceux qui écoutent la parole (ordre) de l'Esprit d'en haut (Dieu), il ne leur est pas permis de haïr les autres.	LEQO
Mkriqu bi ka smluhay kari truku.	學說太魯閣語相當困難。	It is quite difficult to learn to speak Taroko.	C'est bien difficile d'apprendre à parler taroko.	LEQO
Mkriqu bi lnglung ka nii.	這相當複雜（很難思考）。	This is quite complicated (It is quite hard to think through).	C'est bien compliqué (C'est bien difficile à penser).	LEQO
Qnriqani bi ka qnnaqih namu.	好好厭惡你們的過錯，（你們心中的惡）。	Thoroughly detest your faults, (the evil that is in you).	Détestez bien vos torts, (le mal qui est en vous).	LEQO
Wada ribaq ka tama mu.	我父親到山後面去了。	My father has gone behind the mountain.	Mon père est allé derrière la montagne.	LIBAQ
Asi ku rngaw bi, ini ku kla ribaq ka yaku.	我會直說，我不懂得拐彎抹角（我不會用暗示的方式說）。（有時用於：諷刺之意。）	I will say it straight out; I don't know how to handle things with kid gloves, myself (I don't know how to say it by innuendo). (sometimes used in the sense of: irony).	Je vais le dire tout droit, je ne sais pas prendre des gants, moi (je ne sais pas le dire par sous-entendus). (parfois employé dans le sens de : Ironie).	LIBAQ
Ya aji su rmibaq.	我想你（說話時）沒有在暗示什麼吧。	I suppose you are not insinuating anything (in what you say).	Je suppose que tu n'insinues rien (en parlant).	LIBAQ
Ini ku ribaq kdjiyax.	我從不用比喻（暗示）說話。	I never speak in figures (by innuendo).	Je ne parle jamais par images (par sous-entendus).	LIBAQ
Mribaq hidaw do.	當太陽轉到另一邊（後面）時（＝下午稍晚－傍晚）。	When the sun passes to the other side (behind) (= late afternoon - evening).	Quand le soleil passe de l'autre côté (derrière) (= Fin d'après midi - soir).	LIBAQ
Libu babuy.	豬圈。	Pigsty.	Porcherie.	LIBU
Libu rudux.	雞舍。	Henhouse.	Poulailler.	LIBU
Saw bi mklibu alang ta ka dgiyaq paru.	高山像圍欄一樣環繞著我們的部落。	High mountains form a kind of enclosure around our village.	De hautes montagnes forment comme une enceinte autour de notre village.	LIBU
Mhuma su pusu sakus kana mtqiri sapah mu o, ma su lmnglung pklibu niqan mu!	你來把樟樹種在我房子四周，好像你想把我的住處圍起來似的！	You come and plant camphor trees all around my house; it looks as if you want to fence in my dwelling!	Tu viens planter des camphriers tout autour de ma maison, on dirait que tu veux enclore mon habitation !	LIBU
Nta da tnlibu dhyaan aji dha qduriq.	我們去把牠們圍起來，免得牠們逃走！	Let us go surround them so that they do not escape!	Allons les entourer pour qu'ils ne se sauvent pas !	LIBU
Mhdu mtlibu suyang bi niqan niya ka ana manu klgan phpah.	他那美麗的住處四周完全被各式各樣的花圍繞著。	His marvelous dwelling is completely surrounded by all sorts of flowers.	Sa merveilleuse habitation est complètement entourée par toute sorte de fleurs.	LIBU
Mniyah mtlibu hyaan tluung.	他們過來圍成一圈坐在他周圍。	They came and sat down forming a circle around him.	Ils sont venus s'asseoir en faisant cercle autour de lui.	LIBU
Asi ka mkribul tduwa ta muda alang paru.	如果我們要進城，就必須穿褲子。	One must wear trousers if we want to go to town.	Il faut porter un pantalon si nous voulons aller en ville.	LIBUL
Ya ana pxal si su uda skribut su ka isu!	也許你從來沒犯過錯吧！	Perhaps you have never made a mistake!	Peut être que toi tu ne t'es jamais trompé !	LIBUT
Ya bi usa smkribut muda elug.	別在路上絆倒了！	Do not go stumbling along the road!	Ne va pas trébucher le long de la route !	LIBUT
Ana ima ida mskribut ppxal.	每個人都難免會犯錯一兩次。	Everyone makes a mistake one time or another.	Tout le monde se trompe une fois ou l'autre.	LIBUT
Plhlahi bi kana ka snkrbutan su.	拋開你過去所有的過錯。	Rid yourself of all your past faults.	Débarrasse toi de toutes tes fautes passées.	LIBUT
Ya bi ima ka pnskribut sunan?	是誰把你絆倒的？	Who is it that made you fall?	Qui est ce qui t'a fait tomber ?	LIBUT
Mnda su pskribut inu da.	你去哪裡讓人把你絆倒了？	Where did you go to get tripped up?	Où es tu allé te faire faire un croc en jambe ?	LIBUT
Mnda su pskribut ima da?	你去被誰引去做壞事了？	By whom did you go to be led into evil?	Par qui es tu allé te faire entraîner au mal ?	LIBUT
Malu bi hma pucing mu; rijil na ka naqih.	我的刀刃很好，是刀柄不好。	The blade of my machete is good; it's the handle that is not good.	La lame de mon coutelas est bonne ; c'est le manche qui n'est pas bon.	LIDIL
Ga mrijil ga pnteetuan su mgrbu suni.	你今天早上立起來的東西是歪的（斜的）。	What you set up this morning is crooked (it's leaning).	C'est de travers (c'est penché) ce que tu as dressé ce matin.	LIDIL
Mnarux su? Ma mrijil ka tunux su!	你生病了嗎？真奇怪，你的頭是歪的！	Are you sick? It's odd, your head is crooked!	Tu es malade ? C'est curieux, ta tête est de travers !	LIDIL
Ma ini su pkrijil hari?	你為什麼不把它擺得稍微斜一點呢？	Why don't you place it a bit crooked?	Pourquoi ne (le) places tu pas un peu de travers ?	LIDIL
Tayal bi rigaw ka uwa ni (= Tayal bi rigaw na ka uwa nii!)	這女孩真會到處遊蕩！	How this girl can wander about!	Ce qu'elle peut vadrouiller, cette fille !	LIGAO
Mha ku rnigaw cicih, meuwit ku da.	我去走一走，我累了。	I'm going to take a walk, I'm tired.	Je vais faire un tour, je suis fatigué.	LIGAO
Isu bi nanak ka mniyah seuxal prigaw mnan mqdgiyaq.	以前就是你來帶我們去山上散步的！	It was indeed you who came in the past to take us for a walk in the mountains!	C'est bien toi qui es venu autrefois nous faire faire une promenade en montagne !	LIGAO
Ini hari nksa ka Imin mu, wana bi Ribix ka prigaw hyaan ppxal.	我的女兒（妻子、姊妹、表親）Imin 不太出門，只有 Ribix 偶爾帶她出去兜風。	My daughter (my wife, sister, cousin) Imin doesn't go out much, only Ribix sometimes takes her out for a ride.	Ma fille (ma femme, soeur, cousine) Iminne ne sort pas beaucoup, il n'y a que Libish qui l'emmène parfois rouler.	LIGAO
Lingun mu ka puniq aji na dmuuy.	我要把槍藏起來，好讓他不能用。	I want to hide the gun so that he won't use it.	Je veux cacher le fusil pour qu'il ne s'en serve pas.	LIING
Lmiing su bi lnglungan ka isu, ini ku liing ka yaku.	你把你的想法藏起來，我可不藏！	You hide your thoughts, I don't hide them!	Toi tu caches tes pensées, moi je ne les cache pas !	LIING
Wada bi tliing inu ka Hidi,	Hidi 到底藏在哪裡呢？	Where is she well hidden, Hidi?	Où est elle bien cachée, Rhidé ?	LIING
Ga mtliing ka Bika; ana su gimun o, aji su bi hlayun!	Bika 藏得很好；你再怎麼找，也一定找不到她。	Bika is well hidden; however much you search for her, you certainly won't find her.	Bica est bien cachée ; tu auras beau la chercher, tu ne la trouveras certainement pas.	LIING
Rima idas ka tnliingan na da.	她已經躲藏五個月了。	She had been hiding for five months.	Il y avait cinq mois qu'elle se cachait.	LIING
Klaun mu kingal suyang bi tliingan.	我知道一個很棒的藏身處。	I know a great hiding place.	Je connais une fameuse cachette.	LIING
Usa nhari ptliing sapah Awi.	快去 Awi 的家裡躲起來。	Go quickly hide yourself in Awi's house.	Va vite te faire cacher dans la maison de Awi.	LIING
Aji mu ptliingun ka sapah niya.	我不想用他的家來躲藏。	I don't want his house to hide in.	Je ne veux pas de sa maison pour me cacher.	LIING
Nhari nhari msa su o, ki bi ka (kiya bi ka) likaw mu da.	你說快一點、快一點……這已經是我全部的速度了（＝我盡力了！）。	Faster, faster, you say. Well, this is my full speed (= I'm doing all I can!).	Plus vite, plus vite, dis tu. Voilà bien toute ma vélocité (= je fais tout ce que je peux !).	LIKAO
Ini su slikaw tmalang.	你跑得不快。	You don't run fast.	Tu ne cours pas vite.	LIKAO
Kana dwauwa do, Tumi ka nslikaw bi; ini ku kslikaw ka yaku.	所有女孩當中，Tomé 真的是最快的；我呢，不快。	Of all the girls it's Tomé who is really the fastest; me, I'm not fast.	De toutes les filles c'est Tomé qui est vraiment la plus rapide ; moi, je ne suis pas rapide.	LIKAO
Ini krikit ka baga na; papak na isil ka mrikit balay.	他的手沒有殘廢；殘廢得嚴重的是他的另一條腿。	His hands are not crippled; it's his other leg that is severely so.	Ses mains ne sont pas estropiées ; c'est son autre jambe qui l'est gravement.	LIKIT
Khnu ka knrikit na.	他殘廢到什麼程度（多嚴重）？	To what extent (in what degree) is he crippled?	A quel point (dans quelle quantité) est il estropié ?	LIKIT
Qnyutan quyu seuxal ka pnkrikit papak na.	是他以前被蛇咬傷才使他的腳殘廢的。（使他的腳變殘廢）。	It's the snakebite he fell victim to in the past that crippled his foot. (that made his foot crippled).	C'est la morsure de serpent dont il a été la victime dans le temps qui lui a estropié le pied. (qui a rendu son pied estropié).	LIKIT
(Ksaw nrikit nksa.	（假裝（為了欺騙）肢體殘廢來走路）。	Fakes (in order to deceive) a crippled limb in order to walk.	Simule (pour tromper) un membre estropié pour marcher).	LIKIT
Ririh tana.	叔伯（幾乎等於父親？）。	Uncle (almost father?).	Oncle (presque père ?).	LILEX
Ririh mu bubu.	我的姑姨。	My aunt.	Ma tante.	LILEX
Ririh mnswayi.	堂（表）兄弟姊妹。	First cousins.	Cousins germains.	LILEX
Swayi na nanak ka miyah rnirih Tadaw ttmgsa lqlaqi.	是他自己的弟弟來頂替 Tadao 教孩子們。	It's his own younger brother who comes to replace Tadao in teaching the children.	C'est son propre petit frère qui vient remplacer Tadao pour enseigner les enfants.	LILEX
Ida ta rnirih nxal kana ka embliqan tana ta.	總有一天我們也會繼承父親所有的財富（讓人快樂的東西）。	We will indeed inherit one day all the riches (the things that make one happy) of our father.	Aussi bien nous hériterons de toutes les richesses (les objets qui rendent heureux) de notre papa, un jour.	LILEX
Rrihun ana bitaq knuwan saw mnduwa bi lqlaqi ka gnealu niya.	他的良善必永遠賜給忠實的孩子們（那些行為端正的孩子）。	His goodness will always be assured to faithful children (who will behave well).	Sa bonté sera toujours assurée aux enfants fidèles (qui se conduiront bien).	LILEX
Mlilug ka kingal kadang mu kika saun mu mita negabal gupun.	我的一顆臼齒在動，所以我想去看牙醫（拔牙的人）。	One of my molars is loose, that's why I want to go see a dentist (the one who pulls teeth).	Une de mes molaires bouge c'est pourquoi je veux aller voir un dentiste (celui qui arrache les dents).	LILU
Ya hmuya bi mlglug kdjiyax ka qling bi tduling baga mu?	我這隻手的小指頭到底為什麼老是在動？	Why on earth is the little finger of my hand always in motion?	Pourquoi est ce donc que le petit doigt de ma main est toujours en mouvement ?	LILU
Ya klilug!	別動！	Don't move!	Ne bouge pas !	LILU
Ini klilug ka tdruy su.	你的車一動也不動。	Your car doesn't move from its spot.	Ta voiture ne bouge pas de place.	LILU
Ini su tai ka llgan na hu?	你沒看到它在動嗎（它會動這件事）？	Don't you see its movement (the fact that it moves)?	Tu ne vois pas son mouvement (le fait que celà bouge) ?	LILU
Saw snisu bi! Mnlglug kana ana ddgiyaq uri.	真可怕！一切都在動，連山都在動！	It was frightening! Everything was moving, even the mountains!	Celà faisait peur ! Tout bougeait, même les montagnes !	LILU
Ana su pllgun o, ida mu dhqun.	你再怎麼想推動它，我還是會辦到的。	However much you (try to) move it, I'll manage all the same.	Tu as beau (le) faire bouger, j'y arriverai quand même.	LILU
Maxal rima.	十五。	Fifteen.	Quinze.	LIMA
Rima kbkuy.	五百。	Five hundred.	Cinq cent.	LIMA
Rima ni rima o, maxal da.	五加五等於十。	Five and five make ten.	Cinq et cinq font dix.	LIMA
Mrimal ku hngkawas sngari da.	我如今已經超過五十歲了。	Here I am now more than fifty years old.	Voilà que j'ai plus de cinquante ans.	LIMA
Mrima ku sayang da.	今天是第五次（今天已經是第五次了）。	Today makes five times (today is the fifth time).	Aujourd'hui cela fait cinq fois (c'est aujourd'hui la cinquième fois).	LIMA
Mnrima ku bi mnkan apu.	我只吃過五次柿子。	I have eaten persimmons only five times.	Je n'ai mangé des kakis que cinq fois.	LIMA
Pnrima namu hiyi.	你們每五人一組（或：你們是五人一組）。	Arrange yourselves in fives (var. You are in fives).	Mettez vous par cinq (vl. Vous êtes par cinq).	LIMA
Snrima ka wada mu psaan penki.	我塗了五層漆。	I have put on five coats of paint.	J'en ai mis cinq couches de peinture.	LIMA
Ma su miyah rmimu knan da.	你是怎麼了，跑來奉承我（愛撫我）？	What has got into you, coming to flatter me (to caress me)?	Qu'est ce qui te prend de venir me flatter (me caresser) ?	LIMU
Ma su niyah emprimu knan da.	你是怎麼了，跑來讓我安慰你？	What has got into you, coming to be consoled by me?	Qu'est ce qui te prend de venir te faire consoler par moi ?	LIMU
Ini ku kla lmuan ka yaku.	我不是那種會被打動（或：懂得被打動）的人（我對讚美、愛撫無動於衷）。	I am not one of those who let themselves be (var. who know how to be) softened, me (I am not susceptible to compliments, to caresses).	Je ne suis pas de ceux qui se laissent (vl. qui savent) attendrir, moi (Je ne suis pas sensible aux compliments, aux caresses).	LIMU
Miyah ku emprimu sunan da.	我來讓你寵我（＝我來向你求一個人情）。	I come to be pampered by you (= I come to ask you a favor).	Je viens me faire chouchouter par toi (= je viens te demander une faveur).	LIMU
Lingay bi sapah mu ka taulan.	陶蘭是我家的鄰居。	Taolanne is a neighbor of mine.	Taolanne est voisin de chez moi.	LINGAI
Klaun na bi kana llingay ka Tasaw.	達少認識他所有的鄰居。	Tassao knows all his neighbors.	Tassao connaît tous ses voisins.	LINGAI
Knteetu mlingay ka Tanah ni Talan.	Tanah和Talan老是在鬥嘴。	Tanah and Talan are always bickering.	Tanarh et Talanne sont toujours à se chamailler.	LINGAI
Ya lingis! Gisu ka bubu su da.	別哭，你媽媽馬上就來。	Don't cry, your mommy is coming right away.	Ne pleure pas, ta maman vient tout de suite.	LINGIS
Ana lmingis ka laqi o, laxi da! Aji emphuya.	就算孩子哭，讓他哭吧！沒關係的（不會有什麼不好的後果）。	Even if the child cries, let him cry! It will be nothing (there will be no unfortunate consequence).	Même si l'enfant pleure, laisse le pleurer ! Cela ne sera rien (il n'y aura aucune suite fâcheuse).	LINGIS
Manu bi ka pusu lngisan su.	你到底為什麼哭呢？	But why on earth are you crying?	Mais pourquoi donc pleures tu ?	LINGIS
Mnhuqil tama na, kika paru slngisan na.	他父親過世了，這就是他哭得如此傷心的原因（這就是他所有眼淚的緣由）。	His father died, that is what makes him cry so much (that is the cause of all his tears).	Son père est mort, voilà ce le fait tant pleurer, (voilà le motif de toutes ses larmes).	LINGIS
Emplingis knan ka qbsuran su ni, ya aji su niyah plingis buan su!	你哥哥已經惹我哭了，我想你不會也來惹你媽哭吧？	Your elder brother already makes me cry and, I suppose you are not also coming to make your mother cry?	Déjà ton frère ainé me fait pleurer et, je suppose que tu ne viens pas aussi faire pleurer ta mère ?	LINGIS
Aji! Laqi mu meydang ka splingis knan.	不是這樣，是我那誤入歧途（迷失）的兒子讓我哭。	That's not it, it is my wayward (lost) son who makes me cry.	Ce n'est pas cela, c'est mon fils dévoyé (perdu) qui me fait pleurer.	LINGIS
Prajing csdamat ni tnlingis qnnaqih kuxul ka hiya.	她開始傷心，並因悲傷而哭泣。	She began to be sad and to cry from sadness.	Elle a commencé à être triste et à pleurer de tristesse.	LINGIS
Risaw su ka isu; saw kiya do, usa tuhuy drisaw da.	你是個年輕人，去跟年輕人在一起吧。	You are a young man, so go join the young people.	Tu es un jeune homme, va donc te joindre aux jeunes gens.	LISAO
Yamu rsrisaw o, taga cicih.	你們這些年輕小伙子，等一下。	You young lads, wait a little.	Vous les jeunes garçons, attendez un peu.	LISAO
Rngagun mu rsagan.	我會告訴（對）那年輕小伙子說。	I will say it (I will speak) to the young lad.	Je le dirai (je parlerai) au jeune garçon.	LISAO
Tmalang ku musa rsagan.	我跑去（奔向）那年輕人那裡。	I run to (I go running to) the young man's place.	Je cours chez (Je vais en courant chez) le jeune homme.	LISAO
Tmalang ku uusa mu rsagan.	我為了去那年輕人那裡而奔跑。	I run in order to go to the young man's place.	Je cours pour aller chez le jeune homme.	LISAO
Tayal knrisaw su!	哎呀！你真是個俊俏的年輕人！	Oh my! What a handsome young man you make!	Oh la ! Quel beau jeune homme tu fais !	LISAO
Asaw knrsagan su ka empdhuq su mhraw hyaan.	多虧你年輕，你才能追上他。	It is thanks to your youth that you manage to pursue him.	C'est grâce à ta jeunesse que tu arrives à le poursuivre.	LISAO
Rsuhi ku cicih sapuh su.	你願意幫我塗一點你的藥嗎？	Would you apply a little of your medicine on me?	Voudrais tu m'appliquer un peu de ton médicament ?	LISOX
Rsuhi ta sapuh su hu?	我可以請求我們塗一點你的藥嗎？	May I ask that we put on a little of your medicine?	Puis je demander que nous mettions un peu de ton médicament ?	LISOX
Kmrisuh ku qaqay su ni, ungat ka rsuhan mu da (rsuhun mu da?)	我很想幫你的腳塗藥（但）我沒有藥膏了。	I would like to coat your foot (with medicine but) I have no more ointment.	Je voudrais bien enduire ton pied (de médicament mais) je n'ai plus d'onguent.	LISOX
Rnsuhan bi ima ka muhing su?	是誰在你鼻子上塗了東西？	Who is it that daubed your nose?	Qui est ce qui a badigeonné ton nez ?	LISOX
Tmalang ku uusa mu Banan sprisuh mu hwinuk.	我跑去Iban那裡，讓人在我腰上塗藥膏。	I run to go to Iban's place to have ointment put on my lower back.	Je cours pour aller chez Ibanne me faire mettre de la pommade sur les reins.	LISOX
Ga snqriqi ka papak mu; miyah ku prisuh (psrisuh?) cicih.	我的腳扭到了，我來讓人塗一點藥膏。	My foot got twisted; I come to have a little ointment put on.	Mon pied s'est tordu, je viens me faire mettre un peu de pommade.	LISOX
Tutuy kana, lita da!	你們大家起來，走吧！	All of you get up (and) let's go!	Levez vous tous (et) allons !	LITA
Dha lituk nii do, nbaki mu ka kingal, nnaku ka kingal.	這兩塊田，一塊是我岳父的，另一塊是我的。	Of these two fields, one belongs to my father-in-law, the other belongs to me.	(De) ces deux champs, l'un est à mon beau-père, l'autre est à moi.	LITOK
Ma, ini su liwaq rngji!	咦，怎麼回事！你不趕蒼蠅嗎？	But, how come! You don't drive away the flies?	Mais, comment ! Tu ne chasses pas les mouches ?	LIWAK
Taga han! Saun mu pnais lmiwaq kacing da.	等一下，我正要去趕水牛。	Wait a bit, I'm just going to drive away the buffalo.	Attends un peu, je vais juste chasser le buffle.	LIWAK
Rngji kana dqras baki; lwaqi binaw (= BI + NA + O??)	爺爺的臉上滿是蒼蠅；把牠們趕走一點吧！	Grandfather's face is covered with flies; do drive them away a bit!	Le visage de grand père est couvert de mouches ; chasse les donc un peu !	LIWAK
Psaun mu laqi musa pliwaq rngji da.	我要派那孩子去趕蒼蠅。	I'm going to send the kid to go drive away the flies.	Je vais envoyer le gosse pour aller chasser les mouches.	LIWAK
Paah liwang niya ka klaun mu mnarux na.	我是看他消瘦才認出他生病了。	It is by looking at his thinness that I recognize his illness.	C'est en regardant sa maigreur que je reconnais sa maladie.	LIWANG
Ma su mliwang bi da!	你好瘦啊！	How thin you are!	Que tu es maigre !	LIWANG
Ini su kliwang ka isu! Tai bi knliwang mu ka yaku.	你才不瘦呢！看看我這消瘦的樣子吧！	You, you are not thin! Just look at my own thinness!	Toi, tu n'es pas maigre ! Regarde un peu ma maigreur à moi !	LIWANG
Skliwang bi sjiqun ka uqun na nii.	他給我們吃的這種食物真的讓人消瘦（或：他吃的這種食物）。	It really makes people lose weight, this food he gives us (var. that he eats).	Elle fait vraiment maigrir les gens cette nourriture qu'il nous donne (vl. qu'il mange).	LIWANG
Mnda brah mu ka paru bi liwaq! Saw smeisug bi!	一道巨大的閃電就從我面前掠過；真嚇人！	A huge flash of lightning passed right in front of me; it's frightening!	Un énorme éclair est passé juste devant moi ; cela fait peur !	LIWAQ
Tai ka mliwaq do, mngungu ku, ungat ka yaku da.	打閃電的時候，我很害怕，我簡直魂飛魄散！	When there is lightning, I'm afraid, I no longer exist!	Quand il fait des éclairs, j'ai peur, je n'existe plus !	LIWAQ
Ga ku embiyax bi pliwaq lihaw saw saan pslihaw laqi da.	我竭盡全力擦亮（使發光）我女兒照鏡子用的那面鏡子。	I put all my strength into polishing (making shiny) the mirror where my daughter comes to look at herself.	J'y mets toutes mes forces pour polir (rendre brillant) la glace où vient se mirer ma fille.	LIWAQ
Lmnglung ku pkliwaq cicih tuki mu nii.	我想把我的錶擦亮一點（使它發光）。	I'm thinking of making my watch shine (making it shiny) a bit.	Je pense faire briller (rendre brillante) un peu ma montre.	LIWAQ
Babaw pnsaan na sapuh do, asi skliwaq kana da.	他塗上他的產品之後，立刻整個變得亮晶晶。	After he put on his product, it immediately became all shiny.	Après qu'il eut mis son produit, c'est aussitôt devenu tout brillant.	LIWAQ
Hyaun su ka galiq gaga? … Spkliwaq mu tuki ina mu.	你要那塊抹布做什麼？……我要用它來擦亮我媳婦的錶。	What do you want to do with that rag? … I want to use it to make my daughter-in-law's watch shine.	Que veux tu faire de ce chiffon là ? … Je veux n'en servir pour faire briller la montre de ma bru.	LIWAQ
Mtliwaq kana dowriq na, ida bi ga mnarux.	他的眼睛亮晶晶的，他一定是生病了；。	His eyes are all shiny, he must be ill;	Ses yeux sont tout brillants, il doit être malade ;	LIWAQ
Qntaan su ka liwas dha bgurah? Uxay hmut dxgal o, balay bi tasil balay.	你看過他們新的儲水器了嗎？它不是用普通的泥土做的，而是用石頭……	Have you seen their new water reservoir? It's not made of common earth, but of stone...	Tu l'as vu leur nouveau réservoir pour l'eau ? Il n'est pas en vulgaire terre, mais en pierre...	LIWAS
Lihaw dowriq.	眼鏡。	Eyeglasses.	Lunettes.	LIXAO
Pnspadaw na knan Apay ka lihaw paru ga tqian mu.	我臥室裡那面大鏡子是Apai送給我的禮物。	The big mirror in my bedroom is a gift that Apai gave me.	La grande glace qui est dans ma chambre à coucher est un cadeau que m'a fait Apai.	LIXAO
Kuxul bi dkuyuh ana inu ka muda pslihaw.	照鏡子確實是各地女人的一種樂趣。	Looking at oneself in a mirror is indeed a pleasure of women everywhere.	Se regarder dans une glace est bien un plaisir des femmes de partout.	LIXAO
Ana ta tgaguh o, asi ka mhdu psrhagan dha.	我們再怎麼趕，也得等她們照完鏡子（打扮完）才行！	However much we hurry, we have to wait until they have finished admiring themselves!	Nous avons beau être pressés, il faut attendre qu'elles aient fini de se mirer !	LIXAO
Ma niqan liyus! Ndaan bi manu da? Pada hu? Bowyak hu? … Aji! Seejiq! Taan bi ka dapil.	你看草叢裡這些痕跡！到底是什麼經過這裡呢？是羚羊嗎？是山豬嗎？……不是！看得很清楚是（腳）印！是人啊！	You see these traces in the grass! What could have passed this way? A chamois (mountain goat)? A wild boar? … No! You can clearly see the (foot) prints! It's a man!	Tu vois ces traces dans l'herbe ! Qu'est ce qui a bien pu passer par là ? Un chamois ? Un sanglier ? … Non ! On voit bien les empreintes (des pieds) ! C'est un homme !	LIYUS (Lius)
Wada su pmahan ka hmut bi sinaw ni, rmagun ka sseejiq do, kika pnyahan su tgmalu da!	你先讓大家喝很普通的酒，等到人們開始有點微醺的時候，你才把好（酒）端出來！	You served everyone quite ordinary wine and, when people began to get a little merry, that's when you brought out the good (wine)!	Tu as fait boire du vin tout ordinaire et, quand les gens commencèrent à être un peu gais, voilà que tu as apporté le bon (vin) !	LMAGUN
Saun mu rnbug qsiya ka lukus mu.	我要把我的衣服泡在水裡。	I'm going to soak my clothes in the water.	Je vais tremper mes habits dans l'eau.	LMBU (LMBUG?)
Rbngun mu qbulit ka yayu ni rbugun mu qsiya ka galiq.	我想把刀子埋進灰裡，把抹布泡在水裡。	I want to bury the knife in the ashes and soak the rag in the water.	Je veux enfouir le couteau dans la cendre et tremper le chiffon dans l'eau.	LMBU (LMBUG?)
Tayal ka rmun su.	你（真有）膽量啊！	What audacity (you have)!	Quelle audace !(tu as) !	LMUN (L'MUN)
Mrmun bi mnda pkrut hiyi na ka laqi su.	你的孩子勇敢地接受了手術（讓人開刀切開身體）。	Your kid courageously underwent the operation (had his body cut open).	Ton gosse a courageusement subi l'opération (s'est fait couper le corps).	LMUN (L'MUN)
Qtaun su knrmun lnglungan laqi mu.	你會看到我的孩子有多勇敢！	You'll see how brave my kid is!	Tu verras comme mon gosse est courageux !	LMUN (L'MUN)
Knrmun da!	要勇敢！	Be brave!	Sois courageux !	LMUN (L'MUN)
Uxay hmut ka knrmnan niya.	他的耐力不同尋常。	His endurance is not ordinary.	Son endurance n'est pas ordinaire.	LMUN (L'MUN)
Mnda knrmun paqan uray ni knskiyan uri.	他勇敢地去讓飢餓和寒冷折磨（＝他勇敢地忍受了飢餓和寒冷）。	He courageously went to be devoured by hunger and cold (= He courageously endured hunger and cold).	Il est allé courageusement se faire manger par la faim et par le froid (= Il a supporté courageusement la faim et le froid).	LMUN (L'MUN)
Qling bi ka rmuxan qumi (qhuni), ini mu dhqi prmux ka waray.	針的孔很細，我沒辦法把線穿進去（穿線）。	The eye of the needle is very fine; I can't manage to get the thread through (thread it).	Le trou de l'aiguille est très fin, je n'arrive pas à y faire entrer (enfiler) le fil.	L'MUX (L'MUç)
Hana nrmux sapah su sayang ka hiya.	他剛剛進到你家裡。	He has just entered your house.	Il vient tout juste de pénétrer dans ta maison.	L'MUX (L'MUç)
Ga ntaqi rmuxan bi lhngaw ka rklit.	豹就躺在洞穴的入口處。	The leopard is lying right at the entrance of the cave.	Le léopard est couché juste à l'entrée de la grotte.	L'MUX (L'MUç)
Rmuxan hidaw.	1）日落；2）西方（太陽落下的地方）。	1) Sunset; 2) The West (where the sun sets).	1) Le coucher du soleil ; 2) L'Ouest (où le soleil se couche).	L'MUX (L'MUç)
Prmuxun mu bling qowlit ka baga mu.	我要把手伸進老鼠洞裡。	I'll slip my hand into the mouse hole.	J'enfilerai ma main dans le trou de souris.	L'MUX (L'MUç)
Stuq ku niying prmuxan uusa mu pgrahul rahul dha ka laqi mu.	我絞盡腦汁，想找到辦法（門路）讓我的孩子進入他們的圈子。	I'm racking my brains to find the means (the way) to get my kid into their group.	Je me casse la tête pour trouver le moyen (le passage) pour faire pénétrer mon gosse dans leur assemblée.	L'MUX (L'MUç)
Ana mu si spngi o, suqi paru ka djima nii, ini tuku ka prmuxan.	我怎麼量，這根竹子都太粗了，孔（開口）不夠大。	No matter how I measure it, this bamboo is far too big; the hole (opening) isn't big enough.	J'ai beau mesurer, ce bambou est bien trop gros, le trou (l'ouverture) ne suffit pas.	L'MUX (L'MUç)
Uxay mu rnaw.	我不是在開玩笑（這不是我的戲弄、我的玩笑）。	I'm not joking (this isn't my teasing, my joke).	Je ne plaisante pas (ce n'est pas ma taquinerie, ma plaisanterie).	L'NAO
Mkla bi rrnaw ka Paras.	Paras很喜歡（很會）開玩笑。	Paras really likes (knows how) to joke.	Paras aime (sait) bien plaisanter.	L'NAO
Mrnaw kdjiyax ka Sibal.	Sibal總是在開玩笑（戲弄人）。	Sibal is always joking (teasing).	Sibal plaisante (taquine) toujours.	L'NAO
Ya teuqu! Srnaw mu nanak ka kiya.	別生氣！那只是開玩笑而已！	Don't take offense! That was just for a joke!	Ne te vexe pas ! Cela était pour plaisanter !	L'NAO
Ya squwaq, msa ku rmngaw do, asi bi rndah ka hiya da!	我只要（開口）對他說：閉嘴！他就更加變本加厲。	I only have to say to him (in speaking): Be quiet! For him to go at it all the more.	Il suffit que je lui dise (en parlant) : Tais toi ! Pour qu'il s'y mette de plus belle.	L'NDAX (LNDAX)
Ana ini su si rngaw.	即使你不說話。	Even if you don't speak.	Même si tu ne parles pas.	L'NGAO (LNGAO)
Ana ini su rngaw.	你不必說話（不必說出來）。	It's not necessary for you to speak (to say it).	Ce n'est pas nécessaire que tu parles (que tu le dises).	L'NGAO (LNGAO)
Rngaw nhari.	快說！	Speak quickly!	Parle vite !	L'NGAO (LNGAO)
Rmngaw su o, spat hiyi msa su; balay hu?	你說，四個人，你說；是真的嗎？（你真的說了：四個人嗎？）	You say, four people, you say; is it true? (Is it really true that you said: four people)?	Tu parles, quatre personnes, dis tu ; est ce vrai ? (Est ce bien vrai que tu as dit : quatre personnes) ?	L'NGAO (LNGAO)
Ini su rngaw ka isu; rngagi bi!	你都不說話；那就說啊！	You, you're not talking; So speak up!	Toi tu ne parles pas ; Parle donc !	L'NGAO (LNGAO)
Yaku nanak ka mrngaw, ya squwaq ka yamu!	只有我一個人說話，你們其他人安靜！	I'm the only one who speaks; the rest of you, be quiet.	C'est moi seul qui parle, vous autres taisez vous.	L'NGAO (LNGAO)
Kiya ka rngagan mu.	那就是我說的話。	That's what I say.	C'est ce que je dis.	L'NGAO (LNGAO)
Rnngagan ku na ka Pisaw.	是Pisaw告訴我的。	It was Pisaw who told me.	C'est Pissao qui me l'a dit.	L'NGAO (LNGAO)
Balay bi rngagay maku munan.	我非常誠懇地對你們說。	I say it to you very sincerely.	Je vous le dis très sincèrement.	L'NGAO (LNGAO)
Mnssli nami pprngaw saw ddaun ta saman.	我們（不包括你）聚在一起，討論我們（連你一起）明天要做的事。	We (without you) have gathered to discuss what we (with you) will do tomorrow.	Nous (sans toi) nous sommes réunis pour discuter ce que nous (avec toi) ferons demain.	L'NGAO (LNGAO)
Ya slhbun; niqan prngagan nami.	別擔心；我們已經討論過了。	Don't worry; we've already discussed it.	Sois sans souci ; nous en avons déjà discuté.	L'NGAO (LNGAO)
Empprngaw ka ddhiya nanak.	他們自己人（同一氏族的人）之間討論。	They discuss it among themselves (those of the same clan).	Il en discutent entre eux (ceux du même clan).	L'NGAO (LNGAO)
Niqan prngagan sayang o, asi rngaw kana da!	（既然）我們現在正在討論，那就每個人（大家）都要發表意見！	(Since) we are discussing it now, everyone (all) must express themselves.	(Puisque) nous en discutons maintenant, il faut que chacun (tous) s'exprime.	L'NGAO (LNGAO)
Manu bi ka srngaw na duri?	他還能有什麼好說的呢？	What else could he possibly have to say?	Qu'est ce qu'il a encore bien à dire ?	L'NGAO (LNGAO)
Ima ka rnngat! Ini ku rnngat ka yaku!	誰（跟你說）我在呻吟？我沒有呻吟啊！	Who (told you) that I was moaning? I didn't moan!	Qui (t'as dit) que je génissais ? Moi je n'ai pas gémi !	L'NGAT (LNGAT)
Paru bi mnarux na! Qnbahang bi birat mu o (qnbahang bi birat mu o), rmnngat kingal rabi skeeman ka hiya.	他病得很重！據我耳朵所聽到的，他昨晚整夜都在呻吟。	He is gravely ill! From what my ears have heard, he moaned all through last night.	Il est gravement malade ! D'après ce que mes oreilles ont entendu, il a gémi tout au long de la nuit passée.	L'NGAT (LNGAT)
Asi papak na ka srngat hyaan.	確實是他的腳讓他呻吟。	It's indeed his foot that makes him moan.	C'est bien son pied qui le fait gémir.	L'NGAT (LNGAT)
Sapah puyan ka lala bi (knriwa bi) rngji.	廚房裡有很多（非常多）蒼蠅。	It's in the kitchen that there are many (an enormous number of) flies.	C'est dans la cuisine qu'il y a beaucoup (énormément) de mouches.	LNGDI
Lnglung bi ka ndaan su brah sida.	好好想想你在那一刻之前所做的事（或：你曾經是什麼樣的人）。	Think carefully about what you have done (var. what you have been) before that moment.	Pense bien à ce que tu as fait (vl. à ce que tu as été) avant ce moment là.	L'NGLONG (LNGLONG)
Lmnglung ku o, uxay saman ka jiyax sngayan?	（不過）我想起來了：明天不就是星期日嗎？	(But) come to think of it: isn't tomorrow Sunday?	(Mais) j'y pense : Ce n'est pas demain, dimanche ?	L'NGLONG (LNGLONG)
Musa o, ini usa o, lnglungun mu hici.	去還是不去：我以後再看（我會考慮要不要去）。	To go or not to go: I'll see later (I'll think about whether I'm going or not).	Aller ne pas aller : je verrai plus tard (Je réfléchirai pour savoir si je vais ou ne vais pas).	L'NGLONG (LNGLONG)
Lnglung balay! Uxay yaku ka naqih.	好好想想，錯的不是我（壞的不是我）。	Think it over well; I'm not the one who is at fault (who is wicked).	Réfléchis bien, ce n'est pas moi qui ai tort (qui suis méchant).	L'NGLONG (LNGLONG)
Ini tuku jiyax mu llnglung ddaun.	我沒有足夠的時間思考未來。	I don't have enough time to think about the future.	Je n'ai pas assez de temps pour penser à l'avenir.	L'NGLONG (LNGLONG)
Malu lnglungan ka seejiq nii.	這個人是個好人。	This person is a good person.	Cette personne est une brave personne.	L'NGLONG (LNGLONG)
Naqih lnglungan.	壞心、居心不良。	Wicked, ill-intentioned.	Méchant, mal intentionné.	L'NGLONG (LNGLONG)
Mslagu lnglungan.	忠誠、忠實。	Loyal, faithful.	Loyal, fidèle.	L'NGLONG (LNGLONG)
Mkray lnglungan.	堅持不懈、堅定。	Persevering, steadfast.	Persévérant solide.	L'NGLONG (LNGLONG)
Msbalay lnglungan.	情緒平穩、平和。	Even-tempered, peaceable.	D'égale humeur, pacifique.	L'NGLONG (LNGLONG)
Meuwit lnglungan.	灰心、軟弱。	Discouraged, weak.	Découragé, faible.	L'NGLONG (LNGLONG)
Meydang lnglungan.	手足無措、不知所措。	Distraught, at a loss.	Désemparé.	L'NGLONG (LNGLONG)
Muutux lnglungan.	不講理。	Unreasonable.	Déraisonnable.	L'NGLONG (LNGLONG)
Dha lnglungan.	不忠、充滿欺詐。	Disloyal, full of duplicity.	Déloyal, plein de duplicité.	L'NGLONG (LNGLONG)
Ungat lnglungan.	冷漠、忘恩負義、優柔寡斷。	Unfeeling, ungrateful, indecisive.	Insensible, ingrat, indécis.	L'NGLONG (LNGLONG)
Ida na prgun nlnglungan na nanak.	反正他只會照自己決定的去做（他只會一意孤行）。	In any case he will only follow what he has decided (he'll do just as he pleases).	De toute façon il ne suivra que ce qu'il a décidé (il n'en fera qu'a sa tête).	L'NGLONG (LNGLONG)
Ya keisug! Plnglungun misu ka kiya.	別擔心，那件事我會提醒你的。	Have no fear, I'll remind you of that.	Sais sans crainte, celà je te le rappellerai.	L'NGLONG (LNGLONG)
Ima ka pnlnglung sunan da.	是誰提醒你的？	Who reminded you of it?	Qui est ce qui te l'a rappelé ?	L'NGLONG (LNGLONG)
Mlngu bi sapah mu ka sapah spuhan.	醫務室就在我家正對面。	The infirmary is right opposite my house.	L'infirmerie est juste vis à vis de ma maison.	L'NGO
Aji mu buun ka pada; ga ku nglngu rqnux da.	我不想射那隻羚羊；我正在瞄準那隻鹿。	I don't want to shoot the chamois; I'm in the middle of aiming at the deer.	Je ne veux pas tirer le chamois ; je suis en train de viser le cerf.	L'NGO
Miyah ka rngsux paru ni snbu sapah ka yayung do, ini na llgani ka sapah, ya sa mgdhug ka smnlaan na.	洪水來襲，急流衝向房屋，但房屋紋絲不動，因為它建得很牢固。	A flood comes and the torrent hurls itself against the house, but the house does not budge because it is solidly built.	Une crue survient et le torrent vient se jeter contre la maison, mais la maison ne bouge pas car elle est solidement bâtie.	LNGSUX
Ruwan ka mnarux bi.	真正痛的是在裡面。	It is inside that it really hurts.	C'est à l'intérieur que cela fait vraiment mal.	LOAN (LOWAN?)
Nta da tsasaw ruwan da! Knuyuh bi ka ngangut nii.	我們進（屋）裡躲一躲吧！外面在下雨。	Let's take shelter inside (the house)! It's raining out here.	Allons à l'abri à l'intérieur (de la maison) ! Il pleut ici dehors.	LOAN (LOWAN?)
Kingal ruwan sapah.	一個家庭（一戶人家）。	A family (a household).	Une famille (une maisonnée).	LOAN (LOWAN?)
Rubang mu musa maduk	其實我打算去打獵。	In fact I intend to go hunting.	En fait je compte aller à la chasse.	LOBANG
Hyaun su ka qabang? Rbngun su manu? … Rubang mu rmbung trabus, ungat ka rbngan mu.	這塊蓋布做什麼用？你要拿它做什麼？……我本想用它蓋我的花生；我沒有東西可以蓋它們！	Why this cover? What will you do with it? … I was thinking of covering my peanuts with it; I have nothing to cover them with!	Pourquoi cette couverture ? Que vas tu en faire ? … Je pensais en recouvrir mes arachides ; je n'ai rien pour les couvrir !	LOBONG
Wada mu rbngan shiga ka bunga.	我昨天把地瓜蓋好了。	I covered them yesterday, the sweet potatoes.	Je les ai recouvertes hier, les patates douces.	LOBONG
Wada mu rbngan shiga ka bunga.	我昨天把地瓜埋起來了。	I buried them yesterday, the sweet potatoes.	Je les ai enterrées hier, les patates douces.	LOBONG
Ini ku kla snbu puniq ka yaku, hmut ku musa mkrbung dgiyaq.	我不會用槍，我就乾脆去山上設陷阱。	I don't know how to use a gun; I'll just go and set traps in the mountains.	Je ne sais pas me servir de fusil, moi, je vais tout simplement poser des pièges en montagne.	LOBONG
Rudu rudux.	雞窩。	Hens' nest.	Nid des poules.	LODO
Rudu pucing.	山刀的刀鞘。	Sheath of the machete.	Fourreau du coutelas.	LODO
Rudu esig	癤子的膿栓。	Core (pus-plug) of the boil.	Germe (bourbillon) du furoncle.	LODO
Rudu hiraw.	痰（咳嗽之窩）。	Sputum (nest of the cough).	Crachat (nid de la toux).	LODO
Rudu duhi.	盜匪的巢穴（窩）。	Lair (nest) of brigands.	Repère (nid) de brigands.	LODO
Pusu kliyut bukuy sapah mu, kika yahan bi rmudu kana ka qbhni.	鳥兒最喜歡到我家後面的桑樹上築巢。	It is on the mulberry tree behind my house that the birds love to come and build their nests.	C'est sur le mûrier qui est derrière chez moi que les oiseaux aiment bien venir faire leur nid.	LODO
Ida mrudu kdjiyax ka tqian mu.	我的床每天都亂七八糟！	My bed is in a mess every single day!	C'est tous les jours que mon lit est en désordre !	LODO
Naqih bi tbgan rudux ka sayang! Muda ka empunu do, asi bi qhdu musa kana da.	如今養雞不容易（不划算）！一旦來了瘟疫，牠們就一隻接一隻全死光。	It is not easy (profitable) to raise chickens these days! Let a cholera epidemic come and they all die off one after another.	Ce n'est pas facile (avantageux) d'élever des poules aujourd'hui ! Que vienne une épidémie de choléra et elles y passent toutes les unes après les autres.	LODOç
Ruru paru.	鵝（大鴨）。	Goose (big duck).	Oie (grand canard).	LOLO
Malu bi tbgan ka druru.	鴨子很好養。	Ducks are very easy to raise.	Les canards sont très faciles à élever.	LOLO
Ka smriyu paru bi lulung mqalux paah hraan hidaw.	一大片烏雲從東方冒出（升起）。	A big black cloud is emerging (rising) from the East.	Un gros nuage noir dépasse (sort) de l'Est.	LOLONG
Mrulung kana ka karat da.	天空佈滿了雲。	Now the sky is clouding over.	Voilà que le ciel se couvre (de nuages).	LOLONG
Ya aji nhuqil hu? … Aji! Ga mrungay nanak!	他死了嗎？……沒有，只是昏過去了！	Could he be dead? … No, only fainted!	Serait il mort ? … Non, seulement évanoui !	LONGAI
Ungat sinaw sapah mu; ana kingal bi lungaw o, ungat.	我家沒有酒，連一瓶也沒有。	There is no alcohol at my place, not even a single bottle.	Il n'y a pas d'alcool chez moi, même pas une seule bouteille.	LONGAO
Tnlungaw balay ka Liwis ni Ibuq.	Liwis 和 Ibuq 是酒鬼。	Liwis and Ibuq are drunkards.	Liwis et Iboqh sont des ivrognes.	LONGAO
Mhdu mruq kana maxal dha balung rudux.	母雞的十二顆蛋全都孵化了。	All twelve of the hen's eggs have hatched.	Les douze oeufs de la poule sont tous éclos.	LOQ
Ga mruq muhing ka kacing mu.	我的水牛鼻子穿了孔（口鼻上有個洞，要穿過一個環，用來拴住並牽引水牛）。	My buffalo has its nose pierced (a hole in the muzzle through which a ring must pass, by which the buffalo is tethered and led).	Mon buffle a le nez percé (trou dans le museau dans lequel doit passer un anneau par lequel le buffle est attaché, conduit)	LOQ
Ya bi prqi ka shnuan babuy su; djiyun mu.	別刺破這個豬膀胱；我還要用它。	Don't pierce this pig's bladder; I'll make use of it.	Ne perce pas cette vessie de cochon ; j'en ferai usage.	LOQ
Ya kshaya! Prqun su kiya ka lubuy.	別這樣做！你會把那個袋子弄破的。	Don't do that! You'll end up piercing it, that sack.	Ne fais pas ainsi ! Tu vas finir par le percer, ce sac.	LOQ
Ida bi empruq ka lubuy su, na hmbuy!	你的袋子一定破了，正在漏（穀粒）！	Your sack must be holed, it's leaking (grain)!	Ton sac est sans doute percé, il perd (de la graine) !	LOQ
Ga empruq kingal buwax dowriq na ka Pidu.	Pido 有一隻眼球破了。	Pido has one eyeball burst.	Pido a le globe d'un oeil crevé.	LOQ
Nasi mspruq ka puniq su do, nphuqil su ka isu da.	如果你的槍膛炸了，你就會被炸死（你自己會死）。	If your gun bursts you will be killed (you yourself will die).	Si ton fusil éclate tu seras tué (toi tu mourras).	LOQ
Muutux ka laqi! Mhrapas pspruq bali da.	這孩子瘋了！他拿（槍的）子彈來玩爆破取樂。	That kid is crazy! He amuses himself setting off (gun) cartridges.	Il est fou ce gosse ! Il s'amuse à faire sauter des balles (de fusil).	LOQ
Asi tpruq msaang ka tama.	爸爸突然發火吵了起來。	And suddenly papa bursts out, quarrelling.	Et soudain papa éclate en disputant.	LOQ
Luqi tunux.	腦。	Brain.	Cerveau.	LOQE
Uqun rudan nanak ka luqi.	腦髓是專門留給長者的一道菜。	Brains are a dish reserved for the elders.	La cervelle est un plat réservé aux anciens.	LOQE
Ngalun dha sapuh ka luqi tunux pais.	他們把敵人的腦髓視為一種藥。	They regarded the brains of enemies as a remedy.	Ils considéraient la cervelle des ennemis comme un remède.	LOQE
Empanalu hici ka luqi papak su.	你腳上的傷以後會好。	The wound on your foot will heal later.	La blessure de ton pied guerira plus tard.	LOQEX
Mangal luqih.	使自己受傷。	To injure oneself.	Se blesser.	LOQEX
Ana mqraq o, ya bi kgusi! Mha mluqih kana hiyi su.	就算癢，也千萬別抓；否則你全身都會潰爛成傷！	Even if it itches, don't scratch, above all; your whole body would become one sore!	Même si cela démange, ne gratte pas, sutout ; tout ton corps deviendrait une plaie !	LOQEX
Kumay hu? Dowras hu? Paqaw hu? Ya bi manu ka pnluqih tudu su saw nii?	是熊、岩石，還是荊棘把你的背弄成這樣的傷？	Is it the bear, the rocks, the thorns that wounded your back like this?	Est ce l'ours, les rochers, les épines qui t'ont blessé le dos de la sorte ?	LOQEX
Kari na nii o, ini pnsbut pkluqih tmaan.	他剛才說的話是對他父親的褻瀆（＝他毫不顧忌地傷人（？））。	The words he has just spoken are blasphemies against his father (= He does not hold back from wounding (?)).	Les paroles qu'il vient de dire, ce sont des blasphèmes contre son père (= Il ne se gêne pas pour blesser (?).	LOQEX
Rqni nhari ka sapuh nii, balay bi sapuh rqnun.	快把這藥吞下去；這確實是要吞服的藥。	Swallow this medicine quickly; it is indeed a medicine to be swallowed.	Avale vite ce médicament ; c'est bien un médicament à avaler.	LOQON
Sapuh mmulun ka bhgay, sapuh rqnun ka embanah.	白色的藥是含服的，紅色的是吞服的。	The white one is a medicine to suck, the red one is to be swallowed.	Le blanc est un médicament à sucer, le rouge est à avaler.	LOQON
Rusuq dowriq.	（眼）淚。	Tears (of the eyes).	Larmes (des yeux).	LOSO
Mntucing kana rusuq dowriq na.	他眼中的淚水都流盡（落下）了。	All the tears of his eyes have fallen.	Toutes les larmes de ses yeux sont tombées.	LOSO
Asi bi srusuq kana dowriq mu.	以致於我雙眼滿是淚水。	To such a point that my eyes are full of tears.	A tel point que mes yeux sont pleins de larmes.	LOSO
Manu bi ka yahan su psrusuq kana dowriq lqlaqi?	你是怎麼了，跑來把所有孩子（的眼睛）都弄哭？	What has got into you, coming to make all the children ('s eyes) cry?	Qu'est ce qui te prend de venir faire pleurer tous les (yeux des) enfants ?	LOSO
Manu bi ka pusu spsrusuq dowriq namu.	究竟是什麼讓你們流淚？	What on earth is it that makes you (all) cry?	Qu'est ce donc bien qui vous fait pleurer ?	LOSO
Ga lpan (dpan) ka enduk (N + EDUK)	門關著。	The door is closed.	La porte est fermée.	L'PAN
Saun nisu lnpax ka pucing.	我會去磨你的山刀。	I will go sharpen your machete.	J'irai affûter ton coutelas.	L'PAX
Miing ku lpaxan llpax mu yayu su.	我在找一塊可以磨你刀子的石頭。	I am looking for a stone on which to sharpen your knife.	Je cherche une pierre sur laquelle aiguiser ton couteau.	L'PAX
Ini su usa do, lpi balay ka sapah su.	你出門前，把家關好！	Before you leave, close your house properly!	Avant de partir ferme ta maison comme il faut !	L'PI
Ga slpian kana muhing mu da.	我的鼻子完全堵住了。	My nose is completely blocked.	Mon nez est complètement bouché.	L'PI
Ungat bi ka payay ta sayang! Lpi nanak.	我們今年的稻子真的不好！只有穀糠（盡是空穗……）	Our rice really isn't good this year! It's nothing but chaff (only empty ears …)	Il n'est vraiment pas beau notre riz cette année ! Ce n'est que balle (qu'épis vides …)	L'PI
Hbaraw lupung mu ka yaku.	我有很多朋友。	I have many friends.	Moi j'ai beaucoup d'amis.	L'PONG
Aji niqan lupung na ka Mikat hu?	難道Mikat沒有未婚夫嗎？	Wouldn't Mikat have a fiancé?	Est-ce que Micatz n'aurait pas un fiancé ?	L'PONG
Piya namu hiyi ka daya.	你們在上面那裡有幾個人？	How many of you are there up there?	Combien de personnes êtes-vous là-haut ?	L'PONG
Spat nami lupung.	我們是四戶人家。	We are four families.	Nous sommes quatre familles.	L'PONG
Ga nslupung alang sipaw ka anay mu.	我的姊夫（妹夫）在Sipaw那邊（＝對面）交往。	My brother-in-law is courting on the Sipaw side (= across the way).	Mon beau frère fréquente du côté de Sipaw (= en face).	L'PONG
Ga nsslupung ka Nati ni Sibal.	Nati和Sibal目前正在訂婚。	Natchi and Sibal are getting engaged right now.	Natchi et Sibal se fiancent en ce moment.	L'PONG
Bsiyaq bi ka slpungan dha.	他們交往已經很久了。	They have been courting for a very long time.	Il y a bien longtemps qu'ils se fréquentent.	L'PONG
Mhdu ka slpungan laqi do, kika yahan mu.	等我兒子訂婚之後，我才會來。	After my son's engagement, that is when I will come.	Après les fiançailles de mon fils, c'est alors que je viendrai.	L'PONG
Ga Thngay bi bitaq quwaq ka rpun niya.	他的穀倉裝得滿到邊緣。	His granary is full to the brim.	Son grenier est plein jusqu'au bord.	L'PUN
Pusu rmqdug ka naqih nii.	這個無賴是個十足的騙子。	This good-for-nothing is an out-and-out liar.	Ce vaurien est un fieffé menteur.	LQDO
Ya bi rqdug, hu!	還有，千萬別騙人，喂！	And above all, don't deceive, hey!	Et surtout ne trompe pas, hein !	LQDO
Musa ta maduk o, asi ka mkla rnqdug dupun! Ini biyaw mtjiyal rqdgan ka samat.	打獵時，我們必須懂得對想獵捕的動物使詐（用計）；獵物很容易中計被捕。	To go hunting, we must know how to feign (to use cunning) with the animals we want to hunt; game is easily caught by trickery.	Pour aller à la chasse, il nous faut savoir feindre (ruser) avec les animaux qu'on veut chasser ; le gibier se laisse facilement prendre aux ruses.	LQDO
Aji manu, rklit ka ksugun mu balay.	沒有別的（沒有其他原因），我極其害怕的正是豹。	It's nothing else (there is no other reason), it's the leopard that I am terribly afraid of.	Ce n'est rien d'autre (il n'y a aucune autre raison), c'est du léopard dont j'ai une peur bleue.	LQLIT
Rqnux ka pusu bi dupun truku.	鹿正是太魯閣人首選的獵物。	It is the deer that is the game of choice of the Taroko.	C'est le cerf qui est le gibier de choix des taroko.	L'QNUX
Spngun dha rqci (vl. utux) ima ka maangal.	他們想抽籤來決定誰會得到（它）。	They want to draw lots to find out who will get it.	Ils veulent tirer au sort pour savoir qui (l') obtiendra.	L'QTI
Naqih bi rktu na.	他的胃不好。	He has a bad stomach.	Il a mauvais estomac.	LQTO
Miyah su rmsung kana djyami ni kana ka spsapah nami hu?	你是來把我們全部消滅、把我們所有的房子都毀掉嗎？	Have you come to destroy us all and to destroy all our houses?	Viens-tu nous détruire tous et détruire toutes nos maisons ?	L'SONG
Lubuy puti.	麻布袋。	Jute bag.	Sac en jute.	LUBWI
Kacing lubuy.	乳牛（帶著袋子的牛(?)）。	Dairy cow (buffalo that carries a bag (?)).	Vache laitière (buffle qui porte un sac (?)).	LUBWI
Paah snii nanak ka niqan kacing lubuy alang ta Taywan.	直到最近，我們台灣才有乳牛。	It is only very recently that there have been dairy cows in our country of Taiwan.	Ce n'est que depuis tout dernièrement qu'il y a des vaches laitières dans notre pays de Taiwan.	LUBWI
Mslubuy ka qndrxan su.	你砌的牆鼓出來了（有倒塌之虞）。	The wall you built is bulging (threatening to collapse).	Le mur que tu as construit prend du ventre (menace de s'écrouler).	LUBWI
Ga prajing mslubuy ka dqras payi mu.	祖母的臉開始變得鬆垮了。	Grandmother's face is beginning to become flabby.	Le visage de grand mère commence à devenir flasque.	LUBWI
Balay bi rudan ka djima mu.	我的竹子真的成熟了。	My bamboos are really mature.	Mes bambous sont vraiment mûrs.	LUDAN
Rudan bi (vl.: Rudan bi)	很老。	Very old.	Très vieux.	LUDAN
Rudan sbiyaw.	先人－祖先。	The forebears - the ancestors.	Les aïeux - les ancêtres.	LUDAN
Rudan seuxal.	昔日的長者。	The elders of former times.	Les anciens d'autrefois.	LUDAN
Rudan knxalan.	智者、可敬的長者（同齡的老人(?)）。	The wise ones, the venerable elders (the old people of the same age (?)).	Les sages, les vénérables anciens (Les vieux du même âge (?)).	LUDAN
Mssli kana rdrudan knxalan npprngaw pphuqil dha Banan.	所有可敬的長者聚集起來商議處死Iban內之事。	All the respectable elders gather to discuss the putting to death of Iban.	Tous les respectables anciens se réunissent pour discuter de la mise à mort de Ibanne.	LUDAN
Ungat paah seuxal ka rudan mu.	爸爸和媽媽已經過世很久了！	Papa and Mama have been gone for a long time!	Papa et maman ne sont plus depuis longtemps !	LUDAN
Drudan.	長者們（泛指）。	The elders (in general).	Les anciens (en général).	LUDAN
Ma quji kana ka tunux su! … Aji! Knrudan nanak.	哎呀！你的頭髮都花白了！……（難怪！），是年紀啦！（不過是上了年紀罷了！）	Say now! Why, your hair is all salt-and-pepper! … (no wonder!), it's old age! (It's nothing but age!).	Dis donc ! Mais, ta tête est tout poivre et sel ! … (pas étonnant !), c'est l'âge ! (Ce n'est que l'âge !).	LUDAN
Bbaraw bi knrdanan na ka tama mu.	我父親的晚年很長。	My father has a very long old age.	Mon père a une bien longue vieillesse.	LUDAN
Ungat bi ka isu! Hmut mrudaw kdjiyax ka sapah su!	你真是個怪人！（你這人真沒法說！）；你的家總是亂糟糟的（一片凌亂！）。	You are something special! (you're impossible, you!); your house is always all over the place (all in disorder!).	Tu es pécial, toi ! (tu n'existes pas, toi !) ; ta maison est toujours tout en l'air (tout en désordre !).	LUDAO
Mhuriq kana ka lukus mu da.	我所有的衣服都濕了。	All my clothes are wet.	Tous mes habits sont mouillés.	LUKUS
Lukus bi manu ka nii?	這是哪種（哪類）衣服？	What kind (sort) of garment is this?	Quelle sorte (espèce) d'habit est-ce là ?	LUKUS
Lukus qnpahan.	工作服。	Work clothes.	Habits de travail.	LUKUS
Ya han! Ga ku mlukus.	等一下；我在穿衣服（我正在著裝）。	Wait a moment; I'm getting dressed (I'm in the middle of dressing).	Attends un peu ; je m'habille (je suis en train de m'habiller).	LUKUS
Mlukus nxal kana ka tnunan su sduray.	你最近織的一切日後都會做成衣服。	Everything you have woven lately will become clothes later on.	Tout ce que tu as tissé dernièrement deviendra habits plus tard.	LUKUS
Plkusi meuxul hari ka laqi su; ga mshiraw bi.	給你的孩子穿暖和一點吧；他咳得很厲害。	Do dress your kid a bit more warmly; he coughs a lot.	Habille donc un peu plus chaudement ton gosse ; il tousse beaucoup.	LUKUS
Plkusun mu manu uusa mu alang?	我該穿哪件衣服去村子？	Which garment must I put on to go to the village?	Quel habit dois-je mettre pour aller au village ?	LUKUS
Tai ka rmurul lukus o, sgani saw ini duuy.	有多件衣服的人，應與沒有衣服的人分享（用來分享）。	Let the one who has several garments share (use them to share) with the one who has none.	Que celui qui a plusieurs habits, partage (s'en serve pour partager) avec celui qui n'en a pas.	LULUL
Kmkan ku bi rumul babuy ka yaku.	我很想吃豬肝。	I would really like to eat pork liver.	J'aimerais bien manger du foie de cochon.	LUMUL
Taw ta aji niqan rumul na hu.	我們看看（等著瞧）他是否勇敢。	Let us see (let us wait and see) whether he is courageous.	Voyons (attendons pour voir) s'il est courageux.	LUMUL
Asi mrut hyaan ka Awi aji na bi squwaqi.	必須由 Awi 出面（對他施壓），他才不會說話。參見 P'LUT。	Awi had to intervene (by putting pressure on him) so that he would not speak. See P'LUT.	Il a fallu qu'intervienne Awi (en faisant pression sur lui) pour qu'il ne parle pas. VR. P'LUT.	LUT
Hbaraw bi ka ltlutut mu.	我的（直系）親屬非常多。	My (direct) relatives are very numerous.	Mes parents (directs) sont très nombreux.	LUTUT
Hbaraw bi lutut mu ka ini usa.	我有不少親屬沒有去（不去）。	A good number of my relatives did not go (are not going).	Bon nombre de mes parents ne sont pas allés (ne vont pas).	LUTUT
Ida ta mlutut ka ita.	我們當然是有親戚關係的。	Of course we, we are related.	Bien entendu nous, nous sommes apparentés.	LUTUT
Mha mlutut hici ka spsapah dha.	他們所有的房子總有一天會彼此相連（彷彿它們是親戚一般！）。	All their houses will one day touch one another (as if they were related!).	Toutes leurs maisons vont un jour se toucher les unes les autres (comme si elles étaient parentes !).	LUTUT
Mhdu ka kari na do, asi lmutut rmngaw ka Teykung.	他一說完，Taikong 便接著（承接）發言（接過話頭）。	Scarcely had he finished speaking when Taikong takes over (continues), speaking up (taking the floor).	A peine a-t-il fini de parler, c'est Taikong qui prend la suite (enchaîne) en disant (en prenant la parole).	LUTUT
Kiya bi ka rnngagan mu ltudan skeeman.	那正是我昨晚對親屬們說的話。	That is exactly what I said to the relatives last night.	C'est bien celà que j'ai dit aux parents hier soir.	LUTUT
Ungat ssaun su o, usa ltudan da.	如果你不知道要去哪裡，就去投靠親屬吧。	If you don't know where to go, go to relatives.	Si tu ne sais pas où aller, va chez des parents.	LUTUT
Plutut binaw ka dha qnawal su, kika mha tuku knbragan da.	把你的兩條鐵絲首尾接起來，這樣長度就夠了。	Fasten your two iron wires end to end, that way their length will be enough.	Attache bout à bout tes deux fils de fer, ainsi leur longueur suffira.	LUTUT
Aji su pltudun ka gasil su hu?	你不想把你的繩子接長嗎？	Don't you want to lengthen your string?	Ne veux tu pas rallonger ta ficelle ?	LUTUT
Emplutut ku kiya ka gasil su.	我等一下會把你的繩頭接起來。	I will fasten your pieces of string shortly.	J'attacherai tout à l'heure tes bouts de ficelle.	LUTUT
Ima ka emplutut?	1）誰在繫？2）誰將要繫？	1) Who is the one fastening? 2) Who is the one who will fasten?	1) Qui est celui qui attache ? 2) Qui est ce qui attachera ?	LUTUT
Pnlutut ku shiga.	我昨天把它接長了。	I lengthened it yesterday.	Je (l') ai rallongé hier.	LUTUT
Ini hari tai ka pnltudan su.	幾乎看不出你接合的地方。	One can barely see the place where you made the joint.	On voit à peine l'endroit où tu as fait la jointure.	LUTUT
Hiya bi nanak ka qnawal nii, ungat bi btudan.	這條鐵絲是一整條的（就只是它本身），確實沒有接頭。	It is all one piece (it is just itself), this iron wire, truly without joints.	Il est d'une seule pièce (il est uniquement lui) ce fil de fer, vraiment sans jointures.	LUTUT
Mnarux kana btudan papak mu.	我腿上所有的關節都在痛。	All the joints of my legs hurt.	Toutes les jointures de mes jambes me font mal.	LUTUT
Pnlutut su sknuwan ka negul mu?	你什麼時候把你的細繩接長的？	When did you lengthen your cord?	Quand as tu rallongé na cordelette ?	LUTUT
Paah sbiyaw ka pnlutut nami da.	我們很久以來就把彼此當作（表現得像）親屬。	It has been for a very long time that we consider ourselves (behave as) relatives.	C'est depuis très longtemps que nous nous considérons (nous nous comportons comme des) parents.	LUTUT
Asi ka pklutut su (pnklutut su (?)) pusu denki mha emprdax ka tama denki su.	只有讓你的燈與發電機（與電源）接觸，它才能發光。	Your lamp will only be able to shine if you make it be in contact with the dynamo (with the source of electricity).	Ta lampe ne pourra éclairer que si tu fais qu'elle soit en contact avec la dynamo (avec la source de l'électicité).	LUTUT
Ini bi slutut paah seuxal ka dhiya; mslutut nami ka yami.	他們很久以來就不把彼此當親屬了；而我們則保持著親戚關係。	For a long time they, they do not consider themselves relatives; we, we keep up the kinship ties.	Depuis longtemps ils ne se considèrent pas parents, eux ; nous, nous conservons les relations de parentée.	LUTUT
Mslutut nami balay ka yami Iban.	Iban 和我確實是親屬。	Iban and I are truly relatives.	Ibanne et moi sommes vraiment parents.	LUTUT
Sibal ka pusu ta rudan sbiyaw; hiya bi ka pnslutut tnan da!	Sibal 是我們的本源（我們的祖先），我們是透過他才成為親屬的（是他使我們成為親屬）。	It is Sibal who is our stock (our ancestor), and it is through him that we are relatives (who made us relatives).	C'est Sibal qui est notre souche (notre ancêtre), et c'est par lui que nous sommes parents (qui nous a fait parents).	LUTUT
Isu nanak ka napa ruciq.	承擔過錯的只有你一個人。	It is you alone who bears the fault.	C'est toi seul qui portes la faute.	LUTYAQ
Ruciq kana lukus su da.	你的衣服都髒了（滿是污垢）。	There are your clothes all dirty (full of dirt).	Voilà tes habits tout sales (pleins de saleté).	LUTYAQ
Mruciq kana baga su da, sai trima!	你的手都髒了，去洗一洗！	Your hands are all dirty, go wash yourself!	Tes mains sont toutes sales, va te laver !	LUTYAQ
Qsiya mahun ka nii! Raraw bi hmut pruciq!	這水是飲用水，別隨便把它弄髒。	This water is drinking water, avoid dirtying it carelessly.	Cette eau est de l'eau pour boire, évite de la salir inconsidérément.	LUTYAQ
Ya hmut pruciq tleengan dha.	別去弄髒他們要坐的地方（他們的座位）。	Don't go dirtying the places where they will sit (their seats).	Ne t'amuse pas à salir les places où ils vont s'asseoir (leurs chaises).	LUTYAQ
Ma slaq bi ka ddaun su sruciq su kana lukus da.	你為什麼偏偏要走過稻田，把衣服都弄髒了？	Why do you go right through the paddy field, dirtying your clothes?	Pourquoi passes tu justement par la rizière pour salir tes habits ?	LUTYAQ
Ini dha srwaani pstnai sapah aji dha sruciqun.	他們不被允許進屋，以免被玷污（成為不潔）。	They were not permitted to enter the house so as not to be soiled (impure).	Il ne leur était pas permis d'entrer dans la maison pour ne pas être souillés (impurs).	LUTYAQ
Ga nluul paah skeeman ka huling Wilang.	Wilang 的狗從昨晚就一直在吠。	Wilang's dog has been barking since last night.	Le chien de Wilan aboie depuis hier soir.	LUUL
Wada preura bi rnngaw duri.	他又清楚地說了一遍。	He again spoke clearly.	Il a de nouveau dit clairement.	LUULA
Ungat bi ka ini na ptllayun.	沒有什麼是他不決心公開顯明（使人知曉）的。	There is nothing he is not determined to manifest (to make known) publicly.	Il n'y a rien qu'il ne soit décidé à manifester (à faire connaître) publiquement.	LUULA
Ya ku bi ptreurani seejiq.	別讓大家知道這件事。	Do not make it known to people.	Ne le faites pas connaître aux gens.	LUULA
Luus su bi kdjiyax ka isu o, uxay su embasi bi hu?	你總是獨自一人（單身），你不會覺得無聊（不會難過）嗎？	You who are always alone (unmarried), don't you get bored (aren't you sad)?	Toi qui es toujours seul (célibataire), est ce que tu ne t'ennuies pas (n'es pas triste) ?	LUUS
Luhay na nanak ka kiya.	那確實是他的習慣（他的癖好）。	That is indeed his habit (his quirk).	Celà c'est bien son habitude (sa manie).	LUXAI
Naqih bi lhayan sayang laqi ka nkan lumak .	抽菸是當今孩子們的壞習慣（惡習）。	It is a bad habit (vice) of children nowadays to smoke.	C'est une mauvaise habitude (vice) des enfants aujourd'hui de fumer.	LUXAI
Ana ndrudan ka ga prajing smluhay matas.	甚至有些老人也在學寫字。	There are even some among the old people who are learning to write.	Il y en a même parmi les vieux qui apprennent à écrire.	LUXAI
Ya bi sluhay mimah sinaw.	別養成喝酒的習慣！	Don't get into the habit of drinking wine!	Ne t'habitue pas à boire du vin !	LUXAI
Naqih bi slhayan ka kari truku.	太魯閣語是很難學的語言。	Taroko is a difficult language to learn.	Le taroko est une langue difficile à apprendre.	LUXAI
Pslhayun nisu matas hu? … Ana ini! … Ana niya!	我來教你寫字，好嗎？……不必了！……隨你的便！	I'll teach you to write, all right? … It's not necessary! … As you wish!	Je vais t'apprendre à écrire, veux tu ? … Ce n'est pas nécessaire ! … Comme tu voudras !	LUXAI
Saun mu marig ka patas ssluhay mu kari egu.	我想去買學英語的書。	I want to go buy the books for learning English.	Je veux aller acheter les livres pour apprendre l'anglais.	LUXAI
Lxan bi kari ka nii.	這很容易說。	This is easy to say.	Ceci est facile à dire.	L'XAN (L'çAN)
Lxan bi ka kari nii.	這句話（這種說法、這種語言）很容易，（好懂）。	This speech, (this way of speaking, this language) is easy, (understandable).	Cette parole, (ce parler, ce langage) est facile, (compréhensible).	L'XAN (L'çAN)
Mlxan balay ka nkari su truku.	你的太魯閣語說得很清楚（你太魯閣語說得好）。	Your Taroko speech is very clear (you speak Taroko well).	Ton parler taroko est très clair (tu parles bien le taroko).	L'XAN (L'çAN)
Lhang hidaw ni lhang idas o, paru ka ini pndka.	太陽的光和月亮的光之間有很大的差別。	There is a great difference between the light of the sun and.	Il y a une grande différence entre la lumière du soleil et.	L'XANG
Pasi bi lmhang dhyaan ka rdax pnaah ska sapah.	於是從屋內射出的光（光線）便照亮了他們。	And at once the light (the ray) coming from inside the house illuminates them, lights them up.	Et du coup la lumière (le rayon) venue de l'intérieur de la maison les illumine, les éclaire.	L'XANG
Paru bi lhangan na ka harung su nii.	你這盞燈很亮（照得很亮）。	Your lantern gives a great deal of light (lights up a lot).	Ton falot donne une grande lumière (éclaire beaucoup).	L'XANG
Emplhang tnan paah baraw ka hidaw pprdax na tntana mnkuung.	太陽從上方照耀我們，照亮那些身處陰影中的人。	The sun lights us from above to illuminate those who are in the shadow.	Le soleil nous éclaire d'en haut pour illuminer ceux qui se trouvent dans l'ombre.	L'XANG
Mnarux lhbun.	噁心－胃痛。	To feel nauseous - to have a stomach ache.	Avoir des nausées - avoir mal à l'estomac.	L'XBUN
Nasi su kmblbil radax nii o, blbili paah lhbun niya.	如果你要拖動這根原木，就從它的腹部（中段）拖。	If you want to drag (haul) this log, pull it by its belly (its middle).	Si tu veux tirer (traîner) cette grume, tire-la par son ventre (son milieu).	L'XBUN
Lhbun baga.	手心。	Hollow of the hand.	Creux de la main.	L'XBUN
Mangal lhbun.	使人喘不過氣。	To take one's breath away.	Couper le souffle.	L'XBUN
Bilaq bi lhbun.	易怒－神經質－情緒化。	Irascible - nervous - emotional.	Irascible - nerveux - émotif.	L'XBUN
Ya slhbun, gisu ka msapuh da!	別擔心（放寬心），醫生來了！	Calm down (don't worry), here comes the doctor!	Calme-toi (sois sans souci), voici le médecin qui arrive !	L'XBUN
Mslhbun ku balay! Wada sapah spuhan ka snaw mu.	我很擔心，我丈夫住院了。	I am very worried, my husband has been admitted to the hospital.	Je me fais bien du souci, mon mari est entré à l'hôpital.	L'XBUN
Ma naku kana ka slhbnan.	好像所有的煩惱都落在我身上！	It's as if all the worries are for me!	On dirait que tous les soucis sont pour moi !	L'XBUN
Ana ququ su empslhbun bi rdanan su hu?	讓父母如此擔憂，你都不在乎嗎？	Doesn't it matter to you to cause your parents so much worry?	Est-ce que celà t'est égal de donner tant de soucis à tes parents ?	L'XBUN
Ana ini huya o, ida empslhbun ka dbubu.	即使沒有什麼事（沒有理由），母親自然也會擔憂！	Even when there is nothing (no reason), a mother naturally worries!	Même s'il n'y a rien (s'il n'y a pas lieu), une maman se fait naturellement du souci !	L'XBUN
Rhiq qhuni.	樹皮（尤指肉桂）。	Tree bark (more specifically, denotes cinnamon).	Écorce d'arbre (plus spécialement, désigne la cannelle).	L'XEQ
Rhiq blbul.	香蕉皮。	Banana peel.	Peau de banane.	L'XEQ
Ya uda dowras, qrhiqun su kana ka papak su.	別走進岩石裡（別經過岩石），你會把整雙腳都磨破。	Don't go into the rocks (don't pass through the rocks), you'll scrape all your feet.	Ne va pas dans les rochers (ne passe pas par les rochers), tu vas écorcher tous tes pieds.	L'XEQ
Paah ka ndaan mu mnarux o, nqrhiq kana baga mu da.	自從我生病以來，我整隻手都在脫皮。	Since my illness, all my hand is peeling.	Depuis ma maladie, toute ma main s'écaille.	L'XEQ
Mha ta qrhqan kana da.	我們都將脫胎換新皮。	We are all going to make new skin.	Nous allons tous faire peau neuve.	L'XEQ
Aji su kuxul ka lxi nii hu?	你會想要（合你口味嗎）這些嫩竹筍嗎？	Would you accept (is it to your liking) these young bamboo shoots?	Est-ce que tu accepterais (celà est ton plaisir) ces jeunes pousses de bambou ?	L'XI (L'çI)
Kmkan ku bi lxi.	我很想吃竹筍。	I would really like to eat bamboo shoots.	J'aimerais bien manger des pousses de bambou.	L'XI (L'çI)
Rhqan bi napa na ka laqi.	這孩子背了很輕的擔子。	The child carried a very light load.	L'enfant a porté une charge très légère.	L'XKAX (L'XQAX)
Lpi nanak, mlhkah balay.	那只是（穀物的）稻殼，非常輕。	It's only chaff (of grain), it's very light.	Ce n'est que de la balle (de graine), c'est très léger.	L'XKAX (L'XQAX)
Ana mlhkah ka gnsal o, ini klhkah ka payay bi.	稻稈雖然輕，穀粒本身（稻穀）卻不輕。	Though the (rice) straw is light, the grain itself (the paddy) is not.	Si la paille (de riz) est légère, la graine elle-même (le paddy) ne l'est pas.	L'XKAX (L'XQAX)
Nasi khaya ka knlhkahan niya o, empdhuq napa ka ana laqi.	若它如此之輕，連小孩都能背得動。	If its lightness is such, even a child will manage to carry it.	Si sa légèreté est telle, même un enfant arrivera à la porter.	L'XKAX (L'XQAX)
Ma su slhkah ka nkari tana ta.	你竟把我們父親（從前）的話當作無足輕重嗎？	So you consider our father's (past) words unimportant?	Tu considères donc sans importance les paroles (passées) de notre père ?	L'XKAX (L'XQAX)
Ini ku slhkah ana manu.	我對任何事都不掉以輕心。	I take nothing lightly.	Je ne prends rien à la légère.	L'XKAX (L'XQAX)
Nii seejiq ka snlhkahan namu nita (vl. nii ka seejiq snlhkahan namu nita (?))	這就是你們所鄙視的那個（一個？）人。	Here is the (a?) person whom you have despised.	Voici la (une ?) personne que vous avez méprisée.	L'XKAX (L'XQAX)
Thdagun mu cicih ka payay ppklhkah hyaan.	我要把我的稻穀稍微曬一曬，讓它輕一點。	I'm going to dry my paddy a little in the sun so it will be a bit lighter.	Je vais faire un peu sécher au soleil mon paddy pour qu'il soit un peu plus léger.	L'XKAX (L'XQAX)
Ana npungu o, ya bi qdaani ka gasil su, knhwayun mu lmhlah (vl. Knhuway ida mu lhlahun.	即使繩子纏成一團（打了結）也別扔掉；我會慢慢把它解開（理順）。	Don't throw away your string even if it is tangled (if it has knots); slowly I will untie it (untangle it).	Ne jette pas ta ficelle même si elle est emmêlée (si elle a des noeuds) ; lentement je la dénouerai (démêlerai).	L'XLAX (LEXLAX)
Emplhlah ta sayang ka bnkiyan sseejiq hu?	我們現在要釋放這些被鎖住的人嗎？	Are we now going to free these people who are chained up?	Allons-nous libérer maintenant ces gens qui sont enchaînés ?	L'XLAX (LEXLAX)
Kla bi saw kiya ka biyax na plhlah (pplhlah) knsqaan mu sjiqun (seejiq)	原來他有這樣的力量能克服在眾人面前的膽怯（我沒想到他會有這樣的力量）。	So this is his strength for freeing himself from his shyness before people (I didn't think he would have such strength for it).	Elle est donc ainsi sa force pour se libérer de sa timidité devant les gens (Je ne pensais pas qu'il aurait une telle force pour cela).	L'XLAX (LEXLAX)
Plhlahi lukus su binaw, nruciq bi da.	把你的衣服稍微刷一刷（撢一撢），都髒了。	Brush off (dust off) your clothes a bit, they are all dirty.	Brosse un peu (époussette un peu) tes habits, ils sont tout sales.	L'XLAX (LEXLAX)
Wada mu plhlahan ka lklukus su da (su da)	你的衣服我全都撢過了。	I have dusted them all off, your clothes.	Je les ai tous époussetés, tes habits.	L'XLAX (LEXLAX)
Ya bi manu ka slhlah na kjiyax?	它怎麼會不停地自行鬆開呢？	How can it keep coming undone without stopping?	Comment peut-il bien se délier sans arrêt ?	L'XLAX (LEXLAX)
Sai nita aji ga mtlhlah ka kacing ta da hu.	去看看我們的水牛是不是掙脫了。	Go and see whether our buffalo hasn't come loose.	Va voir si notre buffle n'est pas détaché.	L'XLAX (LEXLAX)
Ga mtlhlah kana ka dphpah da.	所有的花都綻放了。	All the flowers open up (bloom).	Toutes les fleurs s'ouvrent (s'épanouissent).	L'XLAX (LEXLAX)
Ga su mtlhlah da.	你自由了！	There you are, free!	Te voilà libre !	L'XLAX (LEXLAX)
Mntaqi lhngaw nkdha hngkawas ka Liwis.	Liwis 在洞穴裡睡了兩年。	Liwis slept two years in a cave.	Liwis a dormi deux ans dans une caverne.	L'XNGAO
Lhngaw paru ka kiya.	那真是個大洞穴！	What a big cave that is!	Voilà une bien grande caverne !	L'XNGAO
Ini ku kla rnawah rhngun sapah su.	我打不開你家的門。	I am unable to open the door of your house.	Je suis incapable d'ouvrir la porte de ta maison.	L'XNGUN
Hmaun su manu ka slaq su? … Payay dhquy!	你想在你的水田裡種什麼？……糯米。	What do you want to plant in your paddy field? … Glutinous rice.	Que veux-tu planter dans ta rizière ? … Du riz gluant.	L'XQOI
Ida meaji ku mha (=: M + AJI-KU-MHA) kdjiyax ka hiya.	反正他就是一個永遠的「我不想去」。	In any case he is a permanent “I don't want to go”.	De toute façon lui, c'est un « je ne veux pas aller » permanent.	M
Mgul na mnarux ka kiya.	那正是他那老（不治的、擺脫不掉的）毛病。	That is indeed his old (incurable, inseparable) illness.	C'est bien là sa vieille (incurable, inséparable) maladie.	MA'GUL (M"GUL?)
Ga seegul siyaw elug ka kacing namu.	你們的水牛拴在路邊。	Your buffalo is tied up at the edge of the road.	Votre buffle est attaché au bord de la route.	MA'GUL (M"GUL?)
Ungat hari saw malan tunux ka nkealang truku.	太魯閣族中禿頭的人不多。	There are not many bald people among the Taroko.	Il n'y a pas beaucoup de chauves chez les taroko.	MALAN
Malu bi taan ka malu bi seejiq kiya.	這位很善良的人看起來很美（這位好人令人賞心悅目）。	This very good person is very beautiful to look at (This fine person is a pleasure to behold).	Cette très bonne personne est très belle à voir (Cette brave personne fait plaisir à voir).	MALU
Malu taan.	好看（美觀）。	Handsome (to look at).	Beau (à voir).	MALU
Malu bhangan.	好聽。	Pleasant to hear.	Beau à entendre.	MALU
Malu uqun.	好吃（容易入口）——貪吃。	Good (easy) to eat - gluttonous.	Bon (facile) à manger - Gourmand.	MALU
Malu karat.	好天氣。	Fine weather.	Beau temps.	MALU
Malu lnglungan.	有心腸的、好意的。	Kind-hearted, well-meaning.	Qui a du cœur, bien intentionné.	MALU
Malu kuxul.	快樂的。	Joyful.	Joyeux.	MALU
Malu tunux.	聰明的。	Intelligent.	Intelligent.	MALU
Malu seejiq.	好人。	A fine person.	Brave personne.	MALU
Malu qnita.	心地好的。	Well-disposed.	Bien disposé.	MALU
Nmalu shiga o, wada naqih duri.	他昨天還好好的，如今又不舒服了。	Well as he was yesterday, here he is unwell again.	De bien qu'il était hier, le voilà de nouveau mal.	MALU
Kingal su nmalu seejiq ka isu.	你是好人之一。	You are one of the good people.	Toi tu es l'une parmi les bonnes personnes.	MALU
Nmalu seuxal ka hiya.	他從前是好的。	He was well in the past.	Il était bien autrefois.	MALU
Knalu nhari da! Paru ta bi tbyaxan ka sayang.	快點康復！我們現在有很多工作。	Hurry up and get well! We have a lot of work now.	Dépêche toi de guérir ! Nous avons beaucoup de travail maintenant.	MALU
Ana mu si spuhi o, ini kmalu ka tunux mu.	我再怎麼醫治，我的頭還是不好！	No matter how I treat myself, my head won't get better!	J'ai beau me soigner, ma tête ne guérit pas !	MALU
Smeura ku bi nita knmalu lnglungan niya.	看到他多麼善良，真讓人羨慕！	It makes one envious to see how good he is!	Celà ne fait envie en voyant combien il est bon !	MALU
Asaw knmalu Aki ka wada malu ka papak mu da.	多虧了 Aki 的善良，我的腳才康復了。	It is thanks to Aki's goodness that my foot has healed.	C'est grâce à la bonté de Aki que mon pied est guéri.	MALU
Ya keisug, aji biyaw empanalu ka papak su.	別怕！你的腳很快就會好！	Don't be afraid! Your foot will heal very quickly!	N'aie pas peur ! Ton pied guérira très vite !	MALU
Empanalu su mahun.	這對你會是好喝的飲料。	It will be a good drink for you.	Ce sera une bonne boisson pour toi.	MALU
Uxay yaku ka pnkmalu sunan?	不是我把你治好的嗎？	Wasn't it I who healed you?	N'est ce pas moi qui t'ai guéri ?	MALU
Psaun nisu natas ppkmalu mu ka tunux su.	我想送你去讀點書，好讓你的頭腦清醒一點（讓你的頭腦變好）。	I want to send you to study a little to set your head straight (to make your head good).	Je veux t'envoyer un peu étudier pour te remettre un peu la tête en place (pour rendre ta tête bonne).	MALU
Miyah su skmalu lnglungan na hu.	你是來安慰他（或：把他稍微導回正途）嗎？	Are you coming to comfort him (var. to set him back a bit on the right path)?	Est ce que tu viens le consoler (vl. le remettre un peu sur la bonne route) ?	MALU
Ya manu bi ka snkmalu kuxul na snduray.	最近是什麼讓他心情這麼好？	What could have put him in such a good mood lately?	Qu'est ce qui a bien pu le mettre de bonne humeur ces derniers temps ?	MALU
Nhmaan sktama mu ka pusu mami bukuy sapah su.	是我已故的父親種下你家後面的橘子樹。	It was my late father who planted the orange tree behind your house.	C'est feu mon père qui a planté l'oranger qui est derrière ta maison.	MAMI
Manu bi ka kari su.	你到底在說什麼？	What on earth are you saying?	Qu'est ce donc que tu dis ?	MANU
Ungat ana manu.	什麼都沒有！	There is nothing!	Il n'y a rien !	MANU
Ana manu.	任何——無論什麼。	Anything - whatever it may be.	Tout - quoi que ce soit.	MANU
Manu ka tama su o, ga inu ka sayang?	說到你父親；他現在在哪裡？	As for your father; where is he now?	A propos de ton père ; où est il maintenant ?	MANU
Mmanu namu bi da.	你們變成怎樣了？	What have you become?	Qu'est ce que vous êtes devenus ?	MANU
Ini namu matas sayang do, empaamanu namu hici da?	你們今天若不讀書，將來會變成怎樣？	If you don't study today, what will become of you later on?	Si vous n'étudiez pas aujourd'hui, que deviendrez vous plus tard ?	MANU
Empaamanu manu.	你們會變成什麼？	What will you become?	Que deviendrez vous ?	MANU
Snmanu namu da.	你們爭執的原因是什麼？	What is the cause of your quarrel?	Quelle est la cause de votre différend ?	MANU
Mntjiyal nami shiga o, uxay nami snmanu; wana bi pila!	我們昨天吵起來，不為別的，就為了錢。	We came to blows yesterday, it was over nothing but money.	Nous nous sommes attrapés hier, ce n'était pour rien d'autre que l'argent.	MANU
Msnanu ta ka ita?	我們之間有什麼共同點？	What do we have in common?	Qu'est ce qu'il y a de commun entre nous ?	MANU
Bgurah bi shiga ka masaq mu ni, ungat da! Ya wada inu? … Wada mu djiyun sbahu mu lukus da.	我的肥皂昨天還是新的，現在卻沒了！它到哪去了？……我拿去洗衣服了。	It was new yesterday, my bar of soap, and now there's none left! Where has it gone? … I used it to wash the clothes.	Il était neuf hier, mon morceau de savon et il n'y en a plus ! Où est il donc passé ? … Je m'en suis servi pour laver les habits.	MASAK
Sinaw masu.	小米酒。	Millet wine (beer).	Vin (bierre) de millet.	MASO
Idaw masu.	煮熟的小米。	Cooked millet.	Millet cuit.	MASO
Tmukuy masu.	播種小米。	To sow millet.	Semer du millet.	MASO
Qnpah masu.	耕作小米（小米田……）。	To work the millet (the field of.).	Travailler le millet (le champ de.).	MASO
Maxal maspat.	十八。	Eighteen.	Dixhuit.	MASPAT
Maspat kmxalan.	八十。	Eighty.	Quatre-vingt.	MASPAT
Mnpiya su mnkan sapah mu? … Mnspat.	你在我家吃過幾次飯？……八次！	How many times have you eaten at my place? … Eight times!	Combien de fois as tu mangé chez moi ? … Huit fois !	MASPAT
Mkmaspat ku da hini.	我已經在這裡八天了。	I have already been here eight days.	Voilà déjà huit jours que je suis là.	MASPAT
Mkmaspat jiyax sida ka laqi.	那時孩子八天大。	The child was eight days old at that time.	L'enfant était âgé de huit jours à ce moment là.	MASPAT
Mkmaspat idas ka nsaan mu bbuyu.	我去（待在）山上打獵有八個月之久。	It was for eight months that I went (stayed) hunting.	C'est pendant huit mois que je suis allé (resté) à la chasse.	MASPAT
Pnpiya namu hiyi papa.	你們每趟幾個人？（一次有多少人上（車）？）	How many of you per trip? (how many people get on (the vehicle) at a time?)	Vous êtes à combien par voyage ? (combien de personnes montent (dans le vehicule) à la fois ?)	MASPAT
Pnmaspat nami da.	我們一次八個人。	We are eight at a time.	Nous sommes huit à la fois.	MASPAT
Maxal mataru.	十六。	Sixteen.	Seize.	MATALO (M'TALO)
Mataru kmxalan mataru.	六十六。	Sixty-six.	Soixante six.	MATALO (M'TALO)
Mnataru sayang ka yahan mu nita tlaman niya.	今天是我第六次來看他跑步（看他賽跑）。	Today is the sixth time I have come to watch him run (to watch his race).	C'est aujourd'hui la sixième fois que je viens le voir courir (voir sa course).	MATALO (M'TALO)
Mnmataru ka nyahan mu shkawas.	去年我來了六次。	Last year I came six times.	L'an passé je suis venu six fois.	MATALO (M'TALO)
Pnmataru namu pila da.	你們每人領（有、給、拿）六枚錢幣。	You each receive (have, give, take) six coins.	Vous recevez (avez, donnez, prenez) six pièces (à) chacun.	MATALO (M'TALO)
Mnda alang ka paru bi sbhuran bitaq nkmataru = Paru bi sbhuran nkealang nami bitaq nkmataru.	我們部落颳了六天的大風。	For six days there was (there passed) a great wind at our village.	Pendant six jours il y a eu (est passé) un grand vent chez nous.	MATALO (M'TALO)
Paah pntcingan (pncingan) na ka neetung bi dowriq na.	他的眼睛自出生起就瞎了。	His eyes have been blind since his birth.	C'est depuis sa naissance que ses yeux sont aveugles.	MA'TONG
Mha su inu, wan?	你要去哪裡，連襟？	Where are you going, brother-in-law?	Où vas tu, beau frère ?	MAWAN
Maxal kingal ni maxal maspat ni maxal rima o, spat kmxalan spat da.	十一加十八加十五，等於四十四。	Eleven and eighteen and fifteen, that makes forty-four.	Onze et dixhuit et quinze, cela fait quarante quatre.	MAXAL
Spat bi kmxalan.	只有四十。	Forty only.	Quarante seulement.	MAXAL
Spat kmxalan spat.	四十四。	Forty-four.	Quarante quatre.	MAXAL
Mknaxal nami daya.	我們剛在上面（山上）待了十天。	We have just spent ten days up there.	Nous venons de passer dix jours là haut.	MAXAL
Ma ini iyax!	1) 他怎麼會沒來？2) 咦！他沒來？3) 那麼！他是不來了？4) 他為什麼沒來？等等。	1) How come he hasn't come? 2) Well! He hasn't come? 3) So! He's not coming then? 4) Why hasn't he come? Etc.	1) Comment se fait-il qu'il ne soit pas venu ? 2) Tiens ! Il n'est pas venu ? 3) Alors ! C'est qu'il ne vient pas ? 4) Pourquoi n'est-il pas venu ? Etc.	MA"
Naqih bi tbgan ka mirit.	養山羊並不容易。	Raising goats is not easy.	Elever des chèvres n'est pas aisé.	MILIT
Mirit Bbuyu.	野生山羊。	Wild goats.	Chèvres sauvages.	MILIT
Tnabug mirit.	飼養山羊。	To raise goats.	Elever des chèvres.	MILIT
Mtabug mirit.	牧羊人——牧人。	Goatherd - herdsman.	Chevrier - pasteur.	MILIT
Saw balung rudux o, meiluq ka kuxul mu balay.	至於蛋，我最喜歡生的！	As for eggs, it's raw that I really like them!	Pour ce qui est des œufs, c'est non cuits que je les aime !	MILOQ
Misan da! Pasi ta nqaras malah tahut da.	冬天到了！我們都樂於在火邊取暖。	It's winter! We are all glad to warm ourselves at the fire.	C'est l'hiver ! On est tout contents de se chauffer au feu.	MISAN
Iyux seangal na ina mniyak qmpahan ka bubu.	我母親很急著（看我娶親），好有個能下田工作的媳婦。	My mother is in a great hurry (to see me married) to get a daughter-in-law who works in the fields.	Ma mère est très pressée (de me voir marié) pour avoir une bru qui travaille dans les champs.	MIYAQ
Mstrung kmpaux bgihur do, kika misux ksun ta.	當逆向的風（在水上）相遇時，就說起了暴風雨。（或：這就是我們所謂的暴風雨。）	When contrary winds meet (on the water), one says there is a storm. (var. this is what we call a storm).	Quand des vents contraires se rencontrent (sur l'eau), on dit qu'il y a tempête. (vl. c'est ce que nous appelons tempête).	MISUX
Mkmurisaka ka yaku.	我是森坂人。	I am from Morisaka.	Je suis de Morisaka.	MK
Mqdgiyaq ka lala bi phpah.	山上花很多。	It is in the mountains that there are many flowers.	C'est en montagne qu'il y a beaucoup de fleurs.	MK
Mha nami nktru bi.	我們只去三天。	We are going for only three days.	Nous n'allons que pour trois jours.	MK
Mkrabi namu inu?	你們在哪裡過夜？	Where do you spend the night?	Où passez vous la nuit ?	MK
Mkmusa ku bi ka yaku.	我嘛，我很想去。	As for me, I would really like to go.	Moi, je voudrais bien aller.	MK
Ungat ana manu paru tbyaxun mu, wana mkay sapah.	我的工作並不繁重，我只做家事。	I am not overloaded with work; I only have the housework.	Je ne suis pas surchargée de travail, je n'ai que les travaux de la maison.	M'KAI (MUKAI?)
Aji ku mha saman, mha ku mkaxa da.	我明天不去，我後天去。	I will not go tomorrow; I will go the day after tomorrow.	Je n'irai pas demain, j'irai après demain.	MKAXA
Sayang, shiga, sngkaxa, nktru su sayang hini da.	今天、昨天、前天，你來這裡已經三天了。	Today, yesterday, the day before yesterday — that makes three days that you have been here.	Aujourd'hui, hier, avant hier, voilà trois jours que tu es ici.	MKAXA
Ana mlamu ka isu.	你這人真不一般！—你這人真有趣！—你這人真古怪！	You are not ordinary! - You are funny! - you are odd!	Tu n'es pas ordinaire, toi - Tu es drôle, toi ! - tu es curieux, toi !	MLAMU
Malu ku bi ka mgrbu, babaw ska hidaw ka mmlux ku bi.	我早上很好；到了下午才真的不舒服。	I feel very well in the morning; it is in the afternoon that I really feel bad.	Je suis très bien le matin ; c'est l'après midi que j'ai vraiment mal.	ML'BU (MLUBU?)
Saw ttalang o, lbuan bi ka malu tlaman.	對想跑步的人來說，清早跑最好。	For those who want to run, it is early in the morning that it is best (to race).	Pour ceux qui veulent courir, c'est tôt le matin que c'est préférable (de faire la course).	ML'BU (MLUBU?)
Tayal knlbuan su!	哎呀！你真是個早起的人啊！	Oh my! What an early riser you are!	Oh la ! Ce que tu es matinal !	ML'BU (MLUBU?)
Ma mring kana dowriq su! Srsi binaw.	可是你的眼睛全是汗！那就擦一擦吧。	But your eyes are all full of sweat! Wipe them, then.	Mais tes yeux sont tout pleins de sueur ! Essuie les donc.	M'LING
Mring nanak ka shuriq lukus mu.	弄濕我衣服的只是汗水而已。	It is only sweat that wets my clothes.	Ce n'est que la sueur qui mouille mes habits.	M'LING
Luun mu ka pila nii.	這筆錢，我要（我想）把它存起來。	This money — I am going to (I want to) set it aside.	Cet argent je vais (je veux) le mettre de côté.	L'LU
Mnlu ku dnka sadu mu shkawas, kika hiya da.	去年我把薪水的一半存起來，就是它！（就是所說的那個。）	Last year I was saving half my salary — there it is! (That is the one being talked about).	L'an passé j'économisais la moitié de mon salaire, le voilà !(C'est celui là, dont on parle).	L'LU
Nluan mu seuxal ka pila kiya.	那筆錢是我以前的積蓄。	That money there, those are my savings from long ago.	Cet argent là ce sont mes économies d'autrefois.	L'LU
Aji su bsukan hu … Ini! (vl. Aji!) Mnlux ku bi.	你該不會是醉了吧？…不！我完全清醒。	You wouldn't be drunk by any chance? … No! I am perfectly awake.	Tu ne serais pas ivre par hasard ? … Non ! Je suis parfaitement éveillé.	M'LUX (M'LUç)
Asi gnlux kana embahang.	以致於所有人聽到時都目瞪口呆（聽…	To such a point that all were open-mouthed on hearing it (listening...	A tel point que tous étaient bouche bée à l'entendre (écouter...	M'LUX (M'LUç)
Mha ku pnais trima baga mu hu?	我只是稍微洗一下手，對吧？	I am just going to give my hands a quick wash, right?	Je vais juste me laver un petit coup les mains, n'est ce pas ?	MNAIS
Pnais ta bi meudus babaw dxgal.	我們在世上只是短暫地活著。	We live only fleetingly on this earth.	Nous ne vivons que passagèrement sur la terre.	MNAIS
Maxal mngari.	十九。	Nineteen.	Dix neuf.	MANGALI
Mngari kmxalan.	九十。	Ninety.	Quatre-vingt-dix.	MANGALI
Qtaun mu pnmngari kana ka laqi.	我想以九個一組的方式見到所有的孩子。	I want to see (meet) all the children in groups of nine.	Je veux voir (rencontrer) tous les enfants par groupes de neuf.	MANGALI
Tgspat ka yaku ni, tgmngari ka isu.	我是第四個，你是第九個。	I am the fourth and you are the ninth.	Je suis le quatrième et tu es le neuvième.	MANGALI
Tama mu.	我的父親。	My father.	Mon père.	MO
Biqun mu.	我要給（我那要被給出去的東西）。	I will give (my object that is to be given).	Je donnerai (mon objet devant être donné).	MO
Ndaan mu.	我所經過的（路徑）。	That by which I have passed.	Ce par quoi je suis passé.	MO
Murung kari.	發誓（＝ 用力地（?）、莊嚴地（?）說出話語）。	To swear an oath (= to say words with force (?), with solemnity (?)).	Faire serment (= dire des paroles avec force (?), avec solennité (?)).	MOLONG
Tpruq msaang ni murung kari ka hiya.	他破口大罵並發誓，怒氣爆發。	He bursts out, ranting and swearing.	Il explose en vitupérant et en jurant.	MOLONG
Emphuqil su.	1）你將死去；2）你使（人）死（但在第二種意義中，通常需要一個表示動作的詞＝ Mpxoqel so Banan ＝ 你就是那個（＝ M）將使 Iban 死（＝ P，XOQEL）的人）。	1) You will die; 2) You cause (someone) to die (but in this second sense, a term for the action is generally required = Mpxoqel so Banan = You are the one (= M) who will make (= P) Iban die (XOQEL)).	1) Tu mourras ; 2) Tu fais mourir (mais dans ce deuxième sens, un terme de l'action est généralement nécessaire = Mpxoqel so Banan = Tu es celui (= M) qui va faire (= P) mourir (XOQEL) Ibanne).	MP
Empaa su manu? (vl. empaamanu su)	你將會變成什麼？（你是那個將變成什麼的人？）（或：mpamanu so）（註：MPA（M + P + A）三個成分依情況各有側重，但似乎總能以其固有的價值豐富整體。）	What will you become? (You are the one who will become what?). (var. mpamanu so) (n.b. Each of the three elements of MPA (M + P + A) predominates differently according to the case but always seems to enrich the whole with its own value).	Que deviendras tu ? (Tu es celui qui deviendra quoi ?).(nb. Chacun des trois éléments de MPA (M + P + A) prédomine différemment selon les cas mais semble toujours enrichir l'ensemble de sa valeur propre).	MPA
Yaku ka paru, msa ku.	我說：是我最大（那個大的人就是我！）。	I say: It is I who am great (the one who is great is me!).	Je dis : C'est moi qui suis grand (celui qui est grand c'est moi !).	MSA
Yaku ka paru, msa ka tama.	爸爸說：那個大的人就是我。	Papa says: The one who is great is me.	Papa dit : Celui qui est grand c'est moi.	MSA
Manu msa ka kari na.	他的話說：什麼？	His speech says: What?	Son parler dit : Quoi ?	MSA
Mkray bi brigan, msa ka kari dha.	這買（賣）起來很貴，他們的話這麼說（＝ 他們說這很貴）。	It is very expensive to buy (to sell), so their words say (= They say that it is very expensive).	C'est très cher à acheter (à vendre) dit ce qu'ils disent (=Ils disent que c'est très cher).	MSA
Mha ku sapah msa ka tama ksa.	你告訴他們：爸爸說：我要回家。	Tell them: Papa said: I am going home.	Dis leur : Papa a dit : Je vais à la maison.	MSA
Iyax bi kana, mnusa ku shiga.	你們全都來吧，我昨天說了（＝ 我昨天叫你們全都來！）。	Do come, all of you, I said yesterday (= I told you yesterday to all come!).	Venez bien tous, j'ai dit hier (= Je vous dit hier de venir tous !).	MSA
Mha ku qmpah ksa.	你告訴他們：我要去工作。	Tell them: I am going to work.	Dis leur : Je vais travailler.	MSA
Empaamanu ta ka ita mkksa ka dhiya.	他們彼此互相說：我們將會怎麼樣？（註：勿與 Mkksa ＝「流浪的」混淆，後者源自 KSA ＝ 走路。）	They say to one another: What is to become of us? (n.b. Not to be confused with: Mkksa = wandering, which comes from: KSA = to walk).	Ils se disent les uns les autres : Qu'allons nous devenir ?(nb. A ne pas confondre avec : Mkksa = errant, qui vient de : KSA = marcher).	MSA
Huya mu ksun.	我該怎麼做（該說什麼？該做什麼？）？	How should I behave (what to say? What to do?)?	Comment dois je me comporter (que dire ? Que faire ?) ?	MSA
Ga msdngux bi ntaqi, ini kla jiyax ka hiya.	至於他，他睡得像睡鼠一樣沉，他不急，也不覺得時間流逝。	As for him, he sleeps like a dormouse; he is in no hurry; he does not notice the time passing.	Lui, il dort comme un loir, il n'est pas pressé, il ne voit pas le temps passer.	MSDNGUX
Msuwil malu, msuwil naqih hiyi na ka tama mu.	我父親有時健康，有時生病。	Sometimes my father is in good health, sometimes he is ill.	Tantôt mon père est en bonne santé, tantôt il est malade.	MSUIL (MSUWIL)
Ga mmlux muda ka laqi mu.	我的孩子感冒了（＝ 得了流行病（?））。	My child has a cold (= is sick with the epidemic (?)).	Mon enfant a un rhume (= est malade de l'épidémie (?)).	MUDA
Tai mutaq ka laqi o, kika malu.	如果孩子能吐出來，那就好了。	If the child manages to vomit, that is good.	Si l'enfant arrive à vômir, c'est bon.	MUTAQ
Tayal bi ka utaq mu skeeman!	我昨晚吐得好厲害！	How much I threw up last night!	Ce que j'ai pu vômir la nuit dernière !	MUTAQ
Bbaraw bi muhing na ka dyamu.				MUXENG
… Amirika.	你們這些外國人（美國人（！！）），你們的鼻子很長。	You foreigners (Americans (!!)), you have a long nose.	Vous autres les étrangers (américains (!!)), vous avez un long nez.	MUXENG
Mha mrata.	去當兵。	To go (become) a soldier.	Aller soldat.	MXA
Mha nkan.	要去吃飯。	Is going to eat.	Va manger.	MXA
Mha ku sapah.	我要回家。	I am going home.	Je vais à la maison.	MXA
Pha bi tunux su ka kiya.	把那件事牢記在腦中。	Put that well into your head.	Mets toi bien cela dans la tête.	MXA
Pha bi lnglungan.	把那放進心裡＝好好記住！	Put that well into your heart = remember it well!	Mets bien cela dans ton coeur = souviens toi bien !	MXA
Ga mhing ka samaw da.	燈熄了 - 燈已經熄滅了。	There, the lamp is out - the lamp is extinguished.	Voilà la lampe éteinte - la lampe se trouve éteinte.	MXENG
Phngi ka harung namu da.	把你們的燈籠熄掉。	Put out your lanterns.	Eteignez vos falots.	MXENG
Kingal nanak ka laqi mu! Ida bi ga mhhuni.	我的孩子很不對勁！也許他被下了咒！	My kid is acting all strange! Perhaps he is bewitched!	Mon gosse est tout drôle ! Peut-être est il ensorcelé !	MXOUNI
NSEEJIQ NII KA ASU.	這艘船是這個人的；N 已成為前綴。	The boat belongs to this person; the N has become a prefix.	Le bateau est à cette personne ; le N est devenu préfixe.	N
Nhiya	他的／屬於他。	His / to him.	A lui.	N
Ntama.	父親的／屬於父親。	The father's / to the father.	Au père.	N
Nbaraw.	來自上面的東西。	That which is from above.	Ce qui est d'en haut.	N
Mnita ku.	我在看／我以前看；。	I was seeing / I used to see;	Je voyais ;	N
Qntaan mu.	我所看見的；。	What I saw;	Ce que j'ai vu ;	N
Musa ku.	我去；。	I go / I am going;	Je vais ;	N
Mnusa ku.	我以前去／我去過；。	I was going / I went;	J'allais ;	N
Nusa mu.	我的行程，過去、已完成；。	My going, past, accomplished;	Mon aller, passé, réalisé ;	N
Pnsaan mu.	我所做的差遣。	The sending that I made.	L'envoi que j'ai fait.	N
Tama na.	他的父親；。	His/her father;	Son père ;	NA
Tama ku na.	我是他的父親；。	I am his father;	Je suis son père ;	NA
Biqun ta na.	他會給我們（對他而言，我們是他應該（想要）給予的對象）。	He will give to us (we are for him those to whom he must (wants to) give).	Il nous donnera (nous sommes pour lui ceux à qui il doit (veut) donner.	NA
Ini na.	還沒有。	Not yet.	Pas encore.	NA
Na, ini su kla da.	原來如此！你不知道！	So! You don't know!	Ainsi ! Tu ne sais pas !	NA
Ini su salu na.	你還沒蓋好嗎？	You haven't built yet?	Tu n'as pas encore bâti ?	NA
Nasi muutux tunux na o, na, ini na klai ka elug da.	如果他的頭腦錯亂了，那麼他就失去了理智（他不再認得路了）！	If his head is disturbed, then he has lost his good sense (he no longer knows the way)!	Si sa tête est dérangée, alors, il a perdu le bon sens (il ne sait plus la route) !	NA
Ini psrnabaw ka qhuni.	樹木沒有長出葉子。	The trees are not putting out leaves.	Les arbres n'émettent pas de feuilles.	NABAO
Mhdu su srsun ka nalaq o, rsuhi ka sapuh nii da.	把膿擦拭乾淨後，你就塗上這個藥。	After sponging off the pus, you will apply this medicine.	Après avoir épongé le pus, tu mettras ce médicament.	NALAQ
Aji mnalaq ka nangal su luqih hu?	你受的傷沒有化膿嗎？	Isn't the wound you gave yourself getting infected?	Est ce que la blessure que tu t'es faite ne s'infecte pas ?	NALAQ
Narat baga.	右手。	The right hand.	La main droite.	NALAT
Usa nquri narat.	往右邊走。	Go to the right.	Va vers la droite.	NALAT
Mknarat ka dyamu ni mkeiril ka yami da.	你們住在右邊，我們住在左邊。	You live on the right and we live on the left.	Vous êtes (habitez) sur la droite et nous nous habitons sur la gauche.	NALAT
Mnarux tunux mu da.	我很憂心 - 我頭痛（我的頭痛（？））。	I am worried - I have a headache (my head hurts (?)).	Je suis en souci - j'ai mal à la tête (ma tête à mal (?)).	NALOX
Ini knarux ka baga, hmut msdara nanak.	手不痛，只是流血而已！	The hand doesn't hurt me, it only bleeds!	La main ne me fait pas mal, elle ne fait que saigner !	NALOX
Wada mu shngiyan ka knnarux mu.	我已忘記自己當時有多痛了！	I have forgotten how much I was hurting!	J'ai oublié combien j'avais mal !	NALOX
Ana su miyah pknarux tunux mu o, aji ku bi alix.	即使你來讓我頭痛（打擾我），我也不會放棄。	Even if you come to give me a headache (to trouble me), I will not give up.	Même si tu viens me faire mal à la tête (me troubler), je ne lâcherai pas.	NALOX
Mnimah su tleetu qsiya skeeman o, kiya ka sknarux lhbun su.	你昨晚喝了冷水，這就是害你胃痛的原因。	You drank cold water last night, that is what is hurting your stomach.	Tu as bu de l'eau froide hier soir, voilà ce qui te fait mal à l'estomac.	NALOX
Nruan su seejiq snii o, nhuqil da.	最近代替你的那個人，他死了。	The person who replaced you recently, he has died.	La personne qui t'a remplacé dernièrement, elle est morte.	NALU
Usa nama ka isu, miyah ku kiya.	你先走；我隨後就來。	You, go ahead; I will come afterwards.	Toi, va devant ; je viendrai ensuite.	NAMA
Isu bi nanak, ungat ka mnama sunan.	你確實是唯一的一個，沒有人在你前面。	You really are the only one, there is no one ahead of you.	Tu est bien le seul, il n'y a personne qui te précède.	NAMA
Ga msnama daya kana ka lqlaqi.	所有的孩子都在上面做準備。	All the children are getting ready up there.	Tous les enfants se préparent là haut.	NAMA
Nduwa bi psnama kana ppajiq, ungat jiyax ta kiya.	把所有的菜好好地事先準備好，待會兒我們就沒時間了。	Prepare all the vegetables well in advance, we won't have time later.	Prépare bien tous les légumes en avance nous n'aurons pas le temps tout à l'heure.	NAMA
Wada psnama biyi dgiyaq ka tama su.	你父親上山去準備山中的小屋了。	Your father has gone to prepare the hut in the mountains.	Ton père est allé préparer la hutte en montagne.	NAMA
Pida bi psnmaan yyahan Cristu ka sida.	那正是預備基督降臨的時期（將臨期）。	It was precisely then the preparation for the coming of Christ (Advent).	C'était justement alors la préparation de la venue du Christ (l'avent).	NAMA
Tai ka npais nii o, wada knnama pgkla dhyaan.	至於這個敵人，他事先已通知他們（他事先已與他們達成協議）。	As for this enemy, he had warned them in advance (he had come to an agreement with them beforehand).	Quant à cet ennemi, il les avait prévenus d'avance (il s'était mis d'accord avec eux d'avance.	NAMA
Gnama su dha baga aji su tgsbut btunux ka qaqay su.	他們會伸出雙手準備接住，好使你的腳不致撞到石頭。（他們會用手接住你……）	They will hold their hands ready so that your foot does not strike the stones. (they will receive you in their hands.)	Ils tiendront prêtes leurs mains pour que ton pied ne heurte pas les pierres. (ils te recevront dans leurs mains.)	NAMA
Kingal nanak.	1) 單獨一個 - 只有一個；2) 特別的 - 奇怪的。	1) a single one - just one; 2) special - strange.	1) un seul - rien qu'un ; 2) Spécial - étrange.	NANAK
Kuxul (mu, su, na, ta) nanak.	隨（我的、你的、他的、我們的）意。	As (my, your, his, our) own liking.	A (ma, ta, sa, notre,) guise.	NANAK
Lnglungan su nanak.	隨你所願。	As you wish.	Comme tu voudras.	NANAK
Usa nanak.	只管去 - 你儘管去就是。- 你自己去。	Just go - you only have to go. - Go yourself.	Va seulement - tu n'as qu'à aller. - Va toi même.	NANAK
Tai nak lnglungan dha.	那要看他們怎麼想。- 隨他們的意。	That depends on what they think. - as they will want.	Cela dépend de ce qu'ils pensent. - comme ils voudrot.	NANAK
Mnanak kdjiyax mksa ka hiya.	他總是獨自一人走。	He always walks all alone.	Il marche toujours tout seul.	NANAK
Knnakan na nanak ka sputuh hyaan.	使他發瘋的正是他的孤獨！	It is only his solitude that drives him mad!	Ce n'est que sa solitude qui le rend fou !	NANAK
Ya aji su pnnakan ka rdrudan su?	但願你沒有把父母獨自留下吧？	I hope you haven't left your parents all alone?	J'espère que tu n'as pas laissé tes parents tout seuls ?	NANAK
Usa nanak pnneanak ka yamu rsrisaw.	你們年輕人各自去吧（別依靠他人 - 別要他人作伴）。	You young people, go each on your own account (without counting on others - without the company of others).	Vous les jeunes gens allez donc chacun pour votre compte (sans compter sur les autres - sans la compagnie des autres.).	NANAK
Ya bi sknuwan ka pngnnakan namu yamu Iban?	那你和 Iban 到底是什麼時候分開的？	But when did you and Iban actually separate?	Mais quand est ce donc que vous vous êtes séparés Ibanne et toi ?	NANAK
Ga prajing msneanak qmpah ka Yudaw ta.	我們的 Yudao 開始獨自工作（為自己）。	Our Yudao is starting to work on his own (for his own account).	Notre Yudao commence à travailler en solitaire (pour son compte).	NANAK
Naqih kuxul.	悲傷。	Sad.	Triste.	NAQEX
Naqih quwaq.	粗俗——出言不遜。	Coarse - foul-mouthed.	Grossier - mauvaise langue.	NAQEX
Naqih lnglungan.	邪惡——惡毒。	Perverse - wicked.	Pervers - méchant.	NAQEX
Naqih dowriq.	凶惡的眼神——具威脅性——生氣。	Bad look - Threatening - angry.	Mauvaise vue - Menaçant - en colère.	NAQEX
Naqih tunux.	不太聰明——固執。	Not very intelligent - stubborn.	Peu intelligent - têtu.	NAQEX
Naqih baga.	殘廢的手——小偷。	Crippled hand - thief.	Main estropiée - voleur.	NAQEX
Naqih utux.	厄運。	Bad luck.	Malchance.	NAQEX
Wada mnaqih da!	他變壞了。	There he is, become bad.	Le voilà devenu mauvais.	NAQEX
Mqnaqih ka kuxul na.	他處於悲傷的狀態。	He is in a state of sadness.	Il est dans un état de tristesse.	NAQEX
Nnaqih tunux na seuxal o, wada malu da.	他以前是個壞腦袋的人，如今變好了。	From the bad-headed person he once was, there he is, become good.	De mauvaise tête qu'il était autrefois, le voilà devenu bien.	NAQEX
Ini qnaqih ka risaw.	這男孩不壞。	The boy is not bad.	Le garçon n'est pas mauvais.	NAQEX
Taan mu qnnaqih na ka blbul su o, aji mu brigun.	看你的香蕉這麼爛，我不會買。	Seeing how bad your bananas are, I won't buy them.	Voyant comme tes bananes sont mauvaises je ne les achéterai pas.	NAQEX
Tayal qnnaqih (qnnaqih na) ka laqi nii.	哎呀！這孩子怎麼這麼壞！	Oh my! How bad this kid can be!	Oh la ! Ce qu'il peut être mauvais ce gosse !	NAQEX
Asaw qnqihan na nanak.	那只是因為他自己的惡毒。	That is due only to his own wickedness.	Cela n'est dû qu'à sa méchanceté.	NAQEX
Ini su kita ka qnqihan na kuxul hu (vl. … Kita qnnaqih kuxul na hu)?	你沒看到（你看不到）他的悲傷嗎？	Haven't you seen (don't you see) his sadness?	Tu n'as pas vu (tu ne vois pas) sa tristesse ?	NAQEX
Mksa nksa o, aji biyaw mnaqih ka uwa su.	到處遊蕩；不久你的女兒就會變壞（會學壞）。	Roaming and roaming; before long your daughter will become bad (will go astray).	Rouler, rouler ; avant peu ta fille va devenir mauvaise (va se pervertir).	NAQEX
Ndyamu nanak ka pqnnaqih tuki mu da.	是你們當中的某個人弄壞了我的手錶。	It is one of you who made my watch be damaged.	C'est quelqu'un d'entre vous qui à fait que ma montre soit détériorée.	NAQEX
Pqnnaqih su ka kuxul rudan.	你讓我們的父母傷心了（註：須與下列區別：§Pnnaqex so kuxul ludan ＝ 你（當時正在）使我們的父母傷心）。	You have made our parents sad (n.b. Distinguish from: §Pnnaqex so kuxul ludan = you were saddening (in the act!) our parents).	Tu as rendu nos parents tristes (nb. Distinguer de : §Pnnaqex so kuxul ludan = tu attristais (en actio !) nos parents).	NAQEX
Wada su pnqihan kuxul rudan ka sida.	那就是你讓父母傷心的時候。	That was when you saddened your parents.	C'est alors que tu as attristé les parents.	NAQEX
Saw bi sqnaqih kuxul ka bnhangan ta snii.	我們最近聽到的消息，恰好足以令人難過。	It is just right for saddening [us] — what we heard recently.	C'est bien fait comme pour attrister ce que nous avons entendu dernièrement.	NAQEX
Wana bi spqnaqih su kuxul rudan ka yahan su tuhuy.	你來看我們只是為了讓我們的父母難過。	You came to see us only with the intention of causing grief to our parents.	Tu n'es venu nous voir que dans l'intention de faire de la peine à nos parents.	NAQEX
Nasi su knsa naduk o, kasi su usa nhari da.	如果你真的打算去打獵，那你就得趕快出發。	If you really intend to go hunting, then you must set off quickly.	Si vraiment tu penses aller à la chasse, alors il te faut partir vite.	NASI
Nduwa bi kari rudan.	好好聽從長輩的勸告——順從父母。	Follow the advice of the elders well - Obey your parents.	Suis bien les conseils des anciens - Obeis aux parents.	NDOA
Mduwa bi ka laqi mu kuyuh, laqi mu snaw ka ini duwa (Nduwa (?))	我女兒真的很令人滿意，但我兒子則完全不然。	My daughter really gives satisfaction but my son not at all.	Ma fille donne vraiment satisfaction mais mon garçon pas du tout.	NDOA
Mnduwa su bi laqi su sida ni, ya hnuya su bi sayang da?	你小時候真的很乖（＝很令人滿意）；那你現在到底怎麼了？	You were really good when you were a child (=you gave full satisfaction); so what is happening to you now?	Tu étais vraiment bien quand tu étais gosse (=tu donnais pleine satisfaction) ; qu'est ce qui t'arrive donc en ce moment ?	NDOA
Pdai bi kana biyax lnglungan su mdduwa su bi ana inu.	盡你全心的力量，好在各方面都令人滿意。	Try to put all the strength of your heart into it to give satisfaction everywhere.	Tâche d'y mettre toute la force de ton coeur pour donner satisfaction partout.	NDOA
Ya su nkla mita knduwaan niya!	我想你已經注意到他的價值——他的善意——他的順從。	I think you have noticed his worth - his good will - his docility.	Je pense que tu as remarqué sa valeur - sa bonne volonté - sa docilité.	NDOA
Ana ini na dhqi o, aji hnut ka kndduwaan niya.	即使他沒有成功，他也真的全心投入（他的努力不容小覷！）。	Even if he doesn't succeed, he really puts his whole heart into it (his effort is not negligible!).	Même s'il n'y arrive pas, il y met vraiment tout son coeur (son effort n'est pas négligeable !).	NDOA
Pnduwa bi tunux su.	設法讓你的腦袋令人滿意（＝努力一點！）。	See to it that your head gives satisfaction (= make an effort!).	Fais en sorte que ta tête donne satisfaction (= fais un effort !).	NDOA
Enduk nhari.	快關門。	Close quickly.	Ferme vite.	NDUK
Ga inu ka enduk sapah su?	你家的門在哪裡？	Where is the door of your house?	Où est la porte de ta maison ?	NDUK
Ina ka enduk.	誰在關（門）？	Who is closing?	Qui ferme ?	NDUK
Ungat ixan! Ida mnduk paah seuxal ka sapah niya.	不必堅持了；他的房子早就關閉很久了。	No use insisting; his house has been closed for a long time.	Inutile d'insister ; elle est fermée depuis longtemps sa maison.	NDUK
Ga dpan ka enduk sapah na.	他家的門是關著的。	The door of his house is closed.	La porte de sa maison est fermée.	NDUK
Lpi (vl. Dpi) nhari! Mskuy bi da!	快關門！真的很冷！	Close quickly! It is really cold!	Fermez vite ! Il fait vraiment froid !	NDUK
Ana ququ su uqun da, nngari dha ka nii.	你想吃就吃吧，這是別人留下的。	You can eat it if you want, it's what the others left.	Tu peux le manger si tu veux, c'est ce que les autres ont laissé.	NGALI
Wana bi maxal hiyi sngari ka mniyah.	只來了十幾個人。	There are only ten-odd people who came.	Il n'y a que dix et quelques personnes qui sont venues.	NGALI
Tayal ngangah su.	你真笨！	How stupid you are!	Ce que tu es bête !	NGANGAX
Balay bi mnngangah ku sida.	確實如此，我那時是個白痴（或：啞巴）！	It's quite true, I was an idiot (var. mute) at that time!	C'est bien vrai, j'étais idiot (vl. muet) de ce temps là !	NGANGAX
Pnngangah nanak ka hiya, ini kla kari.	他只能靠手勢表達，他不會說話。	He expressed himself only by gestures, he does not know how to speak.	Il ne s'exprima que par gestes, il ne sait pas parler.	NGANGAX
Sntlung ku Dluan (= JIRU) ngangut sapah p: (ppyaan)	我在車站前遇到了 Jiru（售票的房子，用來領票的地方）。	I met Jiru in front of the station (the ticket house, for taking tickets).	J'ai rencontré Djiro devant la gare (la maison des billets, pour prendre les billets).	NGANGOT
Ya han! Mha ku ngangut.	等一下，我去上廁所（當然是在野外囉！）。	Wait a moment, I'm going to the toilet (in the open, of course!).	Attends un peu, je vais aux toilettes (dans la nature, bien entendu !).	NGANGOT
Siqa bi! Mngasih kana ka gupun su.	你該感到羞愧！你的牙全掉光了！	You should be ashamed! You are all toothless!	Tu devrais avoir honte ! Tu es tout édenté !	NGASYEX
Ana mngasih ka pratu nii o, ida malu.	這個碗雖然有缺口，卻還是好的（能用）。	Although it is chipped, this bowl is still good (usable).	Encore qu'il soit ébréché, ce bol est encore bon (utilisable).	NGASYEX
Ngaha binaw! Qtaun mu ka glu su.	張開嘴看看，我想看你的喉嚨。	Open your mouth, let's see, I want to see your throat.	Ouvre voir la bouche, je veux voir ta gorge.	NGAXA
Spuhun misu, asi ka mngaha su.	我願意替你治療，條件是你要張開嘴！	I am willing to treat you, on condition that you open your mouth!	Je veux bien te soigner, à condition que tu ouvres la bouche !	NGAXA
Mnngaha ku nita saw kngkla niya.	看到他的學識，我驚呆了。	I was astounded to see his knowledge.	J'ai été stupéfié de voir sa science.	NGAXA
Pgealu bi ka laqi nii! Jiyax jiyax o, ida tngaha ka hiya.	這可憐的孩子！日復一日他就張著嘴待在那裡。	This poor kid! Day after day he stays there with his mouth open.	Ce pauvre gosse ! Jour après jours il reste là la bouche ouverte.	NGAXA
Mngahan su emaan.	你在叫誰？	Whom are you calling?	Qui appelles tu ?	NGAXAN
Usa ngahan seejiq.	去叫人來。	Go call the people.	Va appeler les gens.	NGAXAN
Hangan su o, ima.	你叫什麼名字？（註：XANGAN 有可能是 NGXANGAN ＝ NG-XAN+GAN 的簡化。）	What is your name? (n.b. It is possible that XANGAN is the simplification of NGXANGAN = NG-XAN+GAN).	Comment t'appelles tu ? (nb. Il est possible que XANGAN soit la simplification de NGXANGAN = NG-XAN+GAN).	NGAXAN
Ini hari kla pngahi qsurux ka dtruku.	太魯閣人不太擅長釣魚。	The Taroko are not very skilled at fishing.	Les taroko ne sont pas très habiles à la pêche.	NGAXE
Pngahi tuwil	抓鰻魚。	To catch eels.	Prendre des anguilles.	NGAXE
Pngahi seejiq (sjiqun)	抓人。	To catch people.	Attraper des gens.	NGAXE
Hiya nanak ka mngraq ni, seejiq ka ngalun na mngraq!	他自己是個傻瓜，卻（就是他）把別人當傻瓜！	He himself is a fool and (it is he) who takes others for fools!	C'est un niais et (c'est lui) qui prend les autres pour des niais !	NG'LAQ
Ini bi alix snguruq ka muhing mu.	我的鼻子流血不止。	My nose won't stop bleeding.	Mon nez n'arrête pas de saigner.	NGOLOQ
Ngungu kacing.	水牛的尾巴。	Buffalo's tail.	Queue du buffle.	NGONGO
Ngungu rungay.	猴子的尾巴。	Monkey's tail.	Queue de singe.	NGONGO
Ngungu dowriq.	眼角。	The corner of the eye.	Le coin de l'oeil.	NGONGO
Tayal bi ngungu su.	你多麼膽小啊！	How frightened you are!	Quelle peur tu as !	NGONGO
Mngungu ku bi muda bqrus keeman.	夜裡經過墓地時我起雞皮疙瘩。	I get goosebumps passing by the cemetery at night.	J'ai la chair de poule en passant la nuit par le cimetière.	NGONGO
Ya rngaw! Mngungu namu kana da.	住口！你們都是膽小鬼！	Be quiet! You're all cowards!	Taisez vous ! Vous êtes tous des peureux !	NGONGO
Saw kiya ka kngungu su da!	你就這麼膽小嗎？	Is that how frightened you are?	C'est comme cela que tu es peureux ?	NGONGO
Ngudus sqmu	玉米鬚。	Corn silk (lit. Beard of maize).	Barbe de maïs.	NGUDUS
Ngusul kana muhing su da, seesu bi!	真丟臉！你滿鼻子都是鼻涕！呸！	It's disgraceful! Your nose is all full of snot! Yuck!	C'est honteux ! Tu as tout le nez plein de nique ! Pouah !	NGUSUL
Tai muda ka muda o, msngusul kdjiyax ka muhing.	感冒（流行性感冒）流行時，鼻子流個不停。	When a cold (an epidemic of colds) is going around, the nose runs endlessly.	Quand passe le (une épidémie de) rhume, le nez n'arrête pas de couler.	NGUSUL
Lbu bi nghak na ka bubu.	媽媽的氣息很短促（＝她快嚥氣了）。	Mother's breath is very short (= she is dying).	Le souffle de maman est bien court (= elle est agonisante).	NGXAQ
Mtutuy ka hiya ni … Aji ku da, msa.	他起身說：我不要！	He gets up and says: I don't want to!	Il se lève et il dit : Je ne veux pas !	NI
Yaku ni … Tama mu.	我和我父親。	Me and my father.	Moi et mon père.	NI
Mhulis ni. Lmingis uri.	他又笑又哭。	He laughs and he cries.	Il rit et il pleure.	NI
Tama na.	他（她）的父親。	His / her father.	Son père.	NIA
Tama niya.	他自己的父親。	His own father.	Son père à lui.	NIA
Ini iyax ka Jiyan; Iban ka mnadas laqi niya.	Jiyan 沒來，是 Iban 帶了他的孩子（Jiyan 的兒子）來。	Jiyan didn't come; it's Iban who brought his child (Jiyan's son).	Djian n'est pas venu, c'est Ibanne qui a amené son enfant (le fils de Djian).	NIA
Meiluq hari ka hiyi samat … Ana niya!	這道野味沒煮得很熟……沒關係！	This dish of game isn't very well cooked … Never mind!	Ce plat de gibier n'est pas très cuit … Cela ne fait rien !	NIA
Nii ka tama mu da.	這是我父親（他來了。	Here is my father (who is coming.	Voici mon père (qui vient.	NII
Ga su inu, Ban? … Nii ku hini da.	你在哪裡，Iban？……我在這裡——我就在這裡！	Where are you, Iban? … I'm here - here I am!	Où est tu, Ibanne ? … Je suis ici - me voici ici !	NII
NII hini kana ka hmadan namu.	這都是你們的（姻親）親戚。	Here are all your relatives (by marriage).	Voici tous vos parents (par alliance).	NII
Pusu unuh.	無花果樹。	Fig tree.	Figuier.	NONOX
Dpay ka mkla bi mnuqih ni ini hari dha tgsai duwa sayang.	老一輩的婦女（祖母們）很擅長紡織，卻不太教導今天的女孩。	The old women (the grandmothers) are very skilled at spinning, and they don't teach the girls of today much.	Les anciennes (les grand-mères) sont très habiles à filer et elles n'enseignent pas beaucoup les filles d'aujourd'hui.	NOQEX
Nta da! … Kiya! Lita da!	來吧，來！……好！我們走吧！	Come on, come! … All right! Let's go!	Allez, viens ! … D'accord ! Allons y !	NTA
Ana lhlah (plhlah (?)) negul ramil niya ida mu sqaun.	我連解他涼鞋的帶子都不配（＝我感到不自在——尷尬——羞愧）。	I am not worthy (= I am ill at ease - I am embarrassed - I am ashamed) even to untie the strap of his sandals.	Je ne suis pas digne (=je suis mal à l'aise - je suis gêné - j'ai honte) même de délier le lacet de ses sandales.	NUGUL
Jyagi ku mnegul lubuy mu trabus.	幫我把我的花生袋綁（封）起來。	Give me a hand to close (tie) my sack of peanuts.	Donne moi un coup de main pour fermer (lier) mon sac d'arachides.	NUGUL
Usa mnegul kacing da.	去把水牛拴起來。	Go tie up the buffalo.	Va attacher le buffle.	NUGUL
Knriwa bi qowlit sapah mu, kmtabug ku bi ngiyaw.	我家老鼠很多，我很想養一隻貓。	There are a huge number of mice at my place; I really feel like feeding (raising) a cat.	Il y a énormément de souris chez moi, j'ai bien envie de nourrir (d'élever) un chat.	NYAO
Niqan pila mu (il faudrait: niqan ka pila mu!)	我有錢（我的錢存在）。	I have money (my money exists).	J'ai de l'argent (mon argent existe).	NYAQ
Niqan gupun ka laqi su hu? (= Niqan ka gupun laqi su hu?) (vl. Niqan gupun na ka laqi su hu?)	你兒子長牙了嗎？	Does your son have teeth?	Est ce que ton fils a des dents ?	NYAQ
Niqan Jiyax su?	你有空嗎？——你有時間嗎？	Are you free? - Do you have time?	Es tu libre ? - As tu le temps ?	NYAQ
Niqan ngahan na?	他有名嗎（＝他有名氣、出名嗎）？	Does he have a name (= is he known, famous)?	A t il un nom (= est il connu, célèbre) ?	NYAQ
Niqan hangan na?	他有名字嗎（＝人們怎麼稱呼他？）？參見 NYEQ。	Does he have a name (= What is he called?)? See NYEQ.	Est ce qu'il a un nom (= Comment le nomme t on ?) ? VR. NYEQ.	NYAQ
Niq hini ka isu, mha ku pnais niying bunga.	你待在這裡，我只是去拿些地瓜。	You stay here, I'm just going to fetch some sweet potatoes.	Toi reste ici, je vais juste chercher des patates douces.	NYEQ
Mniq su inu?	你住在哪裡？	Where do you live?	Où habites tu ?	NYEQ
Ana su mniq hini bitaq ska hidaw.	你可以（你不妨）待在這裡到中午。	You can (you could) stay here until noon.	Tu peux (tu pourrais) rester ici jusqu'à midi.	NYEQ
Ida mniq kjiyax ka hiya.	那個（那位）會永遠留下——存在。	That (that one) will remain - will exist - always.	Cela (celui là) restera - existera - toujours.	NYEQ
Usa hngali ka isu, ida niqan mu hini paah seuxal (ka yaku)	你走遠一點；這裡是我的地方（我住在這裡）很久了。	You, go a bit further off; here is my place (I live here) since long ago.	Va un peu plus loin, toi ; ici c'est ma place (moi, j'habite ici) depuis longtemps.	NYEQ
Niqan ka laqi su hu.	你兒子還活著嗎？	Is your son alive?	Est ce que ton fils est vivant ?	NYEQ
Niqan laqi su hu.	你有孩子嗎？	Do you have children?	As tu des enfants ?	NYEQ
Malu bi ka niqan ta hini.	我們住在這裡很舒適（很方便——很有用）（＝我們在這裡的居所很方便——有用——舒適……）。	It's pleasant (it's convenient - it's useful) for us to live here (= our dwelling here is very convenient - useful - pleasant.).	C'est agréable (c'est commode - c'est utile) pour nous d'abiter ici (= notre habitat ici est très commode -utile - agréable.).	NYEQ
Ya slhbun! Niqun su pila hici o, ida saku biqun!	別擔心！你以後會有錢，而且你一定不會把它給出去。	Don't worry! You'll have money later and surely you won't give it away.	Ne t'en fais pas ! Tu auras de l'argent plus tard et certainement tu ne le donneras.	NYEQ
Ana knuwan ka yahan su o, ida mu niqun Efunang.	無論你什麼時候來，我都會一直在 Efunang。	Whenever you come, I'll always be at Efunang.	Que tu viennes n'importe quand, je serai toujours à Efunan.	NYEQ
Daya, mkdowras ka nniqan mu seuxal.	就在那上頭，在岩石之間，是我從前居住（從前所在）的地方。	It's up there, among the rocks, that I used to live long ago (where I used to be).	C'est là haut, parmi les rochers que j'habitais autrefois (que je me trouvais autrefois).	NYEQ
Nniqan su gupun ka sida o,	在那個……的時候。	In that time when.	En ce temps là où.	NYEQ
Aji su pniqun hini ka tatat huling Lihang hu?	你不想（你不該）把Lihang的小狗留在這裡嗎？	Don't you want (mustn't you) leave Lihang's puppies here?	Est ce tu ne veux pas (tu ne dois pas) laisser ici les chiots de Lirhang ?	NYEQ
Ida mu pniqun ka pusu qmpahan.	無論如何我都想保留這塊地（田地）。	In any case I want to keep the land (the field).	De toute façon je veux conserver le terrain (le champ).	NYEQ
Kmpniqan mu bi lqlaqi ka sapah su.	你的房子是我樂於讓我的孩子居住的地方。	Your house is the place where I am happy to have my children live.	Ta maison est l'endroit où je suis heureux de faire habiter mes enfants.	NYEQ
Iyax nhari, msa ku.	我叫你馬上過來（我對你說：快來！）！	I'm telling you to come at once (I'm telling you: Come quickly!)!	Je te dis de venir tout de suite (Je te dis : Vien vite !) !	N'XALI
Yaku o, mkla (vl. mkla ku)	至於我，我知道。	As for me, I know.	Pour ce qui me regarde, je sais.	O
Yaku o, tama.	至於我，我是父親。	As for me, I am the father.	Quant à moi, je suis le père.	O
Musa rmigaw o, asi ka pila.	（為了）去散步，需要錢。	(In order) to go for a walk, one needs money.	(Pour) aller se promener, il faut de l'argent.	O
Mtaqi ta o, ini pteuqu seejiq (ini ta pteuqu seejiq)	睡覺時，我們不會冒犯別人。	While sleeping, we do not offend people.	En dormant, nous n'offensons pas les gens.	O
Lmnglung ku muduh bunga uuqun ta keeman kiya.	我想烤些地瓜作為我們今晚的晚餐。	I'm thinking of grilling sweet potatoes for our dinner tonight.	Je pense cuire des patates douces pour notre dîner de ce soir.	ODOX
Tgai cicih (taga cicih)! Ga muduh sayang ka bunga da.	等一下！地瓜馬上就會烤好。（MODOX，以及許多其他同類型的結構（！），實際上非常常用於主動意義（此處：燒烤、烹煮），也可（應該？）用於反身意義：把自己烤、在炭火上把自己煮熟；帶詞綴的詞基 PK'ODOX 是及物的＝使燒烤，或反身：使自己被烤）。	Wait a little! The sweet potatoes will be cooked in a moment. (MODOX, and many other constructions of the same type (!), effectively very much used in an active sense (here: to grill, to cook), can (should?) be used in a reflexive sense: to grill oneself, to cook oneself over the embers; the affixed base PK'ODOX is transitive = to make grill, or reflexive: to have oneself grilled).	Attends un peu ! Les patates douces vont être cuites à l'instant. (MODOX, et beaucoup d'autres constructions du même type (!), effectivement très usitées dans un sens actif (ici : griller, cuire), peuvent (doivent ?) être employées dans un sens réfléchi : Se griller, se cuire à la braise ; la base affixée : PK'ODOX est transitive = Faire griller, ou réfléchie : se faire griller).	ODOX
Ima msa muduh! Ini kuduh ka siyang!	誰說烤好了？肉還沒烤熟呢！	Who said it's grilled? The meat isn't grilled!	Qui a dit que c'est grillé ? Elle n'est pas grillée, la viande !	ODOX
Aji su duhun ka hiyi siyang hu?	你不想烤（難道不是要烤）豬肉嗎？（？）	Don't you want to grill (isn't it to be grilled) the pork? (?)	Est ce que tu ne veux pas griller (est ce qu'elle n'est pas à griller) la viande de cochon ? (?)	ODOX
Mkan su uri.	你也吃嗎？	You eat too?	Tu manges aussi ?	OLE
Isu uri?	你也是嗎？	You too?	Toi aussi ?	OLE
Yaku uri.	我也是。	Me too.	Moi aussi.	OLE
Urung kacing.	水牛角。	Buffalo horn.	Corne de buffle.	OLONG
Qlhangi bi! Mkla bi murung ka kacing dha.	小心提防！他們的水牛會用角頂人！	Be on your guard! Their buffalo is capable of goring with its horns!	Sois sur tes gardes ! Leur buffle est capable de donner des coups de corne !	OLONG
Murung kari.	立誓發誓。	To swear an oath.	Jurer par serment.	OLONG
Saun mu mangal ka laqi.	我想去、我必須去、我一定會去接那孩子。	I want to go, I must go, I will certainly go to fetch the child.	Je veux aller, je dois aller, j'irai certainement prendre l'enfant.	ON
Wada mu phqilun ka Ibuq.	a) 我殺了他，Ibuq（他對我而言是我該殺的那個人）。b) Ibuq成了我必須（想要）殺的那個人。	A) I killed him, Ibuq (he was for me the one I had to kill). B) Ibuq became for me the one I must (want to) kill.	A) Je l'ai tué, Ibuq (il a été pour moi celui que je devais tuer). B) Ibuq est devenu pour moi celui que je dois (veux) tuer.	ON
Ima ka biqun su?	你要給誰？	To whom will you give?	A qui donneras tu ?	ON
Manu ka biqun su?	你要給什麼？	What will you give?	Que donneras tu ?	ON
Knuwan ka biqun su?	你什麼時候要給？	When will you give?	Quand donneras tu ?	ON
Ungat smalu sapah ka sayang.	目前沒有蓋房子這回事（其中：SMALU 是主動動詞形）；這是否是另一個錯誤（！）的形式：Ongat ka smalu sapax ka sayang (?) ＝今天沒有人在蓋房子。	At the moment there is no building of houses (where: SMALU is an active verbal form); is it another form, erroneous (!), of: Ongat ka smalu sapax ka sayang (?) = There is no one who builds houses today.	En ce moment il n'y a pas de construire des maisons (où : SMALU est une forme verbale active) ; est ce une autre forme, erronée (!), de : Ongat ka smalu sapax ka sayang (?) = Il n'y en a pas qui construisent des maisons aujourd'hui.	ONGAT
Wada ungat ka tama mu.	我父親去世了（他變得不存在了）。	My father is dead (he has become non-existent).	Mon père est mort (il est devenu non existant).	ONGAT
Wada ku ungat tama.	我成了孤兒。	I have become an orphan.	Je suis devenu orphelin.	ONGAT
Wada ungat tama mu da.	我失去了父親。	I have lost my father.	J'ai perdu mon père.	ONGAT
Ungat pila mu.	我沒有錢。	I have no money.	Je n'ai pas d'argent.	ONGAT
Ungat pila mu da.	我沒有錢了。	I have no more money.	Je n'ai plus d'argent.	ONGAT
Ungat ka pila mu da.	我把錢弄丟了（被人偷了）。	I have lost my money (it was stolen from me).	J'ai perdu mon argent (on me l'a volé).	ONGAT
Ungat ku pila.	我身無分文。	I am without money.	Je suis sans argent.	ONGAT
Niqan pila su? … Ungat.	你有錢嗎？……我沒有！	Do you have money? … I don't have any!	Tu as de l'argent ? … Je n'en ai pas !	ONGAT
Ini biyaw mkungat kana ka wawaq.	所有的肉很快就消失了！	Very quickly all the meat disappears!	Très vite toute la viande disparaît !	ONGAT
Aji biyaw empkeungat kana ka wawaq.	不久所有的肉都將消失。	Before long all the meat will have disappeared.	Avant peu toute la viande aura disparu.	ONGAT
Mskluwi ku mita knungat uqun su.	我很驚訝看到你多麼缺乏食物！	I'm surprised to see how much you lack food!	Je suis surpris de voir combien tu manques de nourriture !	ONGAT
Manu bi ka yahan su pkungat kana ka pnssli mu paah seuxal.	你是怎麼了，竟來摧毀我從以前累積的一切？	What has got into you to come and annihilate everything I have gathered since long ago?	Qu'est ce qui te prend de venir anéantir tout ce que j'ai ramassé depuis autrefois ?	ONGAT
Nasi su muutux o, na, pkngatun mu kana ka pila su.	如果你耍瘋，那我就把你的錢全毀了。	If you act the fool, then I will destroy all your money.	Si tu fais le fou, alors je détruirai tout ton argent.	ONGAT
Ngalun su manu spkungat su sudu qmpahan?	你用什麼來清除田裡所有的雜草？	What do you use to destroy all the weeds in the fields?	De quoi te sers tu pour détruire toute la mauvaise herbe des champs ?	ONGAT
Paru bi unuh na ka kacing mu.	我的母水牛有很大的乳房。	My buffalo cow has a big teat.	Ma bufflonne a une grosse tétine.	ONOç
Biyuq unuh.	乳房的汁液＝奶。	Juice of the breast = milk.	Jus de sein = lait.	ONOç
Ga msbiyuq ka unuh na.	她的乳房流出奶水。	Her breast lets its milk flow.	Sa mamelle laisse couler son lait.	ONOç
Baka bi nuhan.	該吸奶了。	It's time to take the breast.	Il est temps de prendre le sein.	ONOç
Baga na bi ka nuhan na (ka) laqi mu.	我的孩子吸吮（吸）的是他自己的手。	It's his own hand that my child sucks (nurses on).	C'est sa propre main que suce (tète) mon enfant.	ONOç
Iril? Narat? Ga inu ka nuhun laqi su?	左邊的乳房？還是右邊的？你的孩子喜歡吸哪一邊？（該吸哪一邊？）。	The left breast? The right one? Which is the one your child likes to take? (must take?).	Le sein de gauche ? Celui de droite ? C'est lequel que ton enfant aime prendre ? (doit prendre ?).	ONOç
Mblaiq bi ka nnuhan su seuxal.	當年餵你奶的那位（你吸過她乳房的那位）真有福氣！	She is lucky, the one who nursed you (the one whose breast you took) back in the day!	Elle a de la chance celle qui t'a allaité (celle dont tu as pris le sein) dans le temps !	ONOç
Bsiyaq bi ka ini na pnuhi laqi da.	她已經很久沒有給孩子餵奶了。	It's been a long time since she stopped giving the breast to the child.	Il y a bien longtemps qu'elle ne donne plus le sein à l'enfant.	ONOç
Malu utux.	好運。	Good luck.	Bonne chance.	OTOç
Utux malu.	好的靈。	Good spirit.	Esprit bon.	OTOç
Utux naqih.	惡靈。	Evil spirit.	Esprit mauvais.	OTOç
Naqih utux.	壞運－厄運。	Bad luck - misfortune.	Mauvaise chance - malchance.	OTOç
Utux baga.	脈搏（手的靈！）。	Pulse (spirit of the hand!).	Pouls (esprit de la main !).	OTOç
Utux baraw.	在上的靈。	The Spirit on high.	L'Esprit d'en haut.	OTOç
Utux tnpusu.	本源之靈。	Original Spirit.	Esprit originel.	OTOç
Utux mcinun.	創造之靈（織者）。	Creator Spirit (weaver).	Esprit créateur (tisserand).	OTOç
Mcinun utux.	由靈所造。	Created by the Spirit.	Crée par l'Esprit.	OTOç
Hakaw utux.	彩虹（靈之橋）。	Rainbow (Bridge of the spirit).	Arc-en-ciel (Pont de l'esprit).	OTOç
Ma muway utux!	哎呀！這是靈的恩賜！	Well then! It's a gift of the spirit!	Ça alors ! C'est un don de l'esprit !	OTOç
Ma utux.	喂！不過……你（他）真了不起！	Say! But. You are (he is) amazing!	Dis ! Mais. Tu es (il est) formidable !	OTOç
Muutux kana ka sseejiq! Ini bi dha lnglung ddaun.	這些人全都瘋了！他們不為未來著想！（＝他們毫不在意……）	They are all mad, these people! They don't care about the future! (= they don't care.)	Ils sont tous fous les hommes ! Il ne soucient pas de l'avenir ! (= ils ne se soucient pas …)	OTOç
Ga su peutux knan da! Pusu bi rmqdug ki isu.	你在耍我！你真是個大騙子！	You're pulling my leg! You are a real liar!	Tu es en train de me mystifier ! Tu es un vrai menteur !	OTOç
Mngangah su muda ppeeutux seejiq.	你真是個大傻瓜，竟去讓人把你耍得團團轉！	You are a big fool to go and let people make a fool of you!	Tu es un gros benêt d'aller te faire tourner en bourrique par les gens !	OTOç
Kaway su! Ida su peeutuxun seejiq.	你等著瞧！你一定會被他們騙！	You'll see! You will certainly get taken in by them!	Tu va voir ! Tu vas certainement te faire avoir par eux !	OTOç
Qlhangi aji su bi tjiyal pneutuxan dha.	務必小心提防，別讓自己落入他們的陷阱。	Be well on your guard so as not to let yourself be caught in their traps.	Sois bien sur tes gardes pour ne pas te laisser prendre dans leurs pièges.	OTOç
Uyas ima bi nii?	這首歌到底是誰的？	Whose song is this, then?	De qui est il donc ce chant ?	OYES
Uyas pneelug.	路途之歌。	Traveling song.	Chant de route.	OYES
Uyas mkleelug.	行進中的歌（讚美詩……）。	Song during the march (psalms …).	Chant pendant la marche (psaumes …).	OYES
Balay hu? Ki do (= kiya do), pyasi binaw.	真的嗎？那麼！唱一下吧！	Is it true? Well then! Sing a little!	C'est vrai ? Alors ! Chante un peu !	OYES
Smkuxul ku muyas uyas nkuxul.	我很喜歡唱情歌。	I love to sing love songs.	J'aime beaucoup chanter des chants d'amour.	OYES
Tluung hini ka yamu dmpuyas.	你們這些歌者，來這裡坐。	You singers, come sit here.	Vous les chanteurs, venez vous asseoir ici.	OYES
Nasi su kuxul o, Ppyasun mu lqlaqi keeman kiya.	如果你高興，我今晚會讓孩子們唱歌。	If it pleases you, I'll have the children sing this evening.	Si cela te fait plaisir, je ferai chanter les enfants ce soir.	OYES
Ppyasi ka Mikat hu.	讓Mikat唱唱看，（拜託，）好嗎？	Have Mikat sing, (please,) will you?	Fais voir chanter Micatz, (s'il te plait.) veux tu ?	OYES
Hana bi prajing ka pyasan dha.	他們的歌唱聚會才剛開始。	Their singing session has only just begun.	Leur séance de chant vient à peine de commencer.	OYES
Bsiyaq bi ka pnyasan dha skeeman.	昨晚他們的歌唱聚會持續了很久。	Last night their singing session lasted a long time.	Hier soir leur séance de chant a duré longtemps.	OYES
Ga uyung sapah mu ka qmpahan trabus.	花生田就在房屋後方最近之處。	The peanut field is right there, close behind the house.	Le champ d'arachides se là tout près derrière la maison.	OYONG
Smalu ku.	我建造。	I build.	Je construis.	P
Salu!	建造吧！	Build!	Construis !	P
Psalu (P + SALU) ku.	我叫人建造。	I have (something) built.	Je fais construire.	P
Kmpsalu ku (K + M + P + SALU)	我想要叫人建造（?）。	I wish to have (it) built (?)	Je désire faire faire construire (?)	P
Mapa.	背負／攜帶。	To carry.	Porter.	P
Apa.	背吧！	Carry!	Porte !	P
Papa.	使（自己）被背負。	To have (oneself) carried.	Faire (se faire) porter.	P
Ppaun.	想要讓人背負之物——用以使人背負。	What one wants to have carried - in order to have (it) carried.	Ce qu'on veut faire porter - pour faire porter.	P
Musa ku.	我去。	I go.	Je vais.	PA
Mowsa ku.	我將去（就是了，我要去了）。	I will go (there it is, I'm about to go.)	J'irai (ça y est, je vais aller.)	PA
Powsa ku.	我派遣／寄送。	I send.	J'envoie.	PA
Powsa ku.	我將派遣／寄送。	I will send.	J'enverrai.	PA
Hmaun mu kingal pusu tlahi ka siyaw hmaan pajiq uyung bi sapah mu.	我想在我家旁邊的菜園邊種一棵柚子樹。	I want to plant a pomelo tree at the edge of the vegetable garden right next to my house.	Je veux planter un pied de Pamplemoussier au bord du jardin à légumes tout près de ma maison.	PADYAQ
Mkray bi ka ana manu ppajiq sayang.	如今任何一種蔬菜都非常昂貴。	Vegetables of any kind are very expensive today.	Les légumes de n'importe quelle sorte sont très chers aujourd'hui.	PADYAQ
Uxay sknux, sppajiq nanak ka baga mu.	我的手並不臭，只是有蔬菜味。	My hands don't smell bad — only of vegetables.	Elle ne sentent pas mauvais, mes mains, mais les légumes.	PADYAQ
Empajiq bi ka lukus mu bgurah.	我的新衣服是很漂亮的綠色。	My new garment is a nice green colour.	Mon habit neuf est de souleur bien verte.	PADYAQ
Bubu tama aji uri bubu bubu o, kiya ka ksun ta Payi.	父親的母親或母親的母親，就是我們所稱的 PAI（祖母）。	The father's mother or the mother's mother, that is what we call: PAI (grandmother).	La maman du papa ou la maman de la maman, c'est ce que nous appelons : PAI (grand mère).	PAI
Ana bubu payi ni bubu baki o, ida Payi msa ka kari truku.	而祖父或祖母的母親，在太魯閣語中也稱為 PAI。	And the mother of the grandfather or of the grandmother, in Taroko is also called: PAI.	Et la maman du grand père ou de la gran mère, en taroko se dit aussi : PAI.	PAI
Bubu kuyuh, aji uri o, bubu snaw ta o, ida payi ksun ta.	我們妻子的母親或丈夫的母親，也都稱為 PAI。	Our wife's mother or our husband's mother are also called: PAI.	La maman de notre femme ou celle de notre mari s'appellent aussi : PAI.	PAI
Yamu ppais o, kaway namu!	你們這些敵人，你們等著瞧！（威脅語）。	You enemies, you'll see! (threat).	Vous les ennemis, vous allez voir !(menace).	PAIS
Pais bi truku ka mksaw kiya.	那樣行事的人真的是太魯閣人的敵人。	Those who act like that are truly the enemies of the Taroko.	Ceux qui agissent ainsi sont vraiment les ennemis des taroko.	PAIS
Mkpais bi ka lnglungan niya.	他的心（他的想法）非常懷有惡意＝內心的敵人。	His heart (his thought) is very ill-disposed = Enemy at heart.	Son coeur (sa pensée) est très mal disposé = Ennemi de coeur.	PAIS
Ya bi snhiyi ana kingal kari niya; Kmpais bi tama su ka hiya.	他說的話一個字都別信；他對你父親懷恨在心。	Don't believe a word of what he says; he bears a grudge against your father.	Ne crois pas un mot de ce qu'il dit ; il en veut à ton père.	PAIS
Klaun mu bi! Ga mapais ta ka Tunun.	我確信，Tunun 正在變成我們的敵人。	I'm convinced of it, Tounoun is becoming our enemy.	J'en suis persuadé, Tounoun est en train de devenir notre ennemi.	PAIS
Rngagi bi paisan: Ini ku kngungu, ksa.	認真地對敵人說話；告訴他們：我不害怕。	Speak in earnest to the enemies; tell them: I am not afraid.	Parle pour de bon aux ennemis ; dis leur : Je n'ai pas peur.	PAIS
Snmanu namu bi ka emppais namu da?	你們到底是怎麼了，竟然如此彼此為敵？	What is the matter with you that you are enemies like this?	Qu'est ce que vous avez donc pour être ainsi ennemis ?	PAIS
Ana nkingal bi bubu ka dhiya o, ida pnpais dha kdjiyax.	儘管他們是同一個母親所生，卻總是像貓狗一樣（彼此像敵人般相待。	Although they are sons of the same mother, they are always like cat and dog (they behave like enemies towards one another.	Bien qu'ils soient fils de la même mère, ils sont toujours comme chien et chat (ils se conduisent comme des ennemis l'un pour l'autre.	PAIS
Kla saw kiya ka knpais lnglungan su.	原來你的心竟如此充滿敵意！	So that's how much your heart is hostile!	Voilà donc combien ton coeur est ennemi !	PAIS
Knpaisan dha nanak ka sputuh tunux dha.	正是他們的仇恨使他們失去理智。	It is only their enmity that makes them lose their heads.	Ce n'est que leur inimitié qui leur fait perdre la tête.	PAIS
Ungat ixan! Saw bi smpais ka dhiya.	不必再堅持了！看來他們竭盡所能地與人為敵。	No use insisting! It seems they do everything to be enemies.	Inutile d'insister ! On dirait qu'ils font tout pour être ennemis.	PAIS
Naqih bi quwaq su ka pnkpais rdrudan ta da.	是你那張惡毒的嘴使我們的親人彼此反目。	It's your foul tongue that has set our relatives against one another.	C'est ta sale langue qui a mis nos parents l'un contre l'autre.	PAIS
Huya mu ksun muda hini! Pakaw nanak!	我怎麼能從這裡通過？這裡全是刺！	How can I get through here? It's nothing but thorns!	Comment puis je passer par ici ? Ce ne sont qu'épines !	PAKAO
Ga mkpakaw ka biyi niya.	他的小屋位在荊棘叢中。	His hut is in the middle of the brambles.	Sa cabane se trouve au milieu des ronces.	PAKAO
Aji empkeudus ka kliyut su mkpakaw.	你的桑樹在荊棘叢中活不了。	Your mulberry tree will not survive in the midst of the brambles.	Ton mûrier ne vivra pas au milieu des ronces.	PAKAO
Pdaun su pkpakaw (vl. mkpakaw) ka kacing su?	你想讓你的水牛穿過荊棘叢嗎？	Do you want to drive your buffalo through the middle of the brambles?	Tu veux faire passer ton buffle au milieu des ronces ?	PAKAO
Ga empakux ka pnteetu su btunux.	你豎立的那塊石頭上下顛倒了。	The stone you set up is upside down.	La pierre que tu as dressée est à l'envers.	PAKOX
Ga empakux lnglungan na.	他不知所措——他慌了手腳。	He is bewildered - He is at a loss.	Il est dérouté - Il est désemparé.	PAKOX
Lnglung ku pkpakux lukus mu ni; mruciq bi da.	我想把我的衣服翻過來，它全髒了。	I'm thinking of turning my garment inside out, it's all dirty.	Je pense retourner mon habit, il est tout sale.	PAKOX
Lubyak ka pusu bi mkla tminun pala.	Lubyak 才是織裙的專家。	It's Lubyak who is the specialist in weaving skirts.	C'est Lubyak qui est spécialiste du tissage de jupes.	PALA
Mapala kana ka dqras su.	你的臉色慘白！	Your face is livid (deathly pale)!	Ton visage est livide !	PALA
Hmuya empspala namu kana kngungu.	你們是怎麼了，竟嚇得如此面無血色？	What's happening to you, to be all white with fear like this?	Qu'est ce qui vous arrive d'être ainsi tout blancs de peur ?	PALA
Suyang bi ka palit empswiwil mtqiri pala su.	垂在你裙子四周的流蘇很漂亮。	The fringes that hang all around your skirt are very pretty.	Elles sont très jolies les franges qui pendent tout autour de ta jupe.	PALIT
Mksa ku papak.	我步行。	I go on foot.	Je marche à pieds.	PAPAQ
Lbu bi papak na kika ini na dhqi tmalang.	他的腿太短，所以跑不動。	His legs are too short, that's why he can't manage to run.	Ses jambes sont trop courtes c'est pourquoi il n'arrive pas à courir.	PAPAQ
Spat papak na ka Rpun su da.	你的穀倉有（建在）四支腳上。	Your granary has (is built on) four legs.	Ton grenier a (est construit sur) quatre pieds.	PAPAQ
Paru sapah ka sapah su.	你的房子是一棟大房子。	Your house is a big house.	Ta maison est une grande maison.	PARO
Sapah paru ka sapah su.	你的房子是那棟大的房子。	It's the house that is big that is your house.	C'est la maison qui est grande qui est ta maison.	PARO
Paru tunux.	重要人物——大學者——自負的人。	An important personage - great scholar - pretentious person.	Personnage important - grand savant - prétentieux.	PARO
Karat paru da.	我們正逢大好晴天。	And here we are in the height of fine weather.	Et nous voilà au grand beau temps.	PARO
Aji paru ka ribul su hu.	你的褲子是不是太大了？	Aren't your trousers too big?	Est ce que tes pantalons ne sont pas trop grands ?	PARO
Paru nbuyas.	1) 懷孕的；2) 肥胖的。	1) Who is pregnant; 2) who is obese.	1) Qui est enceinte ; 2) qui est obèse.	PARO
Paru quwaq.	大聲地。	In a loud voice.	A haute voix.	PARO
Dha ta o, ima ka paru.	1) 我們兩人誰比較大（高）？2) 我們兩人誰比較年長？	1) Which of us two is the bigger (taller)? 2) Which of us two is the older.	1) Quel est le plus grand de nous deux ? 2) Quel est le plus âgé de nous deux.	PARO
Paru bi ka ini pndka.	差別很大。	It is very different.	C'est très different.	PARO
Paru bi mnarux na.	他病得很重（危急）。	He is very ill (gravely).	Il est très malade (gravement).	PARO
Paru ka laqi su da, mkparu ka laqi mu uri.	你的兒子已經長大了，我的也在長大。	Your son is already big, mine is growing too.	Ton fils est déjà grand, le mien aussi grandit.	PARO
Kparu hari quwaq namu da!	你們說話大聲一點吧！	Do speak a bit louder!	Parlez donc un peu plus fort !	PARO
Ini kparu ka muhing na!	他的……	His …	Son …	PARO
Mkparu bi brah sseejiq ka laqi su, ini kparu ka naku.	你的兒子被人看重（視為了不起），我的則不然！	Your son is regarded (looked upon as big) by people, mine is not!	Ton fils est considéré (regardé comme grand) par les gens, le mien non !	PARO
Khnu knparu na ka laqi su?	你的兒子有多大（高）？	How big is your son?	Comment est il grand ton fils ?	PARO
Aji hmut ka knpraan sapah su!	你家的大小可不一般！	The size of your house is no ordinary thing!	La grandeur de ta maison n'est pas quelconque !	PARO
Ana ima mkla knpraan (na ka) qmpahan Pilin.	人人都知道 Pilin 田地的範圍（＝人人都知其大小）。	Everyone knows the extent of Pilin's fields (= everyone knows their size).	Chacun sait l'extension des champs de Pilinne (= chacun connait leur taille).	PARO
Saw prparu seejiq o, ida bi ini kla rbuk.	或許大人物不知道辛苦勞作是怎麼回事。	Perhaps great personages do not know what it is to toil.	Peut être que les grands personnages ne savent pas ce que c'est que de trimer.	PARO
Prparu balay ka sapah na.	他的房子非常大。	His house is very big.	Sa maison est très grande.	PARO
Ima bi ka pnkparu saw kngkla su.	究竟是誰使你的學問增長的？	Who then is it that made your knowledge grow?	Qui est donc qui a fait grandir ta science ?	PARO
Ida bi uuqun sayang ka skparu hyhiyi lqlaqi ta da.	無疑是現今的食物使我們孩子的身體（身高）長大。	It is surely today's food that makes our children grow (the body), their height.	C'est sans doute la (les) nourriture de maintenant qui fait grandir (le corps) la taille de nos enfants.	PARO
Ngalun su manu skparu su iyax niya.	你想拿什麼（用什麼）來加大那條縫（兩者之間的空隙）？	What are you thinking of taking (what will you use) to enlarge the gap (the space between the two)?	Que penses tu prendre (de quoi penses tu te servir) pour agrandir la fente (l'espace entre deux) ?	PARO
Sprui cicih ka dpay ni dbaki namu.	你們就尊敬一下你們的祖父母（長輩）吧。	So honor your grandparents (the elders) a little.	Honorez donc un peu vos grands parents (les anciens).	PARO
Smparu bi rdanan na ka laqi mu.	我的孩子非常尊重他的父母。	My child has great consideration for his parents.	Mon enfant a une grande considération pour ses parents.	PARO
Ida na pkrrusun ka saw psparu bi sseejiq.	他必定會驅散那些驕傲的人。	He will surely scatter the people who are proud.	Il dispersera certainement les gens qui sont orgueilleux.	PARO
Empsparu bi ka hiya.	他真把自己當回事！	He really thinks he is somebody!	Il se prend vraiment pour quelqu'un !	PARO
Ya bi psparu ka isu.	你不要驕傲。	Do not be proud.	Ne sois pas orgueilleux.	PARO
Rngagi bi pasi miyah nhari ka hiya.	你跟他說，好讓他快點來。	Speak to him so that he comes quickly.	Parle lui pour qu'il vienne vite.	PASI
Ktutuy ka hiya do, pasi nsaang kana ka qsahur mu.	他一起身，我所有的情緒都翻騰起來（他一起來，我就火大！）。	As soon as he got up, all my feelings rose up in revolt (as soon as he gets up, I become furious!).	Dès qu'il s'est levé, tous mes sentiments se sont révoltés (dès qu'il se lève, je deviens furieux !).	PASI
Wana bi dtayal ka niqan patas na dqras.	只有泰雅人臉上有紋面。	Only the Tayals have tattoos on their faces.	Il n'y a que les Tayals qui ont des tatouages sur la figure.	PATAS
Patas ana inu ka sapah sinpu.	神父家裡到處都是書（到處都是書）。	At the father's (the priest's) place there are books everywhere (there are books all over).	Chez le père (le prêtre) ce sont des livres partout (il y a des livres partout).	PATAS
Pdsi ku patas nhari.	快寫（信）給我。（詞根＝ATAS？）參見 ATAS。	Write to me quickly (a letter). (R. = ATAS?) See ATAS.	Ecris moi vite (une lettre). (R. = ATAS ?) VR. ATAS.	PATAS
Psaun mu nhari ka patas pntasan mu shiga.	我想趕快把昨天寫的信寄出去。	I want to quickly send off the letter I wrote yesterday.	Je veux vite expédier la lettre que j'ai écrite hier.	PATAS
Usa nhari matas.	快去上學（快去寫字）。	Go quickly to school (go quickly to write).	Va vite à l'école (va vite écrire).	PATAS
Niqan ka ptasun mu duri.	我還有別的東西要寫。	I still have other things to write.	J'ai encore d'autres choses à écrire.	PATAS
Laqi matas.	學童——學生——求學者。	Schoolchild - pupil - student.	Écolier - élève - étudiant.	PATAS
Ptasi ka patas su.	寫你的信。	Write your letter.	Ecris ta lettre.	PATAS
Ima ka pnatas patas nii? … Natas tama mu ka nii!	這封信是誰寫的？……這是我父親的筆跡！	Who wrote this letter? … It's my father's writing.	Qui a écrit cette lettre ? … C'est l'écriture de mon père.	PATAS
Mnatas ka hiya o, ini patas hu?	他到底讀了書沒有？	Did he study, or did he not study?	Il a étudié lui ou n'a-t-il pas étudié ?	PATAS
Ini ku saw dmpatas ka yaku; qmpah ku bi baga ka yaku.	我可不像那些舞文弄墨的人（官僚）！我是靠雙手做工的（我是勞力者）。	As for me, I am not like those who write (the bureaucrats)! I work with my hands (I am a manual laborer).	Moi je ne suis pas comme ceux qui écrivent (les bureaucrates) ! Je travaille de mes mains, moi (je suis un travailleur manuel).	PATAS
Sapah ptasan.	學校。	School.	Ecole.	PATAS
Paru ptasan.	高等學校——高等教育（大學）。	Higher school - higher studies (University).	Ecole supérieure - études supérieures (Université).	PATAS
Kmpatas ku bi ni, ungat ka ptasan mu!	我很想寫，但沒有東西可寫（或：但我沒有可用來寫的東西：筆、紙、桌子……也許應該說：Ongat ka spatas mo（？））。	I am quite ready to write but I have nothing to write (var. but I have nothing to write with: pen, paper, table... Which perhaps one should say: Ongat ka spatas mo (?)).	Je suis tout disposé à écrire mais je n'ai rien à écrire (vl. mais je n'ai rien pour écrire : stylo, papier, table...que peut être on devrait écrire : Ongat ka spatas mo (?)).	PATAS
Pntasan ima ka patas nii?	這封信是誰寫的？	Who wrote this letter?	Qui a écrit cette lettre ?	PATAS
Piya hngkawas ka pntasan su alang paru?	你在城裡讀了幾年書？	How many years did you study in the city?	Combien d'années as tu étudié en ville ?	PATAS
Piya hngkawas su ka jiyax pntasan su alang paru sida?	你在城裡讀書時幾歲？	How old were you when you were studying in the city?	Tu avais quel âge quand tu étudiais en ville ?	PATAS
Pptasun su ima ka patas su?	你要讓誰替你寫信？	By whom will you have your letter written?	Par qui feras tu écrire ta lettre ?	PATAS
Hkawas ka pptasun mu laqi mu.	我要明年才讓我的孩子去讀書。	It's next year that I will have my kid study.	C'est l'an prochain que je ferai étudier mon gosse.	PATAS
Mnangal ku lblaq spatas mu ana manu kari.	我拿了紙來寫下所說的一切。	I took some paper to write down everything that was said.	J'ai pris du papier pour écrire tout ce qu'on a dit.	PATAS
Mha ku mskuli sppatas mu laqi.	我要去打工，好（有辦法）讓我兒子讀書。	I'm going to hire myself out to (have the means to) put my son through school.	Je vais m'embaucher pour (avoir le moyen de) faire étudier mon fils.	PATAS
Kmpatas ku bi ka yaku uri.	我也很想讀書呢！	I would really like to study too!	J'aimerais bien étudier moi aussi !	PATAS
Aji kmpaux (mkmpaux) ka pala su?	你的裙子是不是穿反了？	Wouldn't your skirt be on inside out (the wrong way)?	Est ce que ta jupe ne serait pas à l'envers ?	PAUX
Hmut su miyah pkpaux kana ka Lnglungan dha.	你無緣無故來把大家的心思都攪亂（使他們改變立場）。	You come for no reason to turn everyone's minds around (to make them change sides).	Tu viens sans raison retourner tous les esprits (les faire changer de côté).	PAUX
Paah Murisaka bitaq Tyakang (Silin) o, ida bi mha dha iyax tuki ka ksaan ta muda elug.	從 Morisaka 到 Tyakang（Silin），大概要走兩個小時（註：Iyax toke＝一段錶上的時間）。	From Morisaka as far as Tyakang (Silin) it surely takes two hours' walk (n.b. Iyax toke = span of a watch).	De Morisaka jusqu'à Tsiakang (Silin) il faut sans doute deux heures de marche (nb. Iyax toke = espace de montre).	PAX
Pnaah su inu ka sayang.	你這會兒是從哪裡來的（你是從哪裡出發的……）？	Where do you come from right now (where did you set out from.).	D'où viens tu en ce moment (d'où es tu parti.).	PAX
Pnaah su inu ka isu.	你是哪裡人（＝你從哪裡來？）？	Where are you from, (= Where do you come from?).	D'où est tu, (= D'où viens tu ?).	PAX
Pnaah ku mgrbu ida ku qmpah trabus.	我從今早起就一直在弄花生。（註：其實 PNAX 指的是出發點——在空間或時間上遙遠的起源。）	It's since this morning that I keep working on the peanuts. (n.b. In fact, PNAX means a point of departure - an origin far off in space or time).	C'est depuis ce matin que je continue à travailler les arachides. (nb. En fait, PNAX veut dire un point de départ - une origine éloignés dans l'espace ou le temps).	PAX
Npaah djyamu nanak ka kingal.	其中一人出自你們當中＝有一位是你們這群人的。	One of them comes from among you = one is of your group.	L'un vient du milieu de vous = L'un est de votre groupe.	PAX
Snaah ku sapah miyah ku thmuku sunan.	我離開了家（從家裡出發），來向你問安（向你行禮）。	I left the house (I set out from the house) and I come to greet you (to bow to you).	J'ai quitté la maison (je suis parti de la maison) et je viens te saluer (te faire une inclination).	PAX
Snaah su inu ka shiga?	你昨天是從哪裡出發的？	Where did you set out from, yesterday?	Où as tu pris le départ, hier ?	PAX
Snaah na Yurdan (yayung Yurdan) mnusa tadus ka Yisu.	耶穌以約旦（河）為起點出發，去到一處曠野（Tados＝光禿的山頂）。	Setting out from the Jordan (taking the Jordan as his base of departure), Jesus went off into a deserted place (Tados = bare summit of a mountain).	Partant du Jourdain (prenant le Jourdain comme base de départ), Jésus s'en alla dans un endroit désert (Tados = sommet denudé d'une montagne).	PAX
Nasi su kuxul ka lukus nii do, Paah pila su da.	你若真想要這件衣服，就把你的錢拿來（把錢掏出來！）。	If you insist on having this garment, then bring your money (take out your money!).	Si tu tiens à avoir cet habit, alors amène ton argent (sors ton argent !).	PAX
Paah nhari laqi su da.	馬上把你的兒子帶來給我（？）。	Bring me your son at once (?).	Amène moi ton fils tout de suite (?).	PAX
Empaah su inu ka isu?	你呢，你想從哪裡出發？	Where do you think you'll set out from, you?	D'où penses tu partir, toi ?	PAX
Ima namu ka empaah pila.	你們當中誰帶錢來？	Which of you is the one who brings the money?	Quel est celui d'entre vous qui amène l'argent ?	PAX
Mnihur bi ka pahung.	膽汁很苦。	Bile is very bitter.	Le fiel est très amer.	PAXONG
Lbuan pahung.	膽囊。	Gall bladder.	Vésicule biliaire.	PAXONG
Pahung su bi da!	你真是易怒！（或：你變得真的很易怒！）	You are really quick-tempered! (var. You have become really quick-tempered!).	Tu es vraiment coléreux ! (vl. Tu es devenu vraiment coléreux !).	PAXONG
Pahung su bi ka isu ni, ana su spahung o, ini ku bi keisug.	（我知道）你很易怒，但即使你發火（發洩怒氣），我也不怕。	(I know that) you are very quick-tempered, but even if you get angry (if you spit out your bile), I am not afraid.	(Je sais que) tu es très coléreux, mais même si tu te mets en colère (si tu craches ta bile), je n'ai pas peur.	PAXONG
Nasi smpahung ka hiya o, mha ta mngungu kana da.	他若大發雷霆，……	If he flies off the handle, …	S'il sort de ses gonds, …	PAXONG
Mspahung balay ka swayi su.	你弟弟的脾氣非常暴躁。	Your little brother has a very irascible temperament.	Ton petit frère a un caractère très colèreux.	PAXONG
Nhiya bi ka pspahung seejiq (sjiqun)	惹人生氣是他的拿手好戲。	It is his specialty to make people angry.	C'est sa spécialité de faire mettre les gens en colère.	PAXONG
Lmnglung su papa tdruy (Tdruy qrngul) o, Niqan ka paya su hu?	你打算搭火車，你有票嗎？	You are thinking of taking the train, do you have your ticket?	Tu penses prendre le train, est-ce que tu as le billet ?	PAYA
Usa ppaya nhari da.	快去買你的票！	Go quickly and get your ticket!	Allez vite prendre votre billet !	PAYA
Usa nama ppyaan; empsnegul ku kiya ka yaku.	你先去車站準備（提前）；我等一下就跟上。	Go and get ready (in advance) at the station; I will follow shortly.	Va te préparer (en avance) à la gare ; je suivrai tout à l'heure.	PAYA
Saun mu mita ka payay mu da.	我想去看我的稻田。	I want to go and see my (field of) rice.	Je veux aller voir mon (champ de) riz.	PAYAI
Ungat ka phdagan su o, phdagun su inu ka payay su?	既然你沒有曬穀場可以在陽光下曬稻穀，你要在哪裡曬呢？	Since you have no yard for drying your paddy in the sun, where are you going to dry it?	Puisque tu n'as pas d'aire pour sécher ton paddy au soleil, où vas tu le faire sécher ?	PAYAI
Payay dhquy.	一種糯稻。	A kind of glutinous rice.	Espèce de riz gluant.	PAYAI
Mluqih kana ka pdahung quwaq su.	你的嘴唇上滿是瘡。	Your lips are all covered with sores.	Tes lèvres sont toutes couvertes de plaies.	PDAXONG
Ya bi usa meydang muda elug.	別在路上迷路。	Don't get lost on the way.	Ne va pas te perdre en route.	PEIDANG
Laqi mneydang.	私生子。	Illegitimate (natural) child.	Enfant naturel.	PEIDANG
Meydang tunux.	心不在焉。	Absent-minded / distracted.	Distrait.	PEIDANG
Meydang lnglungan.	不知所措－迷惘（比喻）。	At a loss - lost (figuratively).	Désemparé - perdu (figuré).	PEIDANG
Hmut lala ka kari namu! Meydang kana tunux mu da.	你們話那麼多！我的頭都亂成一團了！	You talk so much! My head is getting completely muddled!	Vous parlez tellement ! Ma tête s'embrouille complètement !	PEIDANG
Ya bi prdangi ka pila su.	別弄丟你的錢。	Don't lose your money.	Ne perds pas ton argent.	PEIDANG
Prdangun su na kiya ka Liwis.	Liwis最後會把你弄丟！	Liwis will end up losing you (getting you lost)!	Liwis va finir par t'égarer !	PEIDANG
Ana ini su adas ka mtbuwax su! Ini peysa ka kuray mu na!	不必把你的公豬牽來！我的母豬還沒發情（還不需要公豬）。	There's no need to bring your boar! My sow is not yet in heat (is not asking for the male).	Ce n'est pas nécessaire d'amener ton verrat ! Ma truie n'est pas encore en chaleur (ne demande pas le mâle).	PESA
Ana ququ, mha ku meysa uqun da.	沒關係！我要去乞討（要）食物（來吃）。	Never mind! I will go and beg (ask) for food (to eat).	Cela ne fait rien ! Je vais mendier (demander) de la nourriture (à manger).	PESA
Miyah ku meysa putung su, niqan hu?	我來向你要火柴；你有嗎？	I come to ask you for matches; do you have any?	Je viens te demander des allumettes ; tu en as ?	PESA
Empeysa uqun.	乞食者（乞丐）。	Beggar for food (mendicant).	Mendiant.	PESA
Ga empeysa bi ka mirit mu da.	我的母山羊真的發情了。	My goat is really in heat.	Ma chèvre est vraiment en chaleur.	PESA
Ana manu ka pngsaan mu o, ida wada ku na biqun.	無論我求什麼，他都堅持要答應我（註：…Ida wada ko na byeqan＝…他確實答應了我）。	Whatever I asked for, he insisted (was determined) to grant it to me (n.b. … Ida wada ko na byeqan = … He did in fact grant it to me).	Quoi que j'aie demandé, il a voulu (il a tenu) à me l'accorder (nb. … Ida wada ko na byeqan = … Il me l'a en fait accordé).	PESA
Manu bi ka pngsaan su?	你求了什麼？	What did you ask for?	Qu'est-ce que tu as demandé ?	PESA
Kmpeysa ku bi kingal bukuh.	我很想向（他）要一顆木瓜。	I really feel like asking (him) whether he will give me a papaya.	J'ai bien envie de (lui) demander s'il me donne (qu'il me donne) un papaye.	PESA
Piya namu hiyi.	你們有多少人？	How many people are you?	Combien de personnes êtes vous ?	PIA
Piya hiyi namu (= Piya ka hiyi namu)	你們（一群）算起來有多少人？	How many people do you count (in your group)?	Combien comptez vous de personnes (dans votre groupe) ?	PIA
Ana piya.	無論多少。	No matter how many.	Peu importe combien.	PIA
Piya pusu ka blbul namu.	你們的香蕉有幾株？	How many banana plants do you have?	Vos bananiers sont combien de pieds ?	PIA
Piya ka pusu blbul namu.	你們有幾株香蕉？	How many banana plants do you have?	Combien de pieds de bananiers avez vous ?	PIA
Empiya namu ka sayang?	這一次是第幾次？	This time, which time is it (in sequence)?	Cette fois-ci c'est la quantième (fois) ?	PIA
Mnpiya namu mkan shiga.	你們昨天吃了幾次？	How many times did you eat yesterday?	Combien de fois avez vous mangé hier ?	PIA
Saw kiya do, mapiya namu hiyi da?	那麼，你們會有多少人？	So then, how many people will you be?	Ainsi donc vous allez être combien de personnes ?	PIA
Musa namu hkawas do, empeepiya namu hiyi?	如果（既然）你們明年要去，你們會有多少人？	If (since) you are going next year, how many people will you have?	Si (puisque) vous allez l'an prochain, Vous aurez combien de personnes ?	PIA
Empaamanu piya hiyi?	你們會有多少人？	How many people will you be?	Vous serz combien de personnes ?	PIA
Pnpiya namu?	你們一次有多少人？	How many are you at a time?	Combien êtes vous à la fois ?	PIA
Mkpiya namu hini?	你們要在這裡待幾天？	How many days are you staying here?	Combien de jours restez vous ici ?	PIA
Mnpiya namu hini sida?	那一次，你們在這裡待了幾天？	That time, how many days did you stay here?	Cette fois là, combien de jours êtes vous restés ici ?	PIA
Pida bi sida (siida)	正是那個時候。	Just at that moment.	Juste à ce moment là.	PIDA
Pida bi mnatas ku siida.	正當我讀書的時候（正當我求學那段時間）。	Just at the moment when I was studying (just during the time when I was doing my studies).	Juste au moment où j'étudiais (Juste pendant le temps où je faisais mes études).	PIDA
Wada empika ka hiya.	他一瘸一拐地走了。	He went off limping.	Il est parti en boitant.	PIKA
Empika bi ka tleengan mu.	我的椅子搖晃（不穩）。	My seat is wobbly (unstable).	Mon siège est boiteux (instable).	PIKA
Ungat pila mu da.	我沒錢了。	I have no more money.	Je n'ai plus d'argent.	PILA
Ya piya pila ka kingal lubuy su.	你的一袋多少錢？	How much does one of your sacks cost?	Combien coûte un de tes sacs ?	PILA
Rima pila rima buhug.	五元五角。	Five dollars fifty.	Cinq dollars cinquante.	PILA
Mhdu uqun ppisaw ka masu mu.	我的小米連最後一粒都成了麻雀的食物！	My millet, down to the last grain, is fodder for the sparrows!	Mon millet jusqu'au dernier grain est la pâture des moineaux !	PISAO
Ya ini su kla knux ka isu! Mspitay bi kana ka sapah!	我想你聞不到氣味吧！整間屋子真的很臭！	I suppose you can't smell odors! The whole house really stinks!	Je suppose que tu ne perçois pas les odeurs ! Toute la maison sent vraiment mauvais !	PITAI
Ya uqi ka balung rudux; mspitay da!	別吃這些蛋；都壞了。	Don't eat these eggs; they are rotten.	Ne mange pas ces oeufs ; ils sont avariés.	PITAI
Maxal empitu.	十七。	Seventeen.	Dix-sept.	PITO
Empitu kmxalan empitu.	七十七。	Seventy-seven.	Soixante-dix-sept.	PITO
Empitu kbkuy.	七百。	Seven hundred.	Sept cents.	PITO
Empitu bi sayang da.	這正好是第七次。	This is exactly the seventh time.	Celle-ci est exactement la septième fois.	PITO
Mnempitu ka hiya uri.	他也已經（數到）七次了。	He too has (counted) seven times already.	Lui aussi (compte) déjà sept fois.	PITO
Mnpiya su sapah Watan?	你在瓦旦家住了幾天？	How many days did you spend at Watan's?	Combien de jours as tu passé chez Watan ?	PITO
Mha kmpitu bi.	只剩下七天的時間了。	There are only seven days' time left.	Il ne reste plus que sept jours de temps.	PITO
Asi ta pnempitu spngan ka mha tuku da.	只要我們同意（提供、搬運、領取……）每人七份，就夠了。	Provided that we agree (to supply, to carry, to receive.) seven measures each, that will suffice.	A condition que nous acceptions (de fournir, de porter de recevoir.) sept mesures chacun, cela suffira.	PITO
Uxay isu ka tnlealay! Tgpitu nanak ka isu!	你不是第一，你只是第七！	You are not the first, you are only the seventh!	Tu n'es pas le premier, tu n'es que le septième !	PITO
Gaga kiya ka mnpkdra tmaan mu.	他就在那裡，正是折磨我父親的人（使我父親受苦的人！）。	There he is, the very one who tortured my father (the one who made my father suffer!).	Le voilà bien celui qui a torturé mon père (celui qui a fait souffrir mon père !)	PKD'LA
Ma su pkdraun ka rudan su?	你為什麼讓你的父母受苦？	Why do you make your parents suffer?	Pourquoi fais tu souffrir tes parents ?	PKD'LA
Ma su pkdraun rudan ka isu!	這麼說來你是父母的出氣筒（被父母折磨的人）。	So then you are the whipping-boy of your parents (the one whom the parents make suffer).	Ainsi donc tu es le souffre-douleur de tes parents (celui que les parents font souffrir).	PKD'LA
Ima ka kmpkdra sunan.	是誰以折磨你為樂！	Who is it that takes pleasure in making you suffer!	Qui est ce qui prend plaisir à te faire souffrir !	PKD'LA
Ini ta kla smpug ka ndaan mu ana manu pnkdraan.	我所受的苦難不計其數。	The sufferings I have endured are innumerable.	Elles sont innombrables les souffrances que j'ai subies.	PKD'LA
Naqih ka didensya mu! Saun mu pririh!	我的腳踏車壞了，我想去把它還（給賣給我或借給我的人）。	My bicycle doesn't work, I want to go and return it (to the one who sold or lent it to me).	Ma bicyclette ne marche pas, je veux aller la rendre (à celui qui me l'a vendue, ou prêtée)	PLILYEX
Miyah ku pririh kusa mu.	我來償還我的債。	I come to repay my debts.	Je viens rendre mes dettes.	PLILYEX
Hbaraw bi ka miyah pkusa, ungat hari ka empririh!	來賒帳的人很多，還債的人卻很少！	Many come to take on credit; those who repay are very few!	Ils sont nombreux à venir prendre à crédit, ceux qui remboursent sont bien peu !	PLILYEX
Mha su inu miing pila ppririh su kusa su?	你要去哪裡（你想去哪裡）找錢還你的債？	Where are you going (where do you want to go) to look for money to pay your debts?	Où vas tu (où veux tu aller) chercher de l'argent pour payer tes dettes ?	PLILYEX
Ida mu pririhun kana ka knsyukan mu pila.	我借來的錢，我下定決心要一分不差地全部還清！	The money I have borrowed, I am quite determined to pay it back down to the last penny!	L'argent que j'ai emprunté je suis bien décidé à le rendre jusqu'au dernier sou !	PLILYEX
Priyax hidaw.	日落（時間與地點）。	Sunset (time and place).	Coucher du soleil (temps et lieu).	PLIYAX
Priyax dowras.	掉入懸崖。	To fall into a precipice.	Tomber dans un précipice.	PLIYAX
Ga empriyux lnglungan na ka Tanah.	Tanah正在改變他的心（改正自己－悔改）。	Tanah is changing his heart (correcting himself - converting).	Tanarh est en train de changer son coeur (de se corriger - de se convertir).	PLIYUX
Pryuxun su knuwan ka dnamux sapah puyan su?	你什麼時候要換你廚房的屋頂？	When will you change the roof of your kitchen?	Quand est-ce que tu changeras la toiture de ta cuisine ?	PLIYUX
Pryuxi ta maxal pila su hu?	請幫我把十元找開，好嗎？	Give me change for ten dollars, please.	Fais moi la monnaie de dix dollars, s'il te plait.	PLIYUX
Lmnglung ku kmpriyux lukus yami laqi Tanah (vl. Kmpriyux lukus dha laqi Tanah)	我打算和Tanah的兒子交換衣服。（括號內為此句的另一種說法）	I intend to exchange clothes with Tanah's son. (var. of the sentence given in parentheses)	Je compte faire un échange d'habit avec le fils de Tanarh.	PLIYUX
Paah seuxal bitaq sayang o, paru bi kmpryuxan na alang taan.	從那時到現在，看起來，村子的變化非常大！	From then until now, looking at it, the change in the village is very great!	Depuis alors jusqu'à maintenant, en regardant, le changement du village est très grand !	PLIYUX
Ini ku hari skuxul mita saw kmpryuxan bi gaya ta sbiyaw.	看到我們昔日古老習俗的改變，我並不特別高興。	I am not especially glad to see the change in our old customs of former times.	Je ne me réjouis pas spécialement de voir le changement de nos vieilles coutumes d'autrefois.	PLIYUX
Mnda mrut qaqay mu ka triya tdruy su.	你車子的輪子輾過了我的腳。	The wheel of your car ran over my foot.	La roue de ta voiture est passée sur mon pied.	P'LUT
Luhay bi dmblaiq ka mangal baraw; Emprut bi saw qngqrinut (qqrinut) ka dnduma dha.	有錢人常常驕傲，其中有些人還欺壓窮人。	It is often the case that the rich are proud, and some of them crush the poor.	C'est souvent que les riches sont fiers, et certains d'entre eux écrasent les pauvres.	P'LUT
Babaw tnkuran mu snduray o, naqih bi prtan ka hirang mu.	自從我最近跌倒後，一按我的肩膀就會痛。	Since my fall of late, my shoulder hurts when someone presses on it.	Depuis ma chute de ces temps derniers, mon épaule me fait mal quand on presse dessus.	P'LUT
Ma nshjil bi, msa ku. Kla ka prtan su nanak!	我心想：咦！好重啊！……我不知道原來是你在壓著它！	I was saying to myself: But! It's really heavy!...I didn't know that you were pressing on it!	Je me disais : Mais ! C'est bien lourd !...Je ne savais pas que tu pressais dessus !	P'LUT
Asi bi tprut dxgal kana ka dhiya.	他們全都趴在地上（他們都躺在地上）。	They all flattened themselves on the ground (they lay down on the ground).	Ils se sont tous aplatis au sol (ils se sont couchés au sol).	P'LUT
Rmngaw ka tama do, asi tprut kana ka dhiya da!	爸爸一說話，他們全都變得畏縮起來。	When the father speaks, they all make themselves very small.	Quand le papa parle, ils se font tout petits.	P'LUT
Miyah ku pnais bi tuhuy sunan.	我來稍微拜訪你一下。	I have come to pay you a very short little visit.	Je viens te faire un tout petit bout de visite.	PNAIS
Ma su pnais bi sapah mu!	你只是（匆匆地）路過我家而已！	So you are only just passing by my house (in a hurry)!	Tu ne fais donc que passer chez moi (en courant) !	PNAIS
Ima ka mkla smpug kana pngrah kska karat?	有誰能數盡天上所有的星星呢？	Who can count all the stars that are in the sky?	Qui est-ce qui peut compter toutes les étoiles qui sont dans le ciel ?	PNG'LAX
Mshaya su do (da o), empdahung kana ka pnglux su da.	你要是那樣做，你的額頭會佈滿瘀青（你的額頭會滿是瘀傷）。	If you do that, your forehead will become all covered with bruises (you will have your forehead full of bruises).	Si tu fais comme cela, ton front va tout se couvrir d'ecchymoses (tu vas avoir le front plein d'ecchymoses).	PNG'LUX
Kiya da, pntrilun dha siyaw pnlaq ka asu da.	然後他們把船拉上了岸（使之越過……〔頁末截斷〕。	Then they pulled their boat up onto the shore (to make it pass over … [gloss cut off at page break]	Puis ils ont tiré leur barque sur le rivage(faire passer sur …	PNLAQ
Pngpung dgiyaq.	山的頂峰。	Mountain summit.	Sommet de la montagne.	PNPONG
Mnkala su bi bitaq pngpung gaing baraw hu?	你真的一路爬到了那高高遠遠的山頂嗎？	Did you really climb all the way up to the summit far up there?	Est-ce que tu es vraiment monté jusqu'au sommet très loin tout là-haut ?	PNPONG
Bgihur nanak ka pnkpngpung kana bnaqig nii.	這些沙子上的波紋全都是風造成的。	It is only the wind that produced all these ripples in the sand.	C'est uniquement le vent qui a produit toutes ces ondulations du sable.	PNPONG
Pnapa ku asu pida bi tnpngan na ka gsilung siida.	我正好在海面波濤洶湧的時候搭了船（乘船旅行）。	I took the boat (I traveled by boat) just when the sea was heaved up by the waves.	J'ai pris le bateau (j'ai voyagé par bateau) justement quand la mer était soulevée par les vagues.	PNPONG
Ini Pnsbut.	侮辱－冒犯－毫無顧忌。	To insult - to outrage - without consideration.	Insulter -outrager - sans égards.	PNSBUT
Ini pnsbut pkluqih tmaan.	他毫無顧忌地冒犯自己的父親（？）。	He offends his father without any restraint (?).	Il offense son père sans ménagements (?).	PNSBUT
Mkan ray.	吃喜宴。	To eat the wedding meal.	Manger le repas de noces.	PNTLYAAN
Jiyax pntriyan na siida o, hbaraw bi risaw ni uwa ka mniyah psqaras Mkatan.	在他婚禮的時候，許多男男女女都來為Mikat慶賀。	At the time of his wedding, the boys and girls came in great numbers to celebrate Mikat.	Au moment de ses noces, les garçons et les filles sont venus très nombreux fêter Mikat.	PNTLYAAN
Purug ta kana da.	我們大家一起模仿吧（大家一起重複別人所做、所說的）。	Let us all imitate together (let us all repeat together what someone did, said).	Imitons tous ensemble (répétons tous ensemble (ce que quelqu'un à fait, à dit).	POLO
Ana ini su kla matas o, prgi nanak ka pntasan mu.	即使你不會寫字，你只要照抄（複製、描摹）我親手寫的就好。	Even if you don't know how to write, you only have to copy (reproduce, trace) what I myself have written.	Même si tu ne sais pas écrire, tu n'as qu'à recopier (à reproduire, à décalquer) ce que j'ai moi même écrit.	POLO
Uxay su prgun ka ndaan mu.	你沒有義務要模仿我所做的！	You are not obliged to imitate what I have done!	Tu n'es pas obligé d'imiter ce que j'ai fait !	POLO
Prgi ku ni, kiya da.	模仿我就好，就這樣。	Just imitate me, and that's all.	Imite moi et c'est tout.	POLO
Nasi su empurug rdanan ta sbiyaw do, aji su bi empeydang da!	如果你模仿（效法）我們的祖先，你就不會迷失（走錯路）！	If you imitate (you are an imitator of) our ancestors, you will not be able to go astray (take the wrong path)!	Si tu imites (tu es un imitateur de) nos ancêtres, tu ne pourras pas te perdre (faire fausse route) !	POLO
Ida bi prgan su dha nanak.	他們很可能只是模仿了你而已！	It is quite possible that they did nothing but imitate you!	C'est bien possible qu'ils n'aient fait que t'imiter !	POLO
Malu bi prgan ka ndaan su.	你所做的很容易模仿。	What you have done is easy to imitate.	Ce que tu as fait est facile à imiter.	POLO
Aji prgun su ka knngunguan dha.	他們的懦弱不是你該效法的榜樣。	Their cowardice is not an example for you to follow.	Leur couardise n'est pas un exemple à suivre pour toi.	POLO
Ini ku dhuq mksa da! Empurug kana papak mu!	我再也走不動了！我的腳滿是風濕！	I can no longer walk! My feet are full of rheumatism!	Je n'arrive plus à marcher ! Mes pieds sont pleins de rhumatismes !	POLO
Pungu papak.	腳踝。	Ankle.	Cheville.	PONGO
Pungu bqlit.	膝蓋。	Knee(s).	Genoux.	PONGO
Pungu baga.	手腕－手肘。	Wrist - elbow.	Poignet - coude.	PONGO
Pungu kana ka gasil su ungat brihan da!	你的繩子滿是結，沒法用了！	Your string is all full of knots, it is unusable!	Ta ficelle est toute pleine de noeuds, elle est inutilisable !	PONGO
Empungu kana qsahur mu.	我整顆心都糾結起來（＝我很感動）。	My whole heart ties up in knots (= I am moved).	Tout mon coeur se noue (=je suis ému).	PONGO
Ga empungu kana nuqih niya.	他的麻線全都纏在一起了。	All his hemp has become tangled.	Tout son chanvre s'est emmêlé.	PONGO
Lubuy puti.	粗布袋－麻布袋。	Coarse sack - sack of jute cloth (burlap).	Sac grossier - sac en toile de jute.	POTI
Tai ka dmuuy pucing o, nphuqil paah npucing(?)	動刀的人，必死於刀下。	Whoever makes use of the cutlass will die by the knife.	Qui fait usage du coutelas, mourra par le couteau.	POTING
Niqan putung su hu?	你有火（火柴）嗎？	Do you have a light (fire)?	As tu du feu ?	POTONG
Ini tduwa mutung ka putung su nii; mhuriq da!	你的火柴點不著，都濕了！	One cannot light your matches; they are wet!	On ne peut pas allumer tes allumettes ; elles sont mouillées !	POTONG
Asi ssayang ka isu! Ya han! Emputung ku kiya!	對你來說必須馬上就要！等一下！我馬上就點！	For you it has to be right away! Wait a bit! I will light it in a moment!	Pour toi, il faut que ce soit tout de suite ! Attends un peu ! Je vais allumer dans un moment !	POTONG
Baka bi ptungan da!	該點火了！	It is time to light up.	Il est temps d'allumer.	POTONG
Mputuh baga.	斷手的人（被切斷的手、缺失的手）。	One-handed person (a cut-off hand, a missing hand).	Manchot (main coupée, main qui manque).	POTOX
Ptuhun mu saman ka saw msriyu.	我打算明天把多出來的部分剪短。	I plan to cut (shorten) tomorrow whatever sticks out.	Je compte couper (raccourcir) demain ce qui dépasse.	POTOX
Pqaya bi elug dha ka tasil gaga.	那塊石頭很妨礙人們通行。	That stone there greatly hinders people's passage.	Cette pierre là gêne beaucoup le passage des gens.	PQAYA
Spqaya mu qhuni ngangut ka siyang.	（豬）肉是要（由我）掛在外面的木頭上的。	The (pork) meat is meant to be hung (by me) on a piece of wood outside.	La viande (de porc) est faite pour être suspendue (par moi) sur un bois dehors.	PQAYA
Kana rsrisaw o, Yusi ka mpplaq.	所有年輕人當中，Yusi 最會炒熱氣氛。	Of all the young people it is Yusi who is the best life of the party.	De tous les jeunes gens c'est Yoshi qui est le meilleur boute-en-train.	PP'LAQ
Balay bi ini su peanak ana ima ka isu.	至少你不會因人而異地歧視別人。	You at least do not discriminate between persons.	Toi au moins tu ne fais pas de discrimination de personnes.	PSAANAK
Mnusa ku psakur qmpahan mu mdngu.	我去耕我的旱田（水田以外的田）。	I went to plough my dry field (other than the paddy field).	Je suis allé labourer mon champ sec (autre que la rizière).	PSAQOL
Ini ku hmut psahug seejiq ka yaku.	我不會無緣無故處罰人。	I do not punish someone without reasons.	Je ne punis pas quelqu'un sans raisons.	PSAXO
Wada mu pshgun ka laqi su.	我不得不處罰你兒子。	I was obliged to punish your son.	J'ai été obligé de punir ton fils.	PSAXO
Wada mu pshgan ka laqi su da ni, ini thiyi.	我好好處罰了你兒子，但沒有用！	I punished your son well but it is of no use!	Je l'ai bien puni ton fils mais cela ne sert de rien !	PSAXO
Pnsahug hyaan snduray ka tama niya.	他父親最近處罰了他。	His father punished him recently.	Son père l'a puni dernièrement.	PSAXO
Pnshgan su dha shiga.	他們昨天處罰了你。	They punished you yesterday.	Ils t'ont puni hier.	PSAXO
Pdaun su manu spsahug su dhyaan?	你要怎麼處罰他們？	How will you go about punishing them?	Comment t'y prendras tu pour les punir ?	PSAXO
Yahi nanak psgaaw ka saw nkuxul su nanak.	你自己來挑選（保留）你喜歡的東西。	Come yourself to choose (reserve for yourself) what you like.	Viens toi même choisir (te réserver) ce qui te plait.	PSGAO
Ini hari pskan hiyi ana manu ka dtruku.	太魯閣人其實不太咀嚼任何一種肉。	The Taroko do not really chew any meat whatsoever.	Les taroko ne mâchent pas vraiment une viande quelle qu'elle soit.	PSKAN
Naqih bi pskanan ka hiyi pngusul.	蝸牛非常難咀嚼。	The snail is very difficult to chew.	L'escargot est très difficile à mâcher.	PSKAN
Wada na tpskanun kana ka ana quwaq lungaw.	他連瓶口都細細嚼碎了。	He chewed finely even the neck of the bottle.	Il a mâché menu même le goulot de la bouteille.	PSKAN
Psaun mu pskraya siyaw elug spqita mu ddaun dha saman.	我會沿路放置標記（標樁），好指示他們明天該走的路。	I will place markers (stakes) along the path to show them the road they must follow tomorrow.	Je placerai des signalements (des jalons) le long du chemin pour leur indiquer la route qu'ils devront suivre demain.	PSKLAYA
Miyah su empskraya nkuxul su nanak hu?	你要來告訴我們你喜歡什麼（你的喜好）嗎？	Are you coming to show us what pleases you (your taste)?	Tu viens nous indiquer ce qui te fait plaisir (ton goût) ?	PSKLAYA
Ita galiq su spskryaun mu elug ddaun dha.	把你的破布遞給我，我要用它們來指示他們該走的路。	Pass me your rags, I want to use them to show them the road to follow.	Passe moi tes chiffons je veux m'en servir pour leur indiquer la route à suivre.	PSKLAYA
Prgi nanak pnskryaan dahani kiya da.	你只要跟著他們的標記（他們給的指示）走就行了。	You only have to follow their marking (the indications given), and that's all.	Tu n'as qu'à suivre leur signalement (leurs indications données), et c'est tout.	PSKLAYA
Ana ini ku psru hyaan.	我沒必要處罰他！	It is not necessary for me to give him a correction!	Il n'est pas nécessaire que je lui donne une correction !	PS'LO
Ana ini mu psru ka laqi o, mkla nanak kari.	即使我不處罰兒子（不管教他），他也知道我說的話（或：他也會說話！）。	Even if I do not punish my son (if I do not correct him), he knows what I said (var. he knows how to speak!).	Même si je ne punis pas mon fils (si je ne le corrige pas), il sait ce que j'ai dit (vl. il sait parler !).	PS'LO
Ida msru ku laqi kdjiyax.	我每天都管教我的孩子（我總是糾正他）。	I give my child a correction every day (I always correct him).	Je lui donne une correction tous les jours à mon enfant (je le corrige toujours).	PS'LO
Aji biyaw empsru ku sunan.	我不久就會處罰你！	I will give you a correction before long!	Je te donnerai une correction avant peu !	PS'LO
Ungat ka empsru laqi!	沒有人管教這個孩子（或：沒有人管教孩子們）。	There is no one who corrects this child (var. No one corrects the children).	Il n'y a personne qui corrige cet enfant (vl. Personne ne corrige les enfants).	PS'LO
Aji manu ka naqih kuxul mu! Psruan ku dha sayang!	我如果難過，（別無他因）就是因為他們剛剛揍了我一頓！	If I am sad it is (for no other reason) than the fact that they have just given me a thrashing!	Si je suis triste ce n'est (pour rien d'autre) que le fait qu'ils viennent de me donner une raclée !	PS'LO
Ana ungat empsru sunan ka sayang o, psruun su tama kiya.	就算現在沒人揍你，爸爸晚點也會揍你！	Even if there is no one to thrash you now, papa will do it later!	Même s'il n'y a personne pour te rosser maintenant, papa va le faire plus tard !	PS'LO
Pspdagun misu kingal mirit.	我會送你一隻山羊。	I will give you a goat.	Je te donnerai une chèvre.	PSPADAO
Dha wawa rudux ka pnspdagan dha.	他們送的（禮物）是兩隻小雞。	It is two chicks that they offered (as a gift).	C'est deux poussins qu'ils ont offert (en cadeau).	PSPADAO
Pnskixan su ima musa mapa tasil.	到底是誰逼你去搬石頭的？	Who then forced you to go carry stones?	Qui donc t'a obligé à aller porter des cailloux ?	PSQEXAN
Wada na pskixan dha papa asu.	他們強迫他上船。	They forced him to get into the boat.	Ils l'ont obligé à monter dans le bateau.	PSQEXON
Knteetu bsukan ka Wilang.	Wilang 隨時都在醉。	Wilang is drunk all the time.	Wilang est ivre à tout moment.	PSUKAN
Sbsukan bi seejiq ka knlala kari su.	你話那麼多，把人都說醉了！	The quantity of your words makes people drunk!	La quantité de tes paroles saoule les gens !	PSUKAN
Pnteetu ku djima kana mtqiri qmpahan.	我在田地四周都種了竹子。	I planted bamboos all around the field.	J'ai planté des bambous tout autour du champ.	PT"TO
Pteetu btunux.	豎立一塊石頭（註：此儀式神聖，用以締結兩個部族之間的和平，或「簽訂」契約）。	To set up a stone (n.b. this rite is sacred and serves to seal peace between two clans, or to “sign” a contract).	Dresser une pierre (nb. ce rite est sacré et sert à sceller la paix entre deux clans, ou à « signer » un contrat).	PT"TO
Pteetu bhngil.	在田地的一端放置打結的草（pngoan b'xngil），以表示將在此收割。	To place knotted grasses (pngoan b'xngil) at the edge of a field to indicate that the harvest will be done there.	Placer des herbes nouées (pngoan b'xngil) à l'extrémité d'un champ pour indiquer qu'on va y faire la moisson.	PT"TO
Hana mstuq puwa na ka laqi.	這孩子才剛斷臍帶。（註：用來指出生頭幾天的嬰兒。）	The child has only just broken its umbilical cord. (n.b. Said to designate a child in the first days of its life.).	L'enfant vient à peine de casser son cordon ombilical. (nb. Se dit pour désigner un enfant dans les premiers jours de sa vie.).	PUA
Ga empurah bi kana lukus na.	他所有的衣服都很新（黃色的（？）－像新的（？）－乾淨得發亮（？））。	All his clothes are really new (Yellow (?) - like new (?) - shining with cleanliness (?)).	Tous ses habits sont vraiment neufs (Jaunes (?) - comme neufs (?) - brillants de propreté (?)).	PULAX
Empunu kana ka rudux mu.	我所有的雞都得了霍亂（一種很常見、會定期毀掉整個雞舍的疾病）。	All my hens have cholera (a very frequent disease that regularly wipes out all the poultry yards).	Toutes mes poules ont le choléra (maladie très fréquente et qui détruit régulièrement toutes les basses-cours).	PUNO
Empunu ka huling mu.	我的狗發狂了。	My dog is rabid.	Mon chien est enragé.	PUNO
Saw bi empunu ka laqi mu.	我兒子像瘋了一樣（發狂－好像得了雞的霍亂）。	My son is like a madman (enraged - as if he had the hens' cholera).	Mon fils est comme fou (enragé - comme s'il avait le choléra des poules).	PUNO
Dmuuy puniq.	持槍武裝。	Armed with a rifle.	Armé d'un fusil.	PUNYAQ
Smbu puniq.	開槍射擊。	To fire a rifle.	Tirer du fusil.	PUNYAQ
Empusal nami hiyi.	我們有二十個人。	We are twenty people.	Nous sommes vingt personnes.	PUSAL
Empusal kingal ni empusal dha o, mspatul tru da.	二十一加二十二，就是四十三。	Twenty-one and twenty-two, that makes forty-three.	Vingt et un et vingt-deux, cela fait quarante-trois.	PUSAL
Empusal nami spat hiyi.	我們有二十四個人。	We are twenty-four.	Nous sommes vingt-quatre.	PUSAL
Empusal ku rima hngkawas.	我二十五歲（我是二十五歲的人）。	I am twenty-five years old (I am of twenty-five years).	J'ai vingt-cinq ans (Je suis de vingt-cinq ans).	PUSAL
Empusal ku musa nita wana mu da.	這是我第二次去查看陷阱（我的陷阱）。（MPUSAL 加上一個數字時，總是表示「二十」。）	This is the second time I go to check the traps (my traps). (MPUSAL plus a number always means: twenty.)	Voilà la deuxième fois que je vais visiter les pièges (mes pièges).(MPUSAL plus un chiffre signifie toujours : vingt.)	PUSAL
Mnempusal ku musa sapah niya.	我去過他家二十次。	I went to his house twenty times.	Je suis allé vingt foix chez lui.	PUSAL
Ngalaw ta pnpusal pila da.	我們每人拿二十枚錢幣吧。	Let's each take twenty coins of money.	Prenons vingt pièces d'argent chacun.	PUSAL
Pnpusal bi pusu ka bnkiyan mu.	我的靴子每雙都用了二十尺料。	My boots are each made of twenty feet.	Mes bottes sont faites de vingt pieds chacune.	PUSAL
Pnpusal ku mapa pajiq.	這是我第二次挑菜（或：我又開始挑菜了）。	This is the second time I carry vegetables (var. I am starting to carry vegetables again).	C'est la deuxième fois que je porte des légumes (vl. Je recommence à porter des légumes).	PUSAL
Pusu qhuni.	樹的根部（樹腳）。	The base (the foot) of a tree.	La base (le pied) d'un arbre.	PUSU
Kingal pusu qhuni.	一棵樹。	One tree (a single tree-base).	Un pied d'arbre.	PUSU
Pusu qsiya.	水源。	Spring (water source).	Source.	PUSU
Pusu kari.	話語的深意。（或：說話的緣由－討論的起點－所言之要旨）。	The deep meaning of what is said. (var. The motive of the speech - the starting point of the discussion - the essence of what is said).	Le sens profond de ce qui est dit. (vl. Le motif du parler - le point de départ de la discussion - l'essentiel de ce qui est dit).	PUSU
Pusu slhbnan.	煩惱的根源－憂慮的緣由。	Source of worries - reason for worry.	Source de soucis - raison du souci.	PUSU
Sipaw, kika pusu dha.	Sipaw才是他們的原鄉。	It is Sipaw that is their place of origin.	C'est Sipaw qui est leur lieu d'origine.	PUSU
Pusu pila.	本金（錢財）。	Capital (money).	Capital (argent).	PUSU
Pusu qbling.	十足的騙子。	Consummate liar.	Fieffé menteur.	PUSU
Ungat pusu.	流浪漢－沒有道理（沒有根基）的人。	Vagrant - one who has no sense.	Vagabond - qui n'a pas de sens.	PUSU
Pusu qmpahan.	一塊田。	A field.	Un champ.	PUSU
Aji biyaw mapusu qmpahan ka qahur nii.	不久這片石礫地就會變成可耕的田。	Before long this stony ground will become a cultivable field.	Avant peu cette rocaille va devenir un champ cultivable.	PUSU
Ga smpusu kingal bgurah bi gluban.	他使自己成為一支全新隊伍的核心與推動者。	He makes himself the center, the driving force of a brand-new team.	Il se fait le centre, l'animateur d'une toute nouvelle équipe.	PUSU
Iyax bi tpusu hini da!	那就來這裡定居吧！	Come settle down here then!	Viens donc t'installer ici !	PUSU
Ini tpusu ka hiya.	有權威的不是他！	It is not he who has authority!	Ce n'est pas lui qui a autorité !	PUSU
Tpusu nhari da.	快點定下來！（下定決心！）。	Settle down quickly! (make a firm decision!).	Installe toi vite ! (prends une décision ferme !).	PUSU
Ngalun dha ka Lauken pptpusu hyaan gnluban dha.	他們想推舉Lauken擔任他們社團的負責人。	They want to take Lauken to make him the head of their association.	Ils veulent prendre Laokenne pour en faire le responsable de leur association.	PUSU
Emptpusu ku sunan mkealang nami.	我把你納入我們的部落（讓你成為我們部落的一員）。	I incorporate you into our village (I make you a member of our village).	Je t'intègre à notre village (je te fais membre de notre village).	PUSU
Wada mu psgeegan ka Sibal sptpusu mu sapah ptasan.	我已挑選（保留）Sibal來擔任學校的負責人。	I have chosen (reserved) Sibal to make him the head of the school.	J'ai choisi (j'ai réservé) Sibal pour en faire le responsable de l'école.	PUSU
Ma ini su pha ka huling su?	你為什麼不把你的狗放開？	Why don't you let your dog loose?	Pourquoi ne lâches tu pas ton chien.	PXA
Ana su pha dxgal ka djiyun su.	你可以把你的行李（手上拿的東西）放在地上。	You may set your baggage down on the ground (what you are holding).	Tu peux déposer par terre tes bagages (ce que tu tiens).	PXA
Ini ku kla mhaal tasil ka yaku, mnarux kana hirang mu.	我沒辦法（用扁擔）挑石頭，我的肩膀到處都痛。	I am not able to carry stones (with the shoulder-pole), my shoulders ache all over.	Je ne suis pas capable de porter des pierres (au fléau), mes épaules me font mal partout.	PXAAL
Wada mu phlaan kana yaku nanak ka tasil gaga.	那邊那些石頭全都是我一個人挑的。	All those stones there I carried them all by myself.	Toutes ces pierres là je les ai portées tout seul.	PXAAL
Ungat ka emphaal do, huya mu ksun?	如果沒有人來挑，我該怎麼辦？	If there is no one to carry, what am I to do?	S'il n'y a personne pour porter, que dois-je faire ?	PXAAL
Emphaal ku kiya, ana niya!	我等一下再挑，算了吧！	I will carry them later, never mind!	Je les porterai ensuite, tant pis !	PXAAL
Ana pxal balay, ini ku bi sruwa	即使只有一次，我也絕對不允許！	Even a single time, I absolutely do not permit it!	Même une seule fois, je ne permets absolument pas !	PXAL
Empxal ku bi musa ni kiya da.	我只去一次，就這樣了。	I will go only once and that will be all.	Je ne vais qu'une fois et ce sera tout.	PXAL
Iyax tuhuy sapah mu ppxal.	你不時來我家走走嘛（或：來看看我，來我家拜訪我）。	Do come now and then to visit at my house (var. to visit me, to pay me a visit at home).	Viens donc une fois ou l'autre te promener chez moi (vl. me visiter, me rendre visite chez moi).	PXAL
Ima msa phing da!	誰說要熄滅的！	Who said to put it out!	Qui a dit d'éteindre !	PXENG
Ana qsiya wada emphing sapah mu.	連我家的水都乾了（被切斷了）！	Even the water is dried up (cut off) at my place!	Même l'eau est tarie (coupée) chez moi !	PXENG
Emphing ku tahut ni miyah ku da.	我去把火熄掉就來。	I am going to put out the fire and then I come.	Je vais éteindre le feu et je viens.	PXENG
Ungat phngan na ka pusu qsiya nii.	這處水源取之不竭。	This spring is inexhaustible.	Cette source est intarissable.	PXENG
Baka bi phngan da.	該熄滅了。	It is time to put it out.	Il est temps d'éteindre.	PXENG
Wada mu phngan kana kusa mu da.	我已把所有的債都還清（結清）了。	I have extinguished (paid off) all my debts.	J'ai éteint (payé) toutes mes dettes.	PXENG
Malu bi sknxan ka phpah nii.	這朵花很香（很好聞）。	This flower is very fragrant (very good to smell).	Cette fleur est très parfumée (très bonne à sentir).	PX'PAX
Emphpah kana qhuni ka sayang da.	此刻所有的樹都開花了（盛開）。	At this moment all the trees are in bloom (blossomed).	En ce moment tous les arbres sont en fleurs (fleuris).	PX'PAX
Balay bi qmada su kuyuhan (kuyuh) su?	你真的要拋棄你的妻子嗎？	Is it really true that you are abandoning your wife?	Est-ce bien vrai que tu abandonnes ta femme ?	QADA
Qdaani ka sinaw da!	別再喝酒了！	Stop drinking alcohol!	Cesse de boire de l'alcool !	QADA
Ana qnada dha ka nii o, malu bi uqun.	這東西雖然被（人）丟掉了，卻很好吃。	Even though this has been thrown away (by people), it is very good to eat.	Ceci a beau avoir été jeté (par les gens), c'est très bon à manger.	QADA
Laqi qnada ka Ciwang.	Ciwang是個被遺棄的孩子（或：社會的棄兒）。	Ciwang is an abandoned child (var. a reject of society).	Tchiwang est un enfant abandonné (vl. un rebut de la société).	QADA
Saw bi mqqada ka Umin ni Imin.	Umin和Imin快要（好像要）分開了（看來Umin和Imin要離婚了）。	Umin and Imin are on the verge of (are as if) separating (One would say that Umin and Imin are going to divorce).	Ouminne et Iminne sont sur le point (sont comme si) de se séparer (On dirait que Ouminne et Iminne vont divorcer).	QADA
Saw bi kmqqada snii ka dhiya.	最近看來他們好像要分開了（近來他們就像要離婚一樣）。	It seemed lately that they were going to separate (recently they were as though divorcing).	On aurait dit ces derniers temps qu'ils allaient se séparer (dernièrement ils étaient comme s'ils divorçaient).	QADA
Mkmgeeguy su hu? … Uxay! Sqada dha ka nii!	你是想偷嗎？……不是！這些是人家要丟掉的東西！	Would you have the intention to steal? … No! These are (things) that people want to throw away!	Aurais tu l'intention de voler ? … Non ! Ce sont (des choses) que les gens veulent jeter !	QADA
Saw ku bi sqada dha ka yaku.	至於我，我是被棄置不顧的人（我就像沒人需要的人！）。	As for me, I am one cast aside (I am like someone no one needs!).	Moi, je suis un laissé pour compte (Je suis comme celui dont on n'a pas besoin !).	QADA
Balay bi uxay kguhun ka luqih papak su.	你真的不該去抓腳上的痂！（或：你腳上的瘡、傷口）。	Truly you must not scratch the scabs on your foot! (var. the sores, the wounds on your feet).	Sincèrement il ne te faut pas gratter les croûtes de ton pied ! (vl. les plaies, les blessures de tes pieds).	QAGOX
Mrana mnalaq ka baga na, ya sa kguhan na kdjiyax.	他的手越來越感染了！這也難怪，因為他不停地去抓！	His hand is getting more and more infected! That is understandable since he never stops scratching it!	Sa main s'infecte de plus en plus ! Cela se comprend puisqu'il n'arrête pas de se gratter !	QAGOX
Karang ubal.	毛蟹（?）＝一種螃蟹。	Hairy crab (?) = a variety of crab.	Crabe velu (?) =une variété de crabes.	QALANG
Tru hngkawas na sayang ka laqi mu ni ida mkkarang nksa.	我的孩子現在三歲了，他還像螃蟹一樣爬（＝他用四肢爬行）。	My child is three years old now and he still walks like a crab (= he goes on all fours).	Mon enfant a trois ans maintenant et il marche encore comme un crabe (=il marche à quatre pattes).	QALANG
Kmaraw su sapah su o, malu ka kiya ni, Qsahur su kika balay bi kragun.	你整理你的房子（你打掃你的家），這很好，但你的心，才是真正需要整理（潔淨）的。	You put your house in order (you do the housework in your home), that is good, but your heart, that is what truly needs to be put in order (purified).	Tu mets en ordre ta maison (tu fais le ménage dans ta maison), c'est bien mais, ton coeur, voilà ce qu'il faut vraiment mettre en ordre (purifier).	QALAO
Tayal bi qaras dha!	（看見）他們的喜樂真是太美好了！（或：他們多麼高興啊！）	It is wonderful (to see) their joy (var. How happy they are!).	C'est fantastique (de voir) leur joie (vl. Comme ils sont contents !).	QALAS
Babaw kciyan payay o, ida mqaras kana nita uqun da.	收成之後，大家看見（有）食物都很歡喜。	After the harvest everyone rejoices to see that there is food.	Après la récolte c'est tout le monde qui se réjouit de voir (qu'il y a) de la nourriture.	QALAS
Ima ka ini qaras mita saw nii knduwaan laqi?	看見這麼乖的孩子，誰會不歡喜呢！（這麼聽話、這麼用功）。	Who would not rejoice at seeing children so good! (so obedient, so studious).	Qui est-ce qui ne réjouirait pas en voyant des enfants si bien !(si obeissants, si studieux).	QALAS
Aji hmut ka qrasan namu sayang da.	你們今天的喜樂非比尋常。	Your joy today is not ordinary.	Elle n'est pas ordinaire votre joie aujourd'hui.	QALAS
Qrasan jiyax dha ka sayang.	今天是他們喜樂的日子（他們慶祝的日子）。	Today is their day of joy (their day of celebration).	Aujourd'hui c'est leur jour de joie (leur jour de fête).	QALAS
Qrasun dha balay ka Aput.	他們非常喜愛 Aput。	They love Aput enormously.	Ils aiment énormément Apoutz.	QALAS
Ya bi manu ka pusu qrasun namu da.	那麼，你們喜樂的緣由究竟是什麼呢？	But what then is the reason for your joy?	Mais quelle est donc la raison de votre joie ?	QALAS
Ini su snhiyi ka kari mu do, tai nanak ka qnarasan dha.	你若不信我的話，就自己去看（你只需去看）他們的喜樂。	If you do not believe my words, look for yourself (you have only to look) at their joy.	Si tu ne crois pas à mes paroles, regarde (tu n'as qu'à regarder) leur joie.	QALAS
Mdka bi ka qnaras dha.	他們彼此一樣快樂。	They are just as happy as one another.	Ils sont aussi heureux l'un (les uns) que (les) l'autre.	QALAS
Sqrasan jiyax.	令人喜樂的日子。	A day that brings joy.	Jour qui réjouit.	QALAS
Jiyax sqrasan.	所慶祝的日子（時刻、場合）。	A day (time, occasion) that one celebrates.	Jour (temps, occasion) qu'on fête.	QALAS
Wada paru bi pnsqrasan namu rdrudan ka skeeman.	昨晚你們極美好地款待了長輩（你們的父母）。	Last night you wonderfully feted the elders (your parents).	Hier soir vous avez merveilleusement fêté les anciens (vos parents).	QALAS
Ana knuwan ka yahun su o, ida misu psqrasun.	無論你哪一天想來，我一定要款待你（或：我會很高興接待你）。	Whatever day you wish to come, I absolutely want to fete you (var. I shall be very happy to welcome you).	Quel que soit le jour où tu voudras venir, je veux absolument te fêter (vl. Je serai très heureux de t'accueillir).	QALAS
Malu karat ka snduray o, kika mha malu ka kalat ta uri.	我們剛遇到真正的好天氣，所以鳳梨的收成也會很好。	We have just had really fine weather, so the pineapple harvest will also be very good.	Nous venons d'avoir du vrai beau temps, aussi la récolte d'ananas sera également très bonne.	QALAT
Wana bi kingal tutu kalat ka uqun mu ska hidaw kiya.	待會兒中午我只吃一罐鳳梨。	Later at noon I will eat only one tin of pineapple.	Tout à l'heure à midi je ne mangerai qu'une boîte d'ananas.	QALAT
Tutu kalat ni kalat bi o, kalat bi ka malu uqun.	罐頭鳳梨與新鮮鳳梨，新鮮鳳梨吃起來好多了。	Tinned pineapple and fresh pineapple - fresh pineapple is much better to eat.	Des ananas en boîte et des ananas nature, les ananas nature sont bien meilleures à manger.	QALAT
Mha ku kmari bunga uuqun laqi.	我要去挖地瓜給孩子們吃。	I am going to dig up some sweet potatoes to give the children to eat.	Je vais arracher des patates douces pour donner à manger aux enfants.	QALI
Ini tuku qnrbuq su (ini tuku qnrbuq na), krii cicih duri.	你挖得不夠深（你挖的還不夠深），所以再挖深一點。	You are not deep enough (what you have dug is not deep enough), so dig a little more.	Tu n'es pas assez profond (ce que tu as creusé n'est pas assez profond), creuse donc encore un peu.	QALI
Malu bi krian ka siyaw elug.	沿著路邊挖很容易。	It is easy to dig along the road.	C'est facile de creuser le long de la route.	QALI
Manu bi ka krian su nii?	你在那裡挖什麼？	What are you digging there?	Qu'est-ce que tu creuses là ?	QALI
Knrian ima ka rbuq gaga?	那個洞是誰挖的？	Who dug that hole there?	Qui est-ce qui a creusé ce trou là ?	QALI
Ana yamu nanak hini, mha ku nama pkari sskuan Ibuq ta kiya.	你們在這裡夠強壯，我先去叫人挖一個地方，好待會兒安放我們 Ibuq 的（遺體）（註：SMKU 這詞意為安放、存放、收藏，就像把錢存進銀行、把米放進穀倉、把衣服放進收藏的地方）。	You are strong enough here; I will go ahead and have a place dug in which to lay (the body of) our Ibuq shortly (n.b. this term SMKU means to lay down, to put in reserve, to store, as one deposits money in a bank, rice in the granary, a garment in the place where they are kept).	Vous êtes assez forts ici, je vais devant faire creuser une place pour déposer (le cadavre) de notre Ibuq tout à l'heure (nb. Ce terme : SMKU veut dire déposer, mettre en réserve, ranger, comme on dépose de l'argent en banque, du riz dans le grenier, un habit dans l'endroit où on les range).	QALI
Lmnglung pkari slaq na ka Pirin.	Pirin 打算叫人挖他的水田（＝叫人挖他的地，好開成水田）。	Pirin plans to have his paddy field dug (= to have his land dug in order to make it into a paddy field).	Pilinne compte faire creuser sa rizière (= faire creuser son terrain pour en faire une rizière).	QALI
Mhdu ku qnlit do, siisun mu da.	我一剪完（布），就馬上縫。	As soon as I have finished cutting (the cloth), I will sew straight away.	Dès que j'ai fini de couper (l'étoffe), je coudrai aussitôt.	QALIT
Ya aji isu ka mnqlit lukus mu o?	但願剪壞我衣服的不是你！	I hope it was not you who cut my garment!	J'espère que ce n'est pas toi qui a coupé mon habit !	QALIT
Tai ka meuray (mkray (?)) seejiq o, mqaras bi mkan ana qalu.	飢餓的人很樂意連豬油也吃。	Those who are hungry are glad to eat even lard.	Ceux qui ont faim aiment (sont heureux de) manger même le saindoux.	QALO
Ini tkeangal ka qalux niya.	它的髒污（它的黑）洗不掉。	Its dirt (its blackness) will not come off.	Sa saleté (son noir) ne s'enlève pas.	QALOX
Mqalux hari ka lukus mu; lukus su ka mqalux bi.	我的衣服有點黑（灰、暗、褐）；真正黑的是你的。	My clothes are a little black (grey, dark, brown); it is yours that are truly black.	Mes habits sont un peu noirs (gris, sombres, marron) ; Ce sont les tiens qui sont vraiment noirs.	QALOX
Saw kiya do, ini qalux balay ka lukus su.	這麼說來，你的衣服其實並不黑！	So then your clothes are not really black!	Ainsi donc tes habits ne sont pas vraiment noirs !	QALOX
Mqalux bi lnglungan na.	他有一顆敗壞（漆黑）的心。	He has a depraved (black) heart.	Il a un coeur dépravé (noir).	QALOX
Ini su klai mita qngqalux dowriq niya hu?	你沒察覺（你看不出）他的眼睛有多黑嗎？	Do you not notice (do you not see) how black his eyes are?	Tu ne t'aperçois pas (Tu ne sais pas voir) combien ses yeux sont noirs ?	QALOX
Qmasi ka msngari ppajiq su! Misan do, suyang bi uqun ka qnmasan ta rbagan.	把你多餘的蔬菜拿去醃吧！到了冬天，夏天醃的東西吃起來很美味。	So pickle the surplus of your vegetables! In winter, what one has preserved during the summer is delicious to eat.	Mets donc à macérer le surplus de tes légumes ! En hiver, c'est délicieux à manger ce qu'on a confi pendant l'été.	QAMAS
Malu bi qmasan pajiq ka liwas su.	你的甕很適合用來醃蔬菜。	Your jar is very convenient for preserving vegetables.	Ta jarre est très commode pour confire des légumes.	QAMAS
Miyah ku sunan pqamas mu cicih beyluh mu da.	我來（請你）替我醃一點我的豆子。	I come to (ask you to) pickle a few of my beans for me.	Je viens te (demander de me) faire macérer un peu de mes haricots.	QAMAS
Nasi uxay naqih o, qani nami bqani sunan!	他若不是壞人（有罪），我們就不會把他交給你！	If he were not bad (guilty), we would not have handed him over to you!	S'il n'était pas mauvais (coupable), nous ne te l'aurions pas livré !	QANI
Nasi ku nkla do, qani ku apa!	我早知道的話，就不會背它了！	If I had known, I would not carry it!	Si je savais, je ne le porterais pas !	QANI
Qanug ka spkungat bi uqun.	真正毀壞莊稼的是冰雹。	It is hail that really destroys the harvests.	C'est la grêle qui détruit vraiment les récoltes.	QANU
Paru bi lulung bhgay gaga ka pusu bi sqanug.	產生冰雹的正是那邊那大片白雲。	It is that big white cloud over there that produces the hail.	C'est ce grand nuage blanc là-bas qui produit la grêle.	QANU
Ga mqapah dxgal kana ka lblaq su da.	你所有的紙都散落鋪在地上。	All your papers are thrown on (strewn over) the ground.	Tous tes papiers sont jetés sur (jonchent) le sol.	QAPAX
Qpahan su manu ka mtqiri tqian su?	你要用什麼鋪滿你睡覺的房間（！）四周？	What are you going to line the whole of your bedroom (!) with?	Avec quoi vas tu tapisser le pourtout de ta chambre (!) à coucher ?	QAPAX
Pqpahun su manu ka dxgal sapah su puyan?	你要用什麼鋪蓋你廚房的地面？	What are you going to have the floor of your kitchen covered with?	Avec quoi vas tu faire recouvrir le sol de ta cuisine ?	QAPAX
Ini sqapah ka nuli su.	你的膠水黏不住（不好用）。	Your glue does not stick (is no good).	Ta colle n'adhère pas (n'est pas bonne).	QAPAX
Msqapah bi gupun ka hlama.	糯米糕真的黏牙。	The sticky rice cake really sticks to the teeth.	Le gâteau de riz gluant colle vraiment aux dents.	QAPAX
Msqapah bi papak mu ka laqi nii.	這個孩子真的黏在（人的）腿上。	This child really clings to (one's) legs.	Cet enfant ne colle vraiment aux jambes.	QAPAX
Sai psqapah rhngun sapah su ka lblaq nii.	去把這張紙貼在你家的門上。	Go stick this paper on the door of your house.	Va coller ce papier à la porte de ta maison.	QAPAX
Tqapah balay tunux ka quhing da!	蝨子真的緊附在頭上。	The lice really embed themselves on the head.	Les poux s'incrustent vraiment sur la tête.	QAPAX
Hbaraw bi seejiq mniyah qmapur hyaan snaah ana inu.	他們從四面八方大批前來（許多人……從各方而來）圍住他，。	They came in great numbers from everywhere (many people … Come from all sides) to surround him,	Ils sont venus nombreux de partout (de nombreuses personnes … Venues de tous les côtés) l'entourer,	QAPOL
Mnusa ku qaqay.	我走路去的。	I went on foot.	Je suis allé à pieds.	QAQAI
Mnksa ku qaqay.	我步行（沒有搭乘）。	I went on foot (and did not ride).	J'ai marché à pieds (et non pas monté).	QAQAI
Malu bi kana btriq ni kulaw niya; wana bi qaqay na ka naqih.	他的大腿和小腿都好，只有腳不好。	His thighs and his legs are fine; it is only the feet that are bad.	Ses cuisses et ses jambes sont bonnes ; il n'y a que les pieds qui sont mauvais.	QAQAI
Mkatay kana ka patas mu da.	我所有的書都破損了（＝撕破、散開）。	All my books are in bad shape (= torn, coming apart).	Tous mes livres sont en mauvais état (= déchirés, décousus).	QATAI
Hyaun su ka ribul kiya! Ga nkatay bitaq truma da.	你要那條褲子做什麼！它已經完全破成破布（徹底破爛）了！	What do you want to do with those trousers! They are completely in rags (right through)!	Que veux tu en faire de ces pantalons là ! Ils sont en guenilles complètement (jusqu'au fond) !	QATAI
Mhdu mkeekan dha o, asi bi tkatay kana lklukus dha ni kana qnalang sapah mu uri.	他們爭吵之後，他們所有的衣服都成了破爛，我家的柵欄也全被拆毀了。	After their quarrel, all their clothes were in tatters and the palisade of my house all demolished.	Après leur querelle, tous leurs habits étaient en lambeaux et la palissade de ma maison toute démolie.	QATAI
Uxay thiyaq! Rima qatar ni dhuq su da!	不遠！跨五步你就到了。	It's not far! Five strides and you're there.	Ce n'est pas loin ! Cinq enjambées et tu y es.	QATAL
Aji mu bi dhqun nqatar ka qndrxan gaga.	我一定跨不過那道牆。	I will certainly not manage to step over that wall there.	Je n'arriverai certainement pas à enjamber ce mur là.	QATAL
Balay bi empaqmpahan hici ka qahur nii hu?	這片多石的地真的有一天會變成可耕種的田嗎？	Will this stony ground really become a cultivable field one day?	Est-ce que vraiment ce terrain caillouteux deviendra un jour un champ cultivable ?	QAXOL
Manu ka saan su mhuma trabus mqahur,	你是怎麼想的，竟跑去在一堆石頭上種花生？	What possesses you to go planting peanuts on a heap of stones?	Qu'est-ce qui te prend d'aller planter des arachides sur un tas de cailloux ?	QAXOL
Mntucing qhqahur ka duma ghak niya.	他的一部分種子落在多石的地上。	Part of his seed fell on rocky ground.	Une partie de ses semences est tombée dans un terrain rocailleux.	QAXOL
Saun mu pkhnuk ni gmqahur ka hmaan pajiq.	我想去把菜園（種菜的地方）的土鬆一鬆並清掉石頭。	I want to go loosen the soil and clear the stones from the garden (the place for planting vegetables).	Je veux aller ameublir et épierrer le jardin (l'endroit où planter des légumes).	QAXOL
Qmaya bi ddaan ka tdruy su.	你的車真的擋住了通道。	Your car really blocks the way.	Ta voiture gêne vraiment le passage.	QAYA
Usa da! Ma su pqaya elug dha.	走開！（你為什麼）擋住（別人的）路。	Go away! (Why is it that) you obstruct (other people's) way.	Va-t-en ! (Pourquoi est-ce que) tu obstrues le passage (des autres).	QAYA
Nasi qnaya ka lukus mu o, sai pqaya siyaw rhngun da.	如果你的衣服礙事，就把它掛在門邊吧。	If your garment is in the way, then go and hang it up beside the door.	Si ton habit gêne, va donc le suspendre à côté de la porte.	QAYA
Ngalun su manu ka pnteetu su qhuni? … Spqaya mu lubuy masu da.	你打算把你種的那棵樹（木頭）做什麼用？……它只會用來掛小米袋。	What use do you think you'll make of the wood you planted? … It will (only) serve to hang the millet sack on.	Quel usage penses tu faire du bois que tu as planté ? … Il ne servira à accrocher (à suspendre) le sac de millet.	QAYA
Ya su sprang ptakur pusu qhuni nii spqaya su elug dha.	我猜你是故意砍倒這棵樹來擋住他們的去路吧？	I suppose you are deliberately felling this tree to obstruct their passage?	Je suppose que tu fais exprès d'abattre cet arbre pour faire obstacle à leur passage ?	QAYA
Qdaani bi ka duma qyqaya sapah su.	把你家裡一些東西（那些累贅之物）處理掉吧。	Get rid of some of the objects (of what clutters) in your house.	Débarrasse toi de quelques uns des objets (de ce qui encombre) de ta maison.	QAYA
Ida su pniqun babaw dxgal nii ka ana manu dnuuy su qnqaya (vl...dxgal nii nxal ka ana manu qnqaya dnuuy su)	無論如何，（有一天）你將把你所擁有的一切都留在這片土地上。	In any case (one day) you will leave behind on this earth everything that you possess.	De toute façon (un jour) tu laisseras sur cette terre tout ce que tu possèdes.	QAYA
Ma ini su Qbahang kari?	你為什麼不聽話？（你為什麼不聽別人的話？）	Why do you not obey? (Why do you not listen to what is said?).	Pourquoi n'obeis tu pas ? (Pourquoi n'écoutes tu pas la parole ?).	QBAXANG
Ya aji namu mhrapas? … Aji! Mqbahang nami balay!	我希望你們不是在分心走神！……不！我們正在專心聽。	I hope you are not letting your attention wander! … No! We are listening attentively.	J'espère que vous n'êtes pas en train de vous dissiper ! … Non ! Nous écoutons attentivement.	QBAXANG
Sai pqbahang cicih ka laqi.	那就去讓孩子們稍微聽一聽吧！參見 BAXANG。	Go on then and make the children listen a little! See BAXANG.	Va donc faire un peu écouter les enfants ! VR. BAXANG.	QBAXANG
Ini ku qbling ka yaku.	我不是說謊的人（我才不說謊呢！）。	I am not a liar (I do not lie, me!).	Je ne suis pas menteur (Je ne mens pas, moi !).	QBILING
Mqbling su balay!	你是個十足的騙子。	You are an out-and-out liar.	Tu es un fieffé menteur.	QBILING
Wada mu qblingan ka rudan.	我對我父母說了謊（我編了個故事騙他們）。	I lied to my parents (I told them a tale).	J'ai menti à mes parents (je leur ai raconté une histoire).	QBILING
Ya aji su empqbling knan hu.	我希望你不是想欺騙我（使我陷入謬誤）！	I hope you don't want to deceive me (to put me in the wrong/in error)!	J'espère que tu veux pas me tromper (faire que je sois dans le faux) !	QBILING
Malu bi pqblingun ka rdrudan su.	你的父母很容易被騙。	Your parents are easy to fool.	Tes parents sont faciles à rouler.	QBILING
Ini su qtai ka qbubu mu hu?	你沒看到我的帽子嗎？	Have you not seen my hat?	N'as tu pas vu mon chapeau ?	QBOBO
Hmut mnqbubu (mnkbubu?) mtmay (vl. mqbubu mntmay) sapah mu ka hiya.	他一副滿不在乎的樣子，戴著帽子就進了我家！	Casually he came into my house with his hat on his head!	Avec désinvolture il est rentré chez moi son chapeau sur la tête !	QBOBO
Ini hari pqbubu lqian na ka Akit.	Akit多半不給他的孩子戴帽子。	Most often Akit does not put a hat on his child.	Le plus souvent Akitz ne met pas de chapeau à son enfant.	QBOBO
Tnninun dha duri kingal qbubu paqaw ni pqbuan (na?) haya.	他們又編了一頂荊棘冠冕，戴在他的頭上。	They wove yet another (also a) hat of thorns and put it on his head.	Ils tressèrent encore (aussi) un chapeau d'épines et le lui mirent sur la tête.	QBOBO
Ya qdaani ana inu ka qbulit lumak su!	別到處亂彈你香菸（菸草）的菸灰！	Don't throw the ash of your cigarette (of your tobacco) all over the place!	Ne jette pas partout les cendres de ta cigarette (de ton tabac) !	QBULIT
Malu bi hmaan trabus ka dxgal nii! Ini biyaw mqbulit da!	這裡是種花生的好地方！這土很容易碎散（化為粉塵）。	This is a very good spot for planting peanuts, here! The soil crumbles (turns to dust) very easily.	C'est un très bon endroit pour planter des arachides, ici ! La terre s'effrite (devient poussière) très facilement.	QBULIT
Mnusa tjiyal rbung ka qbhni da.	鳥去自投羅網，被陷阱抓住了。	The bird went and got itself caught in the trap.	L'oiseau est allé se faire prendre au piège.	QBXNI
Qdalan su manu ka babuy su?	你拿什麼餵你的豬？	What do you give your pigs to eat?	Que donnes tu à manger à tes cochons ?	QDALAN
Qdalun su bi manu ka kana dhiya?	你想拿什麼餵他們大家？	What do you want to give them all to eat?	Que veux tu leur donner à manger ?	QDALUN
Qdalun su ima ka nii?	你想用這個餵誰？	Whom do you want to feed with this?	Qui veux tu nourrir avec ceci ?	QDALUN
Ungat hari kjiraw alang taywan ka sayang!	如今台灣的鷹已所剩無幾。	Nowadays there are only a few eagles in Taiwan.	Actuellement il n'y a que peu d'aigles à Taïwan.	QDILAO
Mnalaq ka luqih baga su kika sknarux kana qduan su.	是你手上傷口的感染，使你的腋下疼痛。	It is the infection of the wound on your hand that makes your armpit painful.	C'est l'infection de la plaie de ta main qui rend douloureuse ton aisselle.	QDOAN
Ya bi qduriq! Uxay ku pais da!	你千萬別逃！我不是敵人。	Whatever you do, don't run away! I am not an enemy.	Ne te sauve surtout pas ! Je ne suis pas un ennemi.	QDOLYAQ
Qduriq nhari! Uqun su na (=su na)!	快逃！牠要吃你了（或：牠想吃你）！	Flee quickly! It is going to eat you (var. it wants to eat you)!	Sauve toi vite ! Il va te manger (vl. Il veut te manger) !	QDOLYAQ
Huya mu ksun? Knteetu mqduriq ka hiya!	我能怎麼辦？他動不動就逃走！	What can I do? He runs off at every turn!	Que puis-je faire ? Il se sauve à tout bout de champ !	QDOLYAQ
Mnusa su tliing inu babaw qndriqan su rudan?	你從父母身邊逃走後躲到哪裡去了？	Where did you go to hide after running away from your parents?	Où es tu allé te cacher après t'être enfui de tes parents ?	QDOLYAQ
Mnskluwi kana embahang qndriqan niya.	大家都驚訝地得知他是怎麼逃走的。	Everyone was surprised to learn how he had fled.	Tous furent surpris d'apprendre comment il avait fui.	QDOLYAQ
Usa pqduriq kana ka qbhni! Hmut mkan kana uqun ta!	去把所有的鳥趕走！牠們只會吃我們的糧食（＝我們的穀物）。	Go and chase away all the birds; they do nothing but eat our food (= our grain).	Va chasser tous les oiseaux ; Ils ne font que manger notre nourriture (= nos céréales).	QDOLYAQ
Ana mu si sai mangal o, ida ku na pqdriqun!	就算我想去抓牠，牠一定會把我趕跑！	Even if I wanted to go and take it, it would surely chase me away!	Même si je voulais aller (le) prendre, il me chasserait certainement !	QDOLYAQ
Qeyl! Qeyl! Kiya ka ini su qbahang kari!	活該！活該！這就是不聽話的下場！	Serves you right! Serves you right! That is what comes of not obeying!	C'est bien fait ! C'est bien fait ! Voilà ce que c'est que de ne pas obeir !	QEL
Ga inu ka galiq knrian qbubur na?	裹住他遺體的殮布在哪裡？	Where is the shroud that wrapped his body?	Où est le linceul qui entourait son corps ?	QELI
Mnusa ku pqbahang nkari su kana alang mtqiri.	我到周圍所有的部落去宣布你的命令（或：傳達你所說的話）。	I went to announce your orders (var. to make heard what you had said) in all the surrounding villages.	Je suis allé annoncer tes ordres (vl. Faire entendre ce que tu avais dit) dans tous les villages alentour.	QELI
Qlhangi bi! Tqriyun su na ka pais (vl. tqriyun su pais)	小心！敵人要包圍你了！	Watch out! The enemies are going to encircle you!	Prends garde ! Les ennemis vont t'encercler !	QELI
Qntaan su ka baki ta da? … Ini ku kita (= Ini mu tai)	你看到我們的祖父了嗎？……我沒看（或：我沒看見他）。	Have you seen our grandfather? … I did not look (var. I did not see him).	Tu l'as vu notre grand père ? … Je n'ai pas regardé (vl. Je nel'ai pas vu).	QETA
Kita binaw!	你倒是看一下嘛！	Do take a look!	Regarde donc un peu !	QETA
Qmita ka qmita ku ni, ini mu tai (qtai (?))	我是有看（要說看，我有看），可是我看不到！	I do look (as for looking, I look), but I cannot manage to see!	Je regarde bien (Pour regarder, je regarde) mais, je ne réussis pas à voir !	QETA
Qtai balay ddhuq su empurug knan nxal.	仔細看清楚，好讓你有一天能學會像我一樣。	Look very carefully so that one day you can come to imitate me.	Regarde bien attentivement pour arriver un jour à m'imiter.	QETA
Musa su ka isu? … Qtaun mu! … Manu ka qtaun su? … Kmqmita ku ddaun dha!	你要去嗎？……我再看看！……你想看什麼？……我想看看別人會怎麼做。	Are you going? … I'll see! … What do you want to see? … I feel like seeing what the others will do.	Tu vas, toi ? … Je verrai ! … Qu'est-ce que tu veux voir ? … J'ai envie de voir ce que les autres feront.	QETA
Malu bi qnita na!	他的眼神很好看！（相貌俊美？）	He has a fine gaze! (A fine appearance?).	Il a un beau regard !(Une belle apparence ?).	QETA
Ga mqita Sipaw ka sapah Aput.	阿布茲的家朝向對面的山坡。	Apoutz's house faces the opposite slope.	La maison de Apoutz est tournée vers la pente opposée.	QETA
Hbaraw bi seejiq ka mqita ggrig dha.	觀看他們跳舞的人很多。	The spectators watching their dances are numerous.	Les spectateurs sont nombreux à regarder leurs danses.	QETA
Mnqqita ida paah seuxal ka Mikat ni Ingay.	Mikat和Ingay早就在交往了（早就眉來眼去了（！））。	Mikat and Ingay have been seeing each other (making eyes at each other (!)) for a long time.	Micatz et Ingay se fréquentent (se faisaient de l'oeil (!)) depuis longtemps.	QETA
Mqqita ka spsapah dha.	他們的房子彼此相對。	Their houses face each other.	Leurs maisons se font face.	QETA
Malu bi qtaan ka paah hini.	這裡是個很好的觀景點（瞭望台）。	This is a fine viewpoint (a belvedere).	C'est ici un beau point de vue (un belvédère).	QETA
Malu bi taan ka truma gaing.	那邊最遠處看起來很美（一片美景）。	Way over there in the distance it is beautiful to look at (a fine sight).	Tout là bas au fond c'est beau à voir (un beau spectacle).	QETA
Usa hngali hari! Qmqita ku bi ka yaku uri!	你往旁邊挪一點！我也很想看啊！	Move aside a bit! I'd really like to look too!	Va un peu sur le côté ! J'aimerais bien regarder moi aussi !	QETA
Pqtai ku han ka sniisan su lukus.	讓我看看你縫的（做的）衣服吧。	Do show me the clothes you have sewn (that you have made).	Fais moi donc voir les habits que tu as cousus (que tu as faits).	QETA
Pnqita ku buan kana ka luqih btriq mu.	我把大腿上所有的傷口都給媽媽看了。	I showed mother all the sores on my thigh.	J'ai fait voir à maman toutes les plaies de ma cuisse.	QETA
Ma su pqita, naqih bi!	你又在賣弄了（愛出風頭），你這骯髒的小混蛋！	There you go showing off (making yourself the center of attention), you dirty little rascal!	Voilà que tu fais l'interessant (tu te fais voir), sale petit vaurien !	QETA
Empqita bi ka Akin paah nsaan na paru ptasan.	Akin自從上大學讀書後就很自負（自以為是）。	Akin has been very proud (full of himself) ever since he went to study at the university.	Akinne est très fièr (se croit) depuis qu'il est allé étudier à l'université.	QETA
Balay bi paru tunux ka Rungay hu? … Aji! Empqita nanak!	隆蓋真的很有學問嗎？……才不呢！他只是愛炫耀！	Is it true that Longai is very learned? … No! He is just showing off!	Est-ce vrai que Longai est très instruit ? … Non ! Il se fait voir !	QETA
Pnqtaan ku na kana ka luqih niya.	他把他所有的傷口都給我看了。	He showed me all his sores.	Il m'a montré toutes ses plaies.	QETA
Wada na pblangun (pkblangun (?)) ka kana baga na spqita na buan.	他把整條手臂露出來給母親看。	He bared his whole arm to show it to his mother.	Il a dénudé tout son bras pour le faire voir à sa mère.	QETA
Ida bi empealix su! Ini su hari tqita sapah nami da.	你大概在跟我們鬧彆扭吧！你幾乎都不到我們家露面了！	You're probably sulking with us! You hardly ever show yourself at our place anymore!	Probablement que tu nous boudes ! Tu ne te fais plus guère voir chez nous !	QETA
Paah tnqtaan su shkawas o, wana bi sayang ka yahan su tqita duri.	自從你去年出現之後，這是你如今第一次讓人見到你！	Since your appearance last year, this is the first time now that you let yourself be seen!	Depuis ton apparition de l'an passé, c'est la première fois maintenant que tu te laisses voir !	QETA
Knriwa bi qowlit sapah mu.	我家鬧鼠患（老鼠多得不得了）。	At my place there is an invasion of (a huge number of) mice (rats).	Chez moi il y a une invasion de (énormément de) souris (de rats).	QEULIT
Balay bi sqowlit ka sapah mu!	真的！我家有一股老鼠味！	It's true! At my place it smells of mice!	C'est vrai ! Chez moi cela sent la souris !	QEULIT
Mha ku pbeytaq qumi sapah msapuh.	我要去醫生那裡打針（讓針扎我）。	I am going to the doctor's to get an injection (to be pricked with a needle).	Je vais chez le docteur me faire faire une piqûre (me faire piquer d'une aiguille).	QEUMI
Niqan qumi su? Kmsais ku bi kingal butang.	你有針嗎？我想縫一顆鈕扣。	Would you have a needle? I'd like to sew on a button.	Aurais tu une aiguille ? J'aimerais bien coudre un bouton.	QEUMI
Mshiya balay ka qihung su!	你的菇非常美味！	Your mushrooms are very tasty!	Tes champignons sont très savoureux !	QEXONG
Ini qiyut ka huling mu.	我的狗不咬人。	My dog does not bite.	Mon chien ne mord pas.	QEYUT
Luhay bi laqi mu ka qmiyut tunux unuh.	我的孩子習慣咬我的乳頭。	My kid has the habit of biting the nipple of my breast.	Mon gosse a l'habitude de mordre le mamelon de mon sein.	QEYUT
Ya usa sdalih huling dha, qyutun su na baga kiya, kaway binaw!	別靠近他們的狗，牠會咬你的手，你等著瞧！	Don't go near their dog, it will bite your hand, you'll see!	Ne t'approche pas de leur chien, il va te mordre la main, tu vas voir !	QEYUT
Paru bi qnyutan huling ka nii!	這是很大的一個狗咬傷！	This is a big dog bite!	Ceci est une grosse morsure de chien !	QEYUT
Manu ka saun su pqiyut baga su!	你幹嘛去（有什麼必要去）讓手被咬？	Why did you go (what business had you) getting your hand bitten?	Pourquoi es tu allé (qu'avais tu à aller) te faire mordre la main ?	QEYUT
Mnda ku mkraaw muda yayung.	我下水（步行（？）、游泳（？））去渡過激流。	I went into the water (wading (?), swimming (?)) to cross the torrent.	Je suis allé dans l'eau (en marchant (?), en nageant (?)) pour traverser le torrent.	QLAAO
Klabi dowriq.	眼瞼。	Eyelids.	Paupières.	QLABWI
Mqraq kana hiyi mu.	我全身發癢。	My whole body itches.	Tout mon corps me démange.	QLAQ
Mnda hini ka paru bgihur ni mqraq kana ka spsapah nami da.	一場強風（颱風）從這裡經過，我們所有的房子都受損了。	A great wind (typhoon) passed through here and all our houses are damaged.	Un grand vent (typhon) est passé par ici et toutes nos maisons sont détériorées.	QLAQ
Laqi ku seuxal o, paru bi ndaan mu mqraqil.	我小時候受盡了各種苦頭（經歷過極大的痛苦與艱難）！	In my childhood I went through all sorts of hardships (I endured great sufferings, difficulties)!	Dans mon enfance, j'en ai vu de toutes les couleurs (j'ai passé par de grandes souffrances, difficultés) !	QLAQEL
Babaw bgihur o, mhdu mqraqil kana ka pusu blbul.	颱風過後，所有的香蕉樹都完全毀壞了。	After the typhoon all the banana plants are completely destroyed.	Après le typhon tous le bananiers sont détruits complètement.	QLAQEL
Mnda ku paru bi qrqilan ka yaku uri.	我也經歷過極大的磨難（艱難、痛苦）。	I too have been through great ordeals (difficulties, sufferings).	Moi aussi je suis passé par de grandes épreuves (difficultés, souffrances).	QLAQEL
Naqih bi ka sprang empqraqil ana qbhni ni ana manu.	故意折磨鳥或任何東西是很壞的（是不對的）！	It is wicked (it is bad) to deliberately make birds or anything else suffer!	C'est méchant (c'est mal) de faire souffrir volontairement des oiseaux ou n'importe quoi !	QLAQEL
Ida mu psaun ka laqi muda cicih pqraqil sapah dha.	我一定要把我的孩子送到別人家去磨練一下（吃點苦頭）！	I absolutely want to send my kid to be toughened up a bit (to be made to suffer) at other people's homes!	Je veux absolument envoyer mon gosse se faire un peu dresser (se faire souffrir) chez les autres !	QLAQEL
Suqi qling bi ka baga na.	他的手臂極為（過於）纖細。	His arms are extremely (too) thin.	Ses bras sont extrèmement (trop) fins.	Q'LING
Kingal pusu djima o, qling bi ka dudux niya ni qthur bi ka pusu na.	竹子的頂端細，根部粗。	A bamboo is thin at the top and thick at its base.	Un bambou est fin à la cime et gros à sa base.	Q'LING
Ima ka empdhuq musa bitaq mrmux …				Q'LING
Tqring gaing truma dxgal.	誰能夠一路鑽到最遠的盡頭、直達大地深處呢？	Who could ever manage to penetrate all the way to the very end, far down at the bottom of the earth?	Qui est-ce qui peut arriver à pénétrer jusqu'à l'extrémité tout là-bas au fond de la terre ?	Q'LING
Dqrinut.	窮人階級、窮人們。	The class of the poor, the poor.	La classe des pauvres, les pauvres.	QLINUT
Qqrinut.	1) 窮人（複數）；2) 非常貧窮。	1) The poor (plural); 2) Very poor.	1) Les pauvres (pluriel) ; 2) Très pauvre.	QLINUT
Mqrinut ku ka yaku, ini su qqrinut ka isu.	我很窮，而你並不窮！	I am poor, and you are not!	Je suis pauvre, moi, et tu ne l'es pas !	QLINUT
Ini su klai mita qngqrinut laqi su hu?	你難道看不出你的孩子有多窮嗎？	Can't you manage to see how poor your child is?	Tu n'arrives pas à voir combien ton enfant est pauvre ?	QLINUT
Aji su empdhuq pstutuy knqrinutan mu.	你無法使我脫離我的貧窮。	You cannot manage to lift me out of my poverty.	Tu ne peux pas arriver à me relever de ma pauvreté.	QLINUT
Mrana mrana ka snqrinutan alang ta truku.	在我們太魯閣地區，變窮的人越來越多。	In our Taroko regions, those who are becoming poor are more and more numerous.	Dans nos régions taroko, ils sont de plus en plus nombreux ceux qui s'appauvrissent.	QLINUT
Niqan duma ka empsparu ni hmut empsqrinut mnswayi	有些人自高自大，任意地使弟兄們受苦！	There are those who become arrogant and make their brothers suffer with careless indifference!	Il y en a qui s'enorgueillissent et font souffrir des frères avec désinvolture !	QLINUT
Paru ku bi pnsqrinutan ku dha seuxal.	我從前受過別人非常惡劣的虐待（欺凌）。	In the past I went through the very harsh mistreatment (vexations) of others.	Je suis passé autrefois par les très mauvais traitements (vexations) des autres.	QLINUT
Empajiq bi ka karat sayang.	天空一片碧綠（而且藍得燦爛！）。	The sky is all green (and it is splendidly blue!).	Le ciel est tout vert (et il est splendidement bleu !).	QLIYANG
Kmhuma ku bi kliyut stabug mu kuwi hici.	我很想種桑樹，以後可用來養蠶。	I feel like planting mulberry trees that will later serve me to raise silkworms.	J'ai envie de planter des mûriers qui me serviront à élever des vers à soie plus tard.	QLIYUT
Pusu qlupas.	一棵桃樹。	A peach tree.	Un pêcher.	QLOPAS
Ana ini khada ka qlupas o, kuxul bi mkan truku.	即使桃子還沒成熟，太魯閣人也很愛吃。	Even when the peaches are not ripe, the Taroko like to eat them.	Même quand les pêches ne sont pas mûres, les taroko les aiment bien (manger).	QLOPAS
Tayal knshiya ka qlupas su.	你的桃子多麼香甜可口！	How succulent your peaches are!	Comme tes pêches sont succulentes !	QLOPAS
Ini ekan ka qrut mu, ini su adas ka nisu hu?	我的鋸子鋸不動了；你難道沒帶你的來嗎？	My saw no longer cuts; wouldn't you have brought yours?	Ma scie ne coupe plus ; N'aurais tu pas apporté la tienne ?	Q'LöT
Krci ka dudux niya ni pniqi ka pusu da.	把它的樹梢鋸掉，留下樹樁！	Cut (saw) off its top and leave the stump!	Coupe (scie) sa cime et laisse la souche !	Q'LöT
Aji su krtun ka qcinuh?	你不鋸這塊木板嗎？	Aren't you going to saw the plank?	Tu ne scies pas la planche ?	Q'LöT
Ana tru bi krtan mha tuku da.	即使只有三道鋸痕也就夠了。	Even just three saw lines will be enough.	Même trois fils de scie seulement suffiront.	Q'LöT
Ga truma krtan kana ka quci qrut da.	所有的鋸屑都正落在鋸痕的正下方。	All the sawdust is right below the saw line.	Toute la sciure est juste en dessous du fil de scie.	Q'LöT
Tqnay ta musa pkrut radax nangal mu yayung snduray.	跟我一起去（我們一起去）把我最近從溪裡撿到的原木請人鋸開。	Come with me (let us go together) to have sawn the log that I recently took from the torrent.	Viens avec moi (allons ensemble) faire scier la grume que j'ai prise dernièrement dans le torrent.	Q'LöT
Hmut ptputuh hari ka hakaw da; Musa matas ka laqi o, ida muda mkraaw yayung da!	橋樑或多或少都損壞了；孩子們要上學，只能涉水過溪！	The bridges are in more or less poor condition; to go to school, the children have to cross the torrent through the water.	Les ponts sont en plus ou moins bon état ; Pour aller à l'école, les enfants doivent passer le torrent dans l'eau.	QL'XAO
Ini ku qmi ana bilaq, skeeman.	昨晚我完全沒有闔眼。	Last night I did not close my eyes at all.	La nuit dernière je n'ai pas du tout fermé l'oeil.	Q'MI
Huya su ksun mqmi dowriq smpug patas?	你怎麼能閉著眼睛讀書？	How do you manage to read with your eyes closed?	Comment fais tu pour lire les yeux fermés ?	Q'MI
Ana ta paru quwaq o, ida tnqmi ini kla jiyax ka hiya.	無論我們如何大聲說話（大嗓門），他仍然不為所動地閉著眼睛。	No matter how loudly we speak (big mouth), he remains imperturbably with his eyes closed.	Nous avons beau parler fort (grande bouche), il reste imperturbablement les yeux fermés.	Q'MI
Qnumi bi miing.	非常專注地尋找。	To search very attentively.	Chercher très attentivement.	Q'MI
Mqmuq rmngaw.	說話困難－結巴。	To speak with difficulty - to mumble.	Parler avec difficulté - bredouiller.	QMOQ
Paru bi ndaan mu qneuqu.	我犯了嚴重的錯＝我的罪（過錯）很嚴重。	I have made a serious mistake = My sin (my fault) is grave.	Je me suis lourdement trompé = Mon péché (ma faute) est grave.	QNOQO
Ndaan mu paru bi qneuqu.	我嚴重地犯了錯＝我犯了嚴重的過失。（註：無論如何，對太魯閣人而言，錯誤與過失並不涉及道德層面，或者說，它們同樣帶有罪責。）	I have gravely erred = I have committed a serious fault. (n.b. In any case, for the Taroko, error and fault carry no reference to a moral dimension, or rather they also entail guilt.)	Je me suis gravement trompé = J'ai commis une faute grave.(nb. De toute façon, pour les taroko, erreur et faute ne comportent pas de référence à une dimension morale ou, plutôt elles entraînent également la culpabilité).	QNOQO
Paru bi ka ndaan mu qneuqu, kiya ka kiya ni, ida mqneuqu kana.	我犯了大錯，這是真的，但人人都會犯錯。	I have committed a big fault, that's true, but everyone makes mistakes.	J'ai commis une grosse faute, c'est vrai, mais tout le monde se trompe.	QNOQO
Ana hangan mu nanak, ida mqneuqu ku matas.	即使是我自己的名字，我寫的時候還是會寫錯。	Even when it is my own name, I still make mistakes writing it.	Même s'il s'agit de mon propre nom, je me trompe encore en l'écrivant.	QNOQO
Paru bi qnquan ka kiya!	那是嚴重的過錯！	That is a serious fault!	Cela c'est une faute grave !	QNOQO
Quwaq lungaw.	瓶口。	The neck of a bottle.	Goulot d'une bouteille.	QOAQ
Quwaq lubuy.	袋口。	The opening of a sack.	L'ouverture d'un sac.	QOAQ
Naqih quwaq dha.	他們的惡口（＝說壞話－毀謗－別人說出的惡毒話語）。	Their evil mouth (= to say malicious things - slander - the malicious things said (by others).	Leur mauvaise bouche (= Dire des méchancetés - la calomnie - les méchancetés dites (par les autres).	QOAQ
Paru quwaq.	大聲地。	In a loud voice.	A haute voix.	QOAQ
Bilaq hari quwaq namu!	你們說話小聲一點！	Speak a little less loudly!	Parlez un peu moins fort !	QOAQ
Tayal quwaq namu!	你們話真多！（或：你們說話真大聲！）	How much you talk! (var. How loudly you speak!)	Comme vous en dites (beaucoup) des paroles ! (vl. Comme vous parlez fort !)	QOAQ
Malu bi quwaq na.	他很會說話（或：他說好話）。	He speaks easily (var. He says good words).	Il parle facilement (vl. Il dit de bonnes paroles)	QOAQ
Ya ima bi ka tnkari … Nquwaq su bi nanak!	是誰說的？……那是出自你自己的口。	Who is it that said it? … That comes from your own mouth.	Qui est-ce qui l'a dit ? … Cela vient de ta propre bouche.	QOAQ
Nquwaq bi tama mu ka kari mu sayang.	我現在所說的正是我父親自己的話。	What I am saying now are my father's own words.	Ce que je dis maintenant ce sont les propres paroles de mon père.	QOAQ
Niqan kari na ka drudan; ya ta squwaq ka ita laqi.	長輩們有話要說（有位長輩要說話），我們年輕人就別出聲吧！	The elders have (one of the elders has) something to say; we the younger ones, let us keep quiet!	Les anciens ont (l'un des anciens a) quelque chose à dire, nous les moins âgés, taisons nous !	QOAQ
Ana ini su squwaq ka isu.	你可以不說話（或：你不必說話）。	You may keep quiet (var. You are not obliged to speak).	Toi tu peux te taire, (vl. Toi, tu n'es pas obligé de parler).	QOAQ
Ana sapah ptasan o, ida msquwaq balay ka laqi su.	即使在學校，你的孩子也非常多話。	Even at school, your child is very talkative.	Même à l'école, ton enfant est très bavard.	QOAQ
Lpi do, sqmaun na ini ptqudak tahut da.	穀殼（穗上不含穀粒的部分），他要在不滅的火中把它燒掉。	The chaff (the part of the ear that contains no grain) he will burn in a fire that will not be extinguished.	La balle (la partie de l'épi qui ne contient pas de grain) Il la fera brûler dans un feu qui ne sera pas éteint.	QODAP
Quri inu ka niqan brigan pajiq?	賣菜的店在哪裡（在哪一邊）？	Where is (on which side is) the vegetable shop?	Où est-ce qu'il-y-a (de quel côté est-il) le magasin de légumes ?	QOLE
Quri nkari su o, balay bi ini ku kla!	至於你所說的，我真的一無所知！	As for what you said, I really know nothing about it!	Pour ce qui est de ce que tu as dit, vraiment je n'en sais rien !	QOLE
Quri gaing bi ka sapah na.	他住在遠遠的那一頭。	He lives way over there in the distance.	Il habite tout là-bas au loin.	QOLE
Mquri su inu?	你要去哪裡？（你朝哪個方向走？）	Where are you going? (In which direction are you headed.)	Où vas tu ? (Tu est dirigé dans quelle direction).	QOLE
Ga mquri sunan ka sapah na.	他的家在你那一帶（或：朝向你那邊）。	His house is in your sector (var. is turned toward you).	Sa maison est dans ton secteur (vl. est tournée vers toi).	QOLE
Ga mquri hraan hidaw ka ayug.	溪流在東邊（太陽升起的那一側）。	The stream is on the eastern side (where the sun sprouts).	Le ruisseau est du côté de l'Est (où le soleil germe).	QOLE
Mqquri inu ka hmaun su kliyut.	你想在哪個角落種桑樹？	In which corner do you want to plant your mulberry trees?	C'est dans quel coin que tu veux planter tes mûriers ?	QOLE
Mqquri inu ka tnkuran su?	你跌倒（摔跤）的地方在哪裡？	Where is the place where you fell (where you had a fall)?	Où se trouve-t-il l'endroit où tu es tombé (où tu as fait une chute).	QOLE
Pqriun su inu ka rhngun sapah su?	你家的門，你要把它朝哪個方向轉？	In which direction will you turn it, the door of your house?	Tu la tourneras dans quelle direction, la porte de ta maison ?	QOLE
Pquri iril binaw! Ida bi mha malu hari taan!	你轉向左邊看看，也許會更好看。	Turn to the left to see; perhaps it will be nicer (to look at).	Tourne toi vers la gauche pour voir, peut être ce sera plus beau (à voir).	QOLE
Mnlatat ka hiya spquri na dhyaan ka dowriq na.	他出去，好把目光轉向他們。	He went out so as to be able to turn his gaze toward them.	Il sortit pour pouvoir tourner vers eux son regard.	QOLE
Empquri lqlqian ka qsahur na.	他的心將轉向孩子們。	His heart will be turned (will turn) toward the children.	Son coeur sera tourné (se tournera) vers les enfants.	QOLE
Suqi mqurug ka tasil gaga, ungat jiyun da!	這塊石頭太圓了，沒有用處（無法使用）。（或：沒有地方可以握住它。）	This stone is too rounded, it has no use (it is unusable). (var. There is no grip to hold it.)	Cette pierre est trop arrondie, elle n'a pas d'emploi (elle est inutilisable).(vl. Il n'y a pas de prise pour la tenir)	QOLO
Ana ququ.	沒關係－算了－無所謂。	It doesn't matter - never mind - it is of no importance.	Cela ne fait rien - tant pis - c'est sans importance.	QOQO
Tai miyah ini iyax o, ana ququ.	他來不來都沒關係。	Whether he comes or not, it doesn't matter.	Qu'il vienne ou ne vienne pas, cela ne fait rien.	QOQO
Ana ququ ini su ekan.	你不吃也無所謂（或：你不一定要吃）。	It doesn't matter if you don't eat (var. you are not obliged to eat).	Aucune importance si tu ne manges pas (vl. tu n'es pas obligé de manger).	QOQO
Ana namu ququ msangay mtaqi da!	現在你們想睡覺休息就可以了。	Now you can sleep and rest if you wish.	Maintenant vous pouvez dormir et vous reposer si vous voulez.	QOQO
Pusu qhuni.	1) 一棵樹；2) 一片林地。	1) A tree; 2) A corner of forest.	1) Un arbre ; 2) Un coin de forêt.	QOUNI
Niqan rima pusu sakus ka bukuy sapah mu.	我家後面有五棵樟樹。	Behind my house there are five camphor trees.	Derrière chez moi il-y-a cinq camphriers.	QOUNI
Qhuni bi manu ka rijil pucing su?	你那把刀的刀柄是用什麼木頭做的？	What kind of wood is the handle of your machete made of?	En quelle sorte de bois est-il donc fait le manche de ton coutelas ?	QOUNI
Quyu hus.	眼鏡蛇（＝發出 XöS 聲的蛇＝這種蛇所發出的聲音）。	Cobra (= snake that makes: XöS = the sound this snake emits).	Naja (=serpent qui fait : XöS =le bruit que ce serpent émet).	QOYO
Quyu qowlit.	一種會獵捕老鼠的蛇。（註：台灣的蛇種類繁多，太魯閣人被嚴重咬傷的情況很常見）。	A species of snake that hunts mice. (n.b. Snake species are numerous in Taiwan and serious bites very frequent among the Taroko).	Espèce de serpent qui chasse les souris. (nb. Les éspèces de serpents sont nombreuses à Taiwan et les morsures graves très fréquentes chez les taroko).	QOYO
Ddquyu! Ini namu qsiqa rmngaw saw nii!	蛇族！你們這樣說話不覺得羞恥嗎？	Race of snakes! Are you not ashamed to speak like this?	Race de serpents ! Vous n'avez pas honte de parler ainsi ?	QOYO
Tayal keekan dha!	他們吵鬧打架的程度真令人難以置信！	It is unbelievable how they fight!	Ce n'est pas croyable ce qu'ils se bagarrent !	Q'QAN
Ana su stuq miing keekan o, ini ku kla mkeekan ka yaku.	你再怎麼想找架吵，我可不是好鬥的人。	However hard you try to pick a fight, I am no brawler, myself.	Tu as beau tout faire pour rechercher la bagarre, je ne suis pas batailleur, moi.	Q'QAN
Mkeekan quwaq.	口角（用嘴巴爭吵）。	To quarrel (to fight with the mouth).	Se disputer (se bagarrer avec la bouche).	Q'QAN
Miing mkan.	找架吵（＝尋找「吃掉」某人的機會）。	To look for a fight (= to seek the chance to “devour” someone).	Chercher la bagarre (= chercher l'occasion de « manger » quelqu'un).	Q'QAN
Mtbiyax ku bi gmqur suyang bi gamil nii ssalu mu puqan.	我正忙著挖鑿這個樹根，要拿它做一支菸斗。	I am very busy hollowing out this root to make a pipe of it.	Je suis très occupé à creuser cette racine pour en faire une pipe.	Q'QOL
Gqrun su bitaq inu.	你打算挖到多深（多遠）？	How far do you intend to dig?	Tu penses creuser jusqu'où ?	Q'QOL
Jiyax su gnqur puqan su, wada ka hiya.	在你挖鑿（雕刻）你的菸斗時，他離開了。	While you were hollowing out (carving) your pipe, he left.	Pendant que tu creusais (sculptais) ta pipe, lui il est parti.	Q'QOL
Gnqur qowlit kana ka nii.	這些洞全是老鼠挖出來的。	All these holes have been dug by mice.	Tous ces trous ont été creusés par des souris.	Q'QOL
Sluun mu hici ka kingal sapah qpras.	一棟硬材料蓋的房子，就是我以後想蓋的。	A house of hard material, that is what I want to build later on.	Une maison en dur, c'est ce que je veux construire plus tard.	QP'LAS
Paru ka rudux su? Aji wawa? … Ma wawa! Qnqgu da!	你的雞大了嗎？牠不是小雞了吧？……小雞？牠已經會啼了！	Is your chicken big? It is not a chick, is it? … A chick? It already crows!	Il est grand ton poulet ? Ce n'est pas un poussin, non ? … Un poussin ? Il chante déjà !	QQOGO
Qnqgu rudux da.	這是公雞的第一聲啼叫（標示夜晚結束的計時方式）。	And there is the first crow of the rooster (a measure of time marking the end of the night).	Et voilà le premier chant du coq (mesure de temps marquant la fin de la nuit).	QQOGO
Malu bhangan ka qnqguan rudux.	公雞的啼聲很悅耳（或：公雞啼得好）。	The rooster's crow is pleasant to hear (var. The rooster crows well).	Le chant du coq est agréable à entendre (vl. Le coq chante bien).	QQOGO
Mqthur balay ka Lauken.	Lauken 真的很胖。	Lauken is really obese.	Lauken est vraiment obèse.	Q'TOL
Mqthur nanak ka ngalun mu; suqi qling bi ka btakan su, aji ku da.	我只要粗的；你的竹子太細了，我不要。	I only want to take the thick ones; your bamboos are too thin, I don't want them.	Je ne veux prendre que les gros ; tes bambous sont trop fins, je n'en veux pas.	Q'TOL
Ini tuku ka qnthuran djima su.	你的竹子不夠粗。	Your bamboos are not big enough.	Tes bambous ne sont pas assez gros.	Q'TOL
Qnthuran na nanak ka balay bi sknarux hyaan.	正是他的肥胖使他生病。	It is only his obesity that makes him ill.	Ce n'est que son obésité qui le rend malade.	Q'TOL
Sapuh sqthur ka kiya.	那是一種補品、滋補劑（＝一種使人增肥（增胖）的藥）。	That is a tonic, a fortifier (= a medicine to make one grow fat (to fatten).	C'est là un reconstituant, un fortifiant (= un médicament pour faire grossir (pour engraisser).	Q'TOL
Kana luqih baga niya o, kika pnsaan dha qdqut.	他手上那些傷口，正是他們上手銬（繩索、鐵鐐）的地方。	All these wounds he has on his hands, that is where they put the handcuffs (the bonds, the irons).	Toutes ces plaies qu'il a aux mains, c'est l'endroit où ils ont mis les menottes (les liens, les fers).	Q'TQOT
Ita qwarux su sqdqut mu bgbaga na.	把你的藤條遞給我，好讓我綁住他的手。	Pass me your rattan so that I may tie his hands.	Passe moi ton rotin pour que j'attache ses mains.	Q'TQOT
Ngalun mu sqdqut ka xiluy nii.	我要用這條鐵絲來把他銬起來。（拿它做手銬）。	I am going to use this iron wire to bind him. (to make handcuffs of it).	Je vais me servir de ce fil de fer pour l'enchaîner.(pour en faire des menottes).	Q'TQOT
Mrana mrana ka qnuji (quji) tunux na.	他的頭髮越來越花白。	His head grows greyer and greyer.	Sa tête grisonne de plus en plus.	QUDI
Mquji ku paah shkawas ka yaku.	我從去年起頭髮就白了。	As for me, I have had grey hair since last year.	Moi j'ai les cheveux gris depuis l'an passé.	QUDI
Laqi su ka nii? … Quli mu ka hiya.	這是你的孩子嗎？……他是我領養的孩子。	Is this your child, this one? … He is my adopted child.	Est-ce ton enfant, celui ci ? … Il est mon enfant adopté.	QULI
Ga tmquli laqi ka Lubyak.	1) Lubyak 剛生了一個孩子；2) Lubyak 剛領養了一個孩子。	1) Lubyak has just had a child; 2) Lubyak has just adopted a child.	1) Lubyak vient d'avoir un enfant ; 2) Lubyak vient d'adopter un enfant.	QULI
Mtquli su laqi seejiq duri?	你還要再領養一個（別人的）孩子嗎？	Are you going to adopt yet another child (someone else's)?	Tu vas encore adopter un enfant (des autres) ?	QULI
Quci qrut.	鋸屑。	Sawdust.	Sciure.	QUTI
Quci dowriq.	眼屎（同義詞＝Pusyaq）	Eye discharge / rheum (syn. = Pusyaq)	Chassie (syn.= Pusyaq)	QUTI
Quci lumak .	菸蒂－菸斗殘渣。	Cigarette butt - dottle of a pipe.	Mégot - culot de pipe.	QUTI
Quci kacing.	牛糞。	Cow dung.	Bouse de vache.	QUTI
Quci rngji.	蒼蠅屎。	Fly droppings / fly-speck.	Chiure de mouche.	QUTI
Bling quci.	肛門（肛門口）。（＝用作辱罵）	Anus (the hole of the anus). (= used as an insult)	Anus (trou de l'anus). (= employé comme injure)	QUTI
Ini hari qmuci ka laqi mu snaw.	我兒子有點便秘（排便不多）。	My son is a little constipated (does not go much to stool).	Mon fils est un peu constipé (ne va pas beaucoup à selle).	QUTI
Ga inu ka kciyan namu da?	你們的廁所在哪裡？	Where are your toilets?	Où sont vos W. C ?	QUTI
Bhuun mu saman ka kciyan laqi.	我明天要洗小孩的尿布。	Tomorrow I will wash the little one's nappies.	Je laverai demain les langes du petit.	QUTI
Naqih bi brigan sayang ka qwarux.	這陣子藤不好賣（或：如今藤的價錢很低）。	Rattan is not easy to sell these days (var. Rattan is very poorly paid today).	Le rotin n'est pas facile à vendre ces temps ci (vl. Le rotin est bien peu payé aujourd'hui).	QWALOX
Saw bi mqhnga ka laqi nii.	這個小孩活力充沛。	This kid is overflowing with vitality.	Ce gosse est débordant de vitalité.	QX'NGA
Mqhnga bi dhuq sapah mu ka hiya.	他氣喘吁吁地跑到我家。	He arrived at my house all out of breath.	Il est arrivé chez moi tout éssoufflé.	QX'NGA
Khnu ka qnthuran na?	他有多胖？	How (how much) fat is he?	Comment (combien) est il gras ?	Q'XNU
Khnu ka kntlxan.	有多熱？	How hot is it?	Comment fait il chaud ?	Q'XNU
Khnu ka knlala na.	有多少（多大的量）？	How much (what quantity)?	Combien beaucoup (quelle quantité) ?	Q'XNU
Mkaxa.	後天。	The day after tomorrow.	Après demain.	S
Smkaxa (sngkaxa)	前天。	The day before yesterday.	Avant hier.	S
Nii.	這裡－現在。	Here, - now.	Ici, -maintenant.	S
Snii.	最近。	Recently / lately.	Dernièrement.	S
Knuwan.	什麼時候？	When?	Quand ?	S
Sknuwan.	（過去）什麼時候？	When (in the past)?	Quand (dans le passé)	S
Hkawas.	明年。	Next year.	L'an prochain.	S
Shkawas.	去年。	Last year.	L'an passé.	S
Keeman.	夜晚、傍晚。	The night, the evening.	La nuit, le soir.	S
Skeeman.	昨晚。	Last night / yesterday evening.	Hier soir.	S
Brigun mu ka kingal pusu qnpahan ssalu mu sapah.	我想賣掉一塊地（田），好（用那筆錢）蓋一棟[房子……]。	I want to sell a piece of land (a field) so that (the proceeds serve to) build a [house...]	Je veux vendre une pièce de terrain (champ) pour (que le produit serve à) construire une [maison...]	S
Mnusa marig pajiq sphapuy na thlangan ka hiya.	她去買菜為當局做飯了。	She has gone to buy vegetables to cook a meal for the authorities.	Elle est allée acheter des légumes pour faire à manger aux autorités.	S
Biyuq unuh mirit ka balay bi sqthur sjiqun.	羊奶最能讓人長胖（是很好的補品）。	It is goat's milk that really fattens people up (which is a very good tonic).	C'est le lait de chèvre qui engraisse vraiment les gens (qui est un très bon fortifiant).	S
Ini kla msaang ka tama.	爸爸生性不會喊叫（斥責）。	It is not in papa's nature to shout (to scold).	Ce n'est pas dans la nature de papa de crier (de gronder).	SAANG
Aji ku bi da! Sngun ku na duri ka bubu.	夠了，我不要了！我又要被媽媽罵了。	That's it, I don't want to any more! I'll get told off by mum again.	C'est fini, je ne veux plus ! Je vais (j'irais) encore me faire disputer par maman.	SAANG
Manu bi ka tndrasan su suni? … Snagan ku na bubu ka kiya!	你剛才在喊什麼？……是媽媽罵了我！	What did you have to shout about just now? … It's mum who told me off!	Qu'est-ce que tu avais à crier tout à l'heure ? … C'est maman qui m'a disputé !	SAANG
Misu ku bi lmnglung knsnagan dha.	我怕被罵（一想到他們的訓斥就害怕）。	I am afraid of being told off (I am afraid when I think of their admonition).	J'ai peur de me faire disputer (J'ai peur en pensant à leur semonce).	SAANG
Ini psaang bubu na kdjiyax ka Umaw.	Oumao 從不惹他母親生氣責罵。	Oumao never gives his mother cause to scold.	Oumao ne fait jamais disputer sa mère.	SAANG
Ini muda psaang bubu kdjiyax ka Umaw.	Oumao 從不被他母親責罵。	Oumao never gets told off by his mother.	Oumao ne se fait jamais disputer par sa mère.	SAANG
Ya manu bi ka spsaang dowriq su.	是什麼讓你（總是）這副怒目而視的樣子？（讓你的眼神帶著責怪）。	What gives you that (constantly) angry look? (makes your eyes reproachful).	Qu'est-ce qui te donne (toujours) ce regard courroucé ? (fait que tes yeux blâment).	SAANG
Hmut tgksaang ka Tadaw.	Tadao 無緣無故大發雷霆。	Tadao flew into a black rage for no reason.	Tadao s'est mis dans une colère noire sans raison.	SAANG
Saw tgsaang hari ka qnita su!	你的神情似乎顯示你心情不好。	Your expression seems to show that you are in a bad mood.	Ton regard semble montrer que tu es de mauvaise humeur.	SAANG
Lmnglung ku smadu seejiq pkari kingal lituk slaq mu.	我打算僱工開墾一塊水田。	I am thinking of hiring workers and digging (making) a paddy field.	Je pense embaucher des ouvriers et creuser (faire) une (pièce) de rizière.	SADO
Ungat ka smadu seejiq.	沒有人僱工。	There is no one who hires.	Il n'y a personne qui embauche.	SADO
Mha ku msadu daya.	我要上去那裡打工。	I am going to hire myself out up there.	Je vais m'embaucher là-haut.	SADO
Naqih bi sduan seejiq ka sayang.	如今不容易找到工人（或：不容易僱到工人）。	Nowadays it is not easy to find workers (var. It is not easy to employ workers).	De nos jours, il n'est pas facile de trouver des ouvriers (vl. Il n'est pas facile d'employer des ouvriers).	SADO
Kari seejiq o,	人家說……	People say that …	On dit que.	SADYAQ
Niqan ka kari seejiq.	有閒言閒語。	There is gossip (talk from others).	Il-y-a des qu'en-dira-t-on.	SADYAQ
Niqan kari ka seejiq.	那個人有（有些人有）話要說。	The person has (there are those who have) something to say.	La personne a (il-y-en a qui ont) quelque chose à dire.	SADYAQ
Seejiq bi ka hiya.	他是個真正的太魯閣人！	Him — he is a true Taroko!	Lui, c'est un vrai taroko !	SADYAQ
Seejiq bi manu ka nii?	這是個什麼樣的人？	What sort of man is this one?	Quelle sorte d'homme est-il celui-ci ?	SADYAQ
Laqi su bi nanak ka kiya? … Uxay laqi mu! Laqi seejiq!	所說的那個人是你親生的兒子嗎？……不，不是我兒子，是別人家的孩子！	The one being spoken of — is he your own son? … No, he is not my son, he is someone else's child!	Celui dont on parle est-ce ton propre fils ? … Non, ce n'est pas mon fils, c'est un enfant des autres !	SADYAQ
Kari seejiq o, mpgeeguy su ka isu.	人家說你是小偷！	People say that you are a thief!	Les gens disent que tu es un voleur !	SADYAQ
Mnutux seuxal ka laqi nii ni, wada wada malu ni, mseejiq bi da!	這孩子以前是個無賴，後來漸漸變好，如今成了正常人（一個真正的人）。	This kid was a good-for-nothing before, and little by little he improved, and now he has become normal (a true man).	Ce gosse était un vaurien, autrefois et, petit à petit il s'est bonifié et le voilà devenu normal (un homme vrai).	SADYAQ
Wada sjiqun sknuwan ka Diku?	Diku 什麼時候出嫁的？	When did Diku get married?	Quand est-ce que Djiko s'est mariée ?	SADYAQ
Rngagi sjiqun ka kiya!	把這事告訴大家！（註：這大概是唯一一個例子，後綴 ON 出現在本該用後綴 AN 的（間接）格位上！為何有此異常？）	Tell that to people! (n.b. An example, no doubt unique, where the suffix ON occurs in an (oblique) case where the suffix AN is expected! Why this anomaly?).	Dis le aux gens, cela ! (nb. Exemple, sans doute unique, où le suffixe ON intervient dans un cas (oblique) où est attendu le suffixe : AN ! Pourquoi cette anomalie ?).	SADYAQ
Kana sseejiq nbabaw dxgal.	世上所有的人－人類。	All the people of the world - Humanity.	Tous les hommes du monde - L'humanité.	SADYAQ
Tayal knseejiq bi taan!	真是太美了！（＝尤其用於形容人，但也常用於任何其他景象）。	How truly beautiful it is! (= especially when speaking of human persons, but often used too for any other sight).	Comme c'est vraiment beau (= surtout en parlant de personnes humaines mais souvent employé aussi pour tout autre spectacle).	SADYAQ
Msqsiya balay ni msibus uri ka sagas su.	你的西瓜很多汁又很甜。	Your watermelon is very juicy and sweet.	Ta (tes) pastèque est très juteuse et sucrée.	SAGAS
Mqita namu kingal wawa ruba seegul.	你們會看到一頭拴著的小驢（?）。	You will see a young donkey tied up (?).	Vous verrez un petit d'âne attaché (?).	SA'GUL
Ma ini su sais ka sayang?	為什麼（怎麼會）你今天不縫？	Why (how is it that) you are not sewing today?	Pourquoi (comment se fait-il que) tu ne couds pas aujourd'hui ?	SAIS
Smais ku kingal lukus su ni kiya da!	我再縫你的衣服，就這樣了。	I'll just sew your garment and that will be all.	Je couds encore ton habit et ce sera tout.	SAIS
Hmut lala bi ka siisun mu.	我要縫的東西多得很！	I have an enormous amount to sew!	J'ai énormément à coudre !	SAIS
Ini mu siisi sayang ka lukus nii o, ungat bi jiyax mu da, aji mu siisun bitaq nxal!	如果我現在不逼自己縫這件衣服，我就再沒空了，就永遠縫不成了。	If I don't force myself to sew this garment now, I won't have time any more, I won't be able to sew it (till kingdom come).	Si je ne me force pas à coudre cet habit maintenant, je n'aurai plus le temps, je ne pourrai plus le coudre (jusqu'à la saint-glinglin).	SAIS
Tai ka msais nii o, mkla bi snais!	這位裁縫縫紉技術很精。	This tailor is very expert at sewing.	Ce couturier est très expert en couture.	SAIS
Usa nanak sapah siisan.	你去縫紉室就是了。	Just go to the sewing room.	Tu n'as qu'à aller à la salle de couture.	SAIS
Malu bi siisan na ka Aki.	Aki 是很好的裁縫（她的縫法很好）。	Aki is a very good seamstress (her way of sewing is very good).	Aki est très bonne couturière (sa manière de coudre est très bonne).	SAIS
Mha dha siisan ka truma.	下擺需要縫兩道。	Two seams will be needed at the bottom.	Il faudra deux coutures dans le bas.	SAIS
Ini hari tai (qtai(?)) ka sniisan lukus su.	幾乎看不出你衣服的縫線。	One can hardly see the seams of your garment.	On ne voit presque pas les coutures de ton habit.	SAIS
Smnais ku kingal jiyax shiga.	昨天我縫了一整天。	Yesterday I sewed all day long.	Hier, j'ai cousu tout un jour.	SAIS
Knsais ku bi lukus tama mu.	我很想做（縫）爸爸的衣服。	I would really like to make (sew) papa's clothes.	Je voudrais bien faire (coudre) les habits de papa.	SAIS
Knpsais ku bi kingal lukus qmpahan.	我很想請人做（縫）一件工作服。	I would really like to have a work garment made (sewn).	J'aimerais bien faire faire (coudre) un habit de travail.	SAIS
Seysay masu.	一支小米穗。	An ear of millet.	Un épi de millet.	SAISAI
Ida bi mha mrimal pusu ka hmaun mu sakus bukuy sapah Lihang.	我想種在 Lihang 家後面的樟樹，我想大約會有五十棵（差不多五十棵）。	The camphor trees I want to plant behind Lihang's place — I think there will be around fifty of them (there will be about fifty plants).	Les camphriers que je veux planter derrière chez Lirhang, je pense qu'ils tourneront autour de cinquante pieds (il-y-en aura dans les cinquante pieds).	SAKUS
Pusu sakus.	一棵樟樹。	A camphor tree.	Un camphrier.	SAKUS
Ssakus kana baga mu da.	我的手都沾滿了樟腦味（都是樟腦味）。	And now my hands are all impregnated with camphor (they smell of camphor).	Et voilà que mes mains sont tout imprégnées de camphre (sentent le camphre).	SAKUS
Masu ni, bunga ni, sari, Kiya ka uqun bi truku seuxal!	小米、地瓜、芋頭，這就是從前太魯閣人的日常食物。	Millet, sweet potatoes, taro — that was the ordinary food of the Taroko in the old days.	Du millet, des patates douces, des taro, voilà la nourriture ordinaire des taroko autrefois.	SALI
Ini ku salu sapah ka yaku!	我啊，我不蓋房子。	As for me, I don't build houses.	Moi, je ne construis pas de maison.	SALU
Aji: smalu lukus! Smais lukus, msa ta ka ita.	我們不說 smalu lukus（＝建造衣服），而說 smais lukus（＝縫衣服）。	We do not say: smalu lukus (= to build clothes), but: smais lukus (= to sew clothes).	Nous, nous ne disons pas : smalu lukus (= construire des habits), mais : smais lukus (=coudre des habits).	SALU
Yaku ka msalu sapah.	是我在蓋房子。	It is I who build a house.	C'est moi qui construit une maison.	SALU
Ima ka empsalu sapah nii?	這房子是誰在請人蓋的？	Who is having this house built?	Qui est-ce qui fait construire cette maison ?	SALU
Aji ku biyaw empsalu (ku) sapah.	我很快要蓋一棟房子。	I am going to build a house soon.	Je vais bientôt construire une maison.	SALU
Ga msalu ka dhiya da; aji biyaw ka pntriyan laqi na da!	他們正忙著釀酒；他們兒子的婚禮快到了！	They are busy making the beer; their boy's wedding is coming soon!	Ils sont occupés à fabriquer la bierre ; c'est bientôt le mariage de leur garçon !	SALU
Pida bi sluan su sapah siida.	正當你蓋房子的那個時候（那段期間）。	Just at the moment (in the period) when you were building the house.	Juste au moment (dans la période) où tu construisais la maison.	SALU
Knsalu su sapah o, niqan ka smlaan su?	你想蓋房子，你有蓋房子的地嗎？	You would like to build a house — do you have the land to build it on?	Tu voudrais construire une maison, est-ce que tu as le terrain pour la bâtir ?	SALU
Ana karat ana dxgal o, uxay snlaan seejiq ka kiya, tnunan Utux Baraw!	無論是天還是地，都不是人手所造的！它們是由神（天上的靈）所編織的。	Whether it be the heavens or the earth, they are not made by human hands! They were woven by God (the Spirit from on high).	Que ce soit le ciel ou la terre, ils ne sont pas faits de main d'homme ! Ils ont été tissés par Dieu (L'Esprit d'en haut).	SALU
Naqih ka tuki mu, saun mu psalu sapah Kuni.	我的手錶壞了，我想拿去昆尼那裡修理。	My watch is broken, I want to go have it repaired at Kuni's place.	Ma montre est détraquée, je veux aller la faire réparer chez Kouni.	SALU
Mha su inu ka saman?	你明天要去哪裡？	Where are you going tomorrow?	Où vas tu demain ?	SAMAN
Saman, saman, msa su o, Knuwan ka saman da hu!	你說：明天、明天！可是，明天到底是什麼時候呢？	You say: tomorrow, tomorrow! But when then is tomorrow?	Tu dis : demain, demain ! Mais, quand est-ce donc demain ?	SAMAN
Ga inu ka hdayu ta? Nii hu? … Nsaman ka kiya; nii ka nsayang!	我們的點心在哪裡？是這個嗎？……不！那個是明天的！這才是今天的。	Where is our snack? Is it this one? … No! That one is for tomorrow! Here is today's.	Où est il notre casse-croûte ? Est-ce ceci ? … Non ! Cela c'est pour demain ! Voici celui d'aujourd'hui.	SAMAN
Miyah ka dhiya dmuuy samaw ni harung.	他們手持燈籠和（松木）火把前來。	They come (holding) lanterns and torches (of pinewood).	Ils viennent avec (en tenant) des lanternes et des torches (de bois de pin).	SAMAO
Ga msamaw ka sapah Wilang.	瓦浪家裡點著燈。	At Wilang's house it is lit up.	Chez Wilang c'est éclairé.	SAMAO
Usa psamaw da, na keeman da!	去把（燈）點上吧，真奇怪！天都已經黑了！	Go and light (the lamp), how odd! It is already night!	Va donc allumer (la lampe), c'est drôle ! Il fait déjà nuit !	SAMAO
Misan ka bsiyaq bi psnagan.	冬天必須把燈點得更久。	It is in winter that one must keep the lamp lit for longer.	C'est en hiver qu'il faut allumer la lampe pendant plus longtemps.	SAMAO
Psai babaw psnagan ka samaw su.	把你的燈放在專為放燈準備的架子上。	Put your lamp on the shelf meant for the lamp.	Dépose ta lampe sur l'étagère prévue pour la lampe.	SAMAO
Sai kmsiyuk ayang spsamaw ta keeman kiya.	你願意去借點油讓我們今晚照明嗎？	Would you go and borrow some oil to give us light this evening?	Voudrais tu aller emprunter de l'huile pour nous éclairer ce soir ?	SAMAO
Mshiya bi ka hiyi samat su.	你的野味料理真好吃。	Your dish of game is really delicious.	Ton plat de gibier est vraiment savoureux.	SAMAT
Wada ungat hari ka smsamat da!	獵物已經變得很稀少了！	Game has become quite scarce!	Le gibier est devenu bien rare !	SAMAT
Akay uwit! Bsiyaq ta bi ini sangay.	唉呀！真累！我們已經好久沒休息了！	Oh my! How tiring! It has been a long time since we last rested!	Oh la ! Quelle fatigue ! Il-y-a longtemps que nous ne nous reposons pas !	SANGAI
Saw kiya do, sangay da!	既然這樣，那就休息吧！	If that's how it is, then rest!	Si c'est comme cela, reposez vous, alors !	SANGAI
Ga ku msangay nkan lumak da.	我已經戒菸（不再「吃」菸）了。	I have stopped smoking (“eating” tobacco).	Je me suis arrêté de fumer (de manger du tabac).	SANGAI
Msangay ka laqi matas paah saman.	學生們從明天起放假。	The schoolchildren are on holiday starting tomorrow.	Les écoliers sont en vacance à partir de demain.	SANGAI
Ya squwaq! Ga msangay ka tama su!	別出聲（安靜！）！你爸爸在休息（睡覺）！	Don't make noise (be quiet!)! Your father is resting (sleeping)!	Ne fais pas de bruit (tais-toi !) ! Ton papa se repose (dort) !	SANGAI
Msangay ku da!	我不做了（我停下來了）！	I'm stopping!	Je m'arrête !	SANGAI
Malu bi sngayan ka pngpung dgiyaq.	在山頂（山巔）休息（或：停歇）很舒服。	It is pleasant to rest (var. to stop) at the summit of the mountain (on the peak).	Il fait bon se reposer (vl. s'arrêter) au sommet de la montagne (sur la cime).	SANGAI
Jiyax sngayan ka sayang.	今天是星期日（休息日）。	Today is Sunday (the day of rest).	Aujourd'hui c'est dimanche (le jour de repos).	SANGAI
Ini su psangay ka kacing da!	你不讓你的水牛休息嗎？	Aren't you going to let your buffalo rest?	Tu ne fais pas reposer ton buffle ?	SANGAI
Ima ka empsangay laqi na sayang.	現在是誰讓自己的兒子放假呢？	Who is it that is giving his son a holiday at this moment?	Qui est-ce qui met son fils en vacance en ce moment ?	SANGAI
Psngayun mu paah saman ka dmqeepah da!	我從明天起要解雇（使失業）這些工人！	I will lay off (put out of work) the workers starting tomorrow.	Je licencierai (je mettrai au chômage) les ouvriers à partir de demain.	SANGAI
Aji manu ka nsaan mu mgrig, spsangay mu cicih lqlaqi.	我去跳舞的原因，是為了讓孩子們稍微喘口氣（讓他們休息一下）。	The reason I went dancing is to let the children catch their breath a little (to give them some rest).	La raison pour laquelle je suis allé danser, c'est pour laisser un peu souffler (pour faire reposer) les enfants.	SANGAI
Wihi sangi.	用葫蘆製成的湯匙、杯子或容器。	A spoon, cup, or container made from a calabash.	Cuillère, coupe, récipient faits dans une calebasse.	SANGI
Saw kiya do.	既然如此！	Since it is so!	Puisque c'est ainsi !	SAO
Saw kiya ka malu.	就是要像這樣才好。	It is like this that it is good.	C'est comme cela que c'est bien.	SAO
Saw paru bi taan.	看它一眼，會覺得它很大。	To see it, one would say it is very big.	A le voir, on le dirait très grand.	SAO
Saw bi paru taan.	一看之下，它顯得很大；。	On seeing it, it appears big;	En le voyant, il paraît grand ;	SAO
Saw bi klwiun ka nii.	這真令人驚訝（實在像是很出人意料）。	This is astonishing (really quite surprising).	Cela est étonnant (vraiment comme surprenant).	SAO
Balay bi msaw nkari mu.	真的就跟我說的一樣！	It is truly just as I said!	C'est vraiment comme j'ai dit !	SAO
Ida msaw seuxal.	就跟從前一樣！	It is indeed just like in the old days!	C'est bien comme autrefois !	SAO
Ini ku ksaw saw nkari su.	我沒有照你說的做。	I am not doing as you said.	Je ne fais pas comme tu as dit.	SAO
Ksaw nanak saw nkari mu.	就照我跟你說的做就好。	Just do as I told you.	Fais seulement comme je t'ai dit.	SAO
Nduwa bi! Prgi bi ndaan swayi su! Mnksaw bi saw nkari rudan ka hiya.	要乖！學學你弟弟；他一向聽從（總是聽從）父母所說的話（或：他一向順從父母）。	Behave well! Imitate your little brother; he has always followed (he always used to follow) what the parents said (var. He has always obeyed the parents).	Comporte toi bien Imite ton petit frère ; il a toujours suivi (il suivait toujours) ce que disaient les parents (vl. Il a toujours obéi aux parents).	SAO
Pksaw nanak saw nkari mu.	你只要照我跟你說的去做（就照我說的）就好。	You need only carry out what I told you (just as I told you).	Tu n'as qu'à réaliser ce que je t'ai dit (comme je t'ai dit)	SAO
Thksaw malu! Wada su shngiyan ka ana manu dnyagan nami hu!	偽君子！你難道忘了我們用多少方式幫助過你嗎？	Hypocrite! Have you forgotten in how many ways we have helped you?	Hypocrite ! As tu oublié de combien de façons nous t'avons aidé ?	SAO
Ini ku sapang ribul snaw mu ka sayang.	我現在沒有在補我丈夫的褲子。	Right now I am not patching my husband's trousers.	Maintenant je ne rapièce pas les pantalons de mon mari.	SAPANG
Nduwa bi snapang lblubuy tqrian payay.	要好好把袋子補好，用來裝稻穀。	Make an effort to mend the sacks well so as to put the paddy (unhusked rice) in them.	Tache de bien raccommoder les sacs pour y mettre le paddy.	SAPANG
Ga ku snapang dnamux Iwal; hmut hnbuy da!	我正在修補Iwal的屋頂；它到處漏水！	I am patching up Iwal's roof; it leaks everywhere!	Je suis en train de rafistoler le toit de Iwal ; il coule de partout !	SAPANG
Ungat bi ana ina ka hnegliq bgurah lukus ssapang na kingal smudal.	沒有人會去撕破一件新衣服，只為了拿來補一件舊衣服！	There is no one who would set about tearing up a new garment to put a patch on an old one!	Il n'y a personne qui se mette à déchirer un habit neuf pour mettre une pièce à un vieux !	SAPANG
Ma nbanah ka spangan su ribul!	你是怎麼回事，竟拿一塊紅布來補我的褲子？	What got into you, putting a red patch to mend my trousers?	Qu'est-ce qui t'a pris de mettre une pièce rouge pour réparer mon pantalon ?	SAPANG
Wada su spangan ka ribul mu hu?	你把我的褲子補好了嗎？	Have you patched my trousers?	As tu rapiècé mes pantalons ?	SAPANG
Ini su sapaw da?	你還沒鋪床嗎？	Haven't you made the bed yet?	Tu n'as pas encore fait le lit ?	SAPAO
Ya han! Ga ku snapaw pttaqi laqi da!	等一下，我正在鋪床好讓孩子睡覺。	Wait a moment, I am making the bed to put the child to sleep.	Attends un peu, je suis en train de faire le lit pour mettre l'enfant dormir.	SAPAO
Ngalun su manu ssapaw su Rabay.	你要拿什麼來給Rabay當墊子？	What will you take to serve as a mattress for Rabay?	Que prendras tu pour servir de matelas à Rabay ?	SAPAO
Mhdu namu spagan do, mha ku ntaqi ka yaku da.	你們一鋪好床，我就去睡。	As soon as you (all) have finished making the bed, I will lie down.	Dès que vous aurez fini de faire le lit, moi je me couche.	SAPAO
Sapah puyan.	廚房。	Kitchen.	Cuisine.	SAPAX
Sapah tqian.	臥室。	Bedroom.	Chambre à coucher.	SAPAX
Sapah trmaan.	浴室。	Bathroom.	Salle de bain.	SAPAX
Sapah kciyan.	廁所、洗手間。	Toilet, W.C.	Toilettes, W.C.	SAPAX
Sapah brigan.	商店。	Shop, store.	Magasin.	SAPAX
Sapah spuhan.	醫務室（醫院）	Infirmary (hospital)	Infirmerie (hopital)	SAPAX
Sapah ppyaan.	車站（購票的房屋或大廳）	Station (the building or hall where one buys tickets)	Gare (maison, salle où l'on prend les billets)	SAPAX
Sapah ptasan.	學校（校舍）	School (schoolhouse)	Ecole (maison d'école)	SAPAX
Sapah pslian.	會議廳。	Meeting hall.	Salle de réunion.	SAPAX
Sapah tmhkuan.	祈禱室。	Oratory (place of prayer)	Oratoire.	SAPAX
Sapah haduran.	廟宇（舉行祭祀的房屋）	Temple (house where sacrifices are performed)	Temple (maison où se font les sacrifices)	SAPAX
Sapah hrpasan.	賭場、遊戲廳；等等。	Gambling house, game room; etc.	Maison de jeu, salle de jeu ; etc.	SAPAX
Siqa hari o! Uxay su tnsapah ka isu.	要稍微收斂（有禮貌）一點！你在這裡可不是在自己家！	Be a bit reserved (polite)! You are not at your own home here!	Sois un peu réservé (poli) ! Tu n'es pas chez toi, ici !	SAPAX
Ima ka tnsapah?	誰是這家的主人？（或：誰是屬於這個家的人？）	Who is the master of the house? (var. who is the one belonging to the house?).	Qui est le maître de maison ? (vl. qui est ce qui est de la maison ?).	SAPAX
Sapah nhari da! Mskuy bi ka sayang!	快進來！今天真的很冷！	Come in quickly! It is really cold today!	Entrez vite ! Il fait vraiment froid, aujourd'hui !	SAPAX
Empasapah mu hici ka sapah Pidu.	皮多的房子以後會是我的房子。	Pido's house will later be my house.	La maison de Pido sera plus tard ma maison.	SAPAX
Jiyi Sapuh sapah spuhan su nanak ssapuh su qaqay mu.	只用你藥箱（藥房）裡的藥來醫治我的腳。	Use only the medicines from your own medicine cabinet (dispensary) to treat my foot.	Sers toi uniquement des médicaments de ta pharmacie pour soigner mon pied.	SAPOX
Spuhun misu papak hu?	來吧，我來替你醫治腳，好嗎？	Come now, I am going to treat your foot, do you want me to?	Allons, je vais soigner ton pied, veux tu ?	SAPOX
Wada su spuhan ka qaqay niya hu?	你已經替他醫治過腳了嗎？	Have you already treated his feet?	Est-ce que tu as déjà soigné ses pieds ?	SAPOX
Saman ka balay bi jiyax spuhan.	說實話，明天才是醫治的日子。	To tell the truth, tomorrow is the day for treatment.	A vrai dire, c'est demain le jour de soins.	SAPOX
Yahun mu psapuh saman ka papak.	我明天會來讓我的腿就醫。	I will come to have my leg treated tomorrow.	Je viendrai la faire soigner demain, ma jambe.	SAPOX
Ini hari skuxul sasaw ka dquyu.	蛇不太喜歡陰涼處。	Snakes do not much like the shade.	Les serpents n'aiment pas beaucoup l'ombre.	SASAO
Brahaw su bi! Yahi ku bi smasaw baga laqi mu.	拜託你（行行好！），來為我的孩子按手吧。	I beg you (be kind!), come and lay your hands on my child.	Je t'en prie (sois bon !), viens donc imposer tes mains à mon enfant.	SASAO
Uxay dowras, pusu btakan (btaqan) ka smasaw bi (= ka pusu smasaw) sapah su.	真正為你的家遮蔭的不是懸崖（岩石），而是那叢竹林！	It is not the cliff (the rock), but the bamboo grove that truly shades your house!	Ce n'est ppas la falaise (le rocher), mais le bosquet de bambous qui ombrage vraiment ta maison !	SASAO
Mha ssagun na hmaan pajiq ka pusu sakus su.	你的樟樹會為你的菜園遮蔭。	Your camphor tree will shade your vegetable garden.	Ton camphrier ombragera ton jardin potager.	SASAO
Naqih hari ka phdagan mu; msasaw bi paah ska hidaw.	我的曬場不太好；從中午起就處於陰影中。	My drying area is not very good; from midday on it is in the shade.	Mon aire de séchage n'est pas très bonne ; à partir de midi elle est à l'ombre.	SASAO
Msasaw su da?	怎麼樣！你稍微待在陰涼處嗎？	So! Are you keeping a bit in the shade?	Alors ! Tu te tiens un peu à l'ombre ?	SASAO
Ssagan ka nii, naqih bi smlaan sapah ptasan.	這裡是個陰涼的地方；不太適合蓋學校。	Here is a shaded spot; it is not very suitable for building a school.	Ici c'est un endroit ombragé ; il n'est pas très indiqué pour construire une école.	SASAO
Masu hmut psquyux da! Usa tsasaw nhari sapah!	為什麼白白待在雨中？快進屋裡躲雨吧！	Why stay there uselessly in the rain? Go quickly and take shelter in the house!	Pourquoi rester inutilement là sous la pluie ? Va vite te mettre à l'abri dans la maison !	SASAO
Ana paru hidaw o, ini bi sruwa tsasaw!	即使烈日當空，他也絕不肯躲到陰涼處！	Even in strong sunshine, he absolutely refuses to move into the shade!	Même par grand soleil, il ne veut absolument pas se mettre à l'ombre !	SASAO
Uxay nisu qntaan supu hyaan kska tbsagan hu?	我不是見過你（＝我確實好像見過你）跟他在公園（＝適合休憩的地方）嗎？	Didn't I see you (= it really seems to me that I saw you) with him in the public garden (= in the place where it is pleasant to rest)?	Ne t'aurais-je pas vu (=Il me semble bien t'avoir vu) avec lui dans le jardin public (= dans l'endroit où il fait bon se reposer) ?	SASAO
Saun mu psasaw cicih pusu qhuni.	我要到樹下稍微避一避（讓自己得到遮蔽、乘涼）。	I am going to shelter a little (get myself put in shelter, in the shade) under the tree.	Je vais un peu m'abriter (me faire mettre à l'abri, à l'ombre) sous l'arbre.	SASAO
Paru hidaw do, ngalun su manu spsasaw sipa su?	烈日當空時，你要拿什麼來為你的幼苗遮點陰？	When the sun is strong, what will you take to give a little shade to your young plants?	Quand il fera grand soleil, que prendras tu pour ombrager un peu tes jeunes plants ?	SASAO
Hyaun su ka galiq? … Spssagun mu cicih ka laqi mu rbnaw.	你要拿這塊布做什麼？……我想用它來為我的寶寶稍微遮點陰。	What do you want to do with the cloth? … I would like to use it to put my baby a little in the shade.	Que veux tu en faire de la toile ? … Je voudrais m'en servir pour mettre mon bébé un peu à l'ombre.	SASAO
Ma nksasaw ka hmaan su pajiq!	你的菜園怎麼會在陰涼的地方呢？	How come your garden is in a shady spot?	Comment se fait-il que ton jardin soit dans un endroit d'ombre ?	SASAO
Nasi su kmkan o, mha ku smahug cicih bgu su.	你若想吃，我就替你舀一點湯。	If you want some to eat, I will serve you (ladle out for you) a little broth.	Si tu désires en manger, je vais te servir (puiser pour toi) un peu de bouillon.	SAXO
Sayang bi.	此刻－剛剛。	At this very moment - just now.	A l'instant - juste maintenant.	SAYANG
Sayang o, paru tunux kana.	如今，人人都受過教育（或：人人都自以為有學問）。	Nowadays, everyone is educated (var. everyone thinks himself learned).	De nos jours, tout le monde est instruit (vl. Tout le monde se croit savant).	SAYANG
Tai kuxul na ka ana manu o, asi ssayang ka hiya da!	只要他想要什麼（只要有什麼合他心意），他就非得馬上得到不可！	When he wants something (when something pleases him), he absolutely must have it right away!	Quand il désire quelque chose, (quand quelque chose lui plaît), Il le lui faut absolument tout de suite !	SAYANG
Ga inu ka ata mu? … Wada ssayang bi!	我的嫂子（弟媳）在哪裡？……她剛剛才離開！	Where is my sister-in-law? … She has only just left!	Où est ma belle-soeur ? … Elle vient tout juste de partir !	SAYANG
Nsayang ka pnspingan nii! Uxay nnita sbiyaw!	這種梳妝打扮的方式是現代的，不是我們從前的方式。	This way of grooming oneself belongs to modern times, it is not our way of old.	Cette façon de faire toilette est des temps modernes, ce n'est pas notre façon d'autrefois.	SAYANG
Tnsayang bi ka gaya nsayang.	現代的風尚是短暫的。	Modern fashions are transient.	Elles sont passagères les modes modernes.	SAYANG
Tnsayang bi ka muda ta nqraqil.	我們所經歷的苦難是短暫的！（只是一時而已。）	The trials we go through are transient! (They last only for a time.)	Elles sont passagères les épreuves par lesquelles nous passons ! (Elles ne sont que pour un temps).	SAYANG
Ya ekan da! Seesu bi!	別吃那個！呸！	Don't eat that! Ugh!	Ne mange pas ça ! Pouh !	SA'SO
Mseesu bi ka Iban! Ini kmhmut ka hiya!	Iban 很有禮貌（很內斂）！他行事（思考、說話）都不輕率！	Iban is very polite (very reserved)! He does not act (does not think, does not speak) frivolously, that one!	Ibanne est très poli (très réservé) ! Il n'agit pas (il ne pense pas, il ne parle pas) à la légère, lui !	SA'SO
Ungat pndkaan ka knseesu niya.	他的禮貌（謙遜、沉靜）無與倫比。	His politeness (his modesty, his calm) is incomparable.	Sa politesse, (sa modestie, son calme) est incomparable.	SA'SO
Ungat ka tnkla pseesu (pgseesu) cicih hyaan.	沒有人能讓他稍微平靜下來。	No one manages to calm him down even a little.	Personne n'arrive à le calmer un peu.	SA'SO
Nasi su kmsbaang o, usa sbaang hngali hari.	你若想小睡一下，就到稍微遠一點的地方去睡吧！	If you feel like taking a little nap, go and do it a bit further off!	Si tu as envie de faire un petit somme, va donc le faire un petit peu plus à l'écart !	SBAAN
Ya squwaq! Ga msbaang ka tama da!	安靜！（別出聲）！爸爸在休息！	Be quiet! (don't make noise)! Papa is resting!	Tais toi ! (ne fais pas de bruit) ! Papa se repose !	SBAAN
Aji bi msbarux hiya nanak ka idaw, asi ka psbruxun su!	飯當然不會自己翻動！你得自己去翻它！	The rice certainly does not stir itself! You have to stir it yourself!	Le riz ne se remue certainement pas tout seul ! Il faut que tu le remues toi même !	SBALOX
Mkan ta sbiki o, asi skcilux (scilux) kana hiyi da.	嚼檳榔會使全身暖和起來。	Chewing areca nuts warms the whole body.	A mâcher des noix d'arec, cela réchauffe tout le corps.	SBEKI
Ma ini kshiya ka samat su! Sblus balay!	你這道野味怎麼會沒有味道（不好吃）！真是淡而無味！	How is it that your game dish has no flavour (that it is not tasty)! It is utterly bland!	Comment celà se fait-il que ton plat de gibier n'ait pas sa saveur (qu'il ne soit pas savoureux) ! Il est tout à fait fade !	SB'LÖS
Ini ksblus ka bunga! Pajiq ka msblus bi!	地瓜並不淡，真正沒味道的是菜。	The sweet potatoes are not bland; it is the vegetables that really are.	Les patates douces ne sont pas fades, ce sont les légumes qui le sont vraiment.	SB'LÖS
Nasi qsiya ka malun su do, psblsun su kana ka bgu da! … Ima ka mumal qsiya? Ini ku umal ka yaku!	你若加的是水，會把整鍋湯弄得淡而無味！……誰在加水？我可沒加！	If it is water you are adding, you will make the whole broth insipid! … Who is adding water? I'm not adding any!	Si c'est de l'eau que tu ajoutes, tu vas rendre insipide tout le bouillon ! … Qui ajoute de l'eau ? Moi je n'en ajoute pas !	SB'LÖS
Qlhangi bi! Rbagan ka sayang; ini biyaw empsbngux ka pnshada su!	要非常小心！現在是夏天，你煮的東西很容易很快就變酸。	Be very careful! It is summer and everything you have cooked turns sour easily and quickly.	Fais bien attention ! C'est l'été et tout ce que tu as cuisiné devient facilement et vite aigre.	SB'NGUX
Ga tluung sbsuk rhngun ka Yudaw.	Yudao 坐在他家的門檻上。	Yudao is sitting on the threshold of his door.	Yudao est assis sur le seuil de sa porte.	SBSUK
Ini su sbu puniq nhari do, na, mmqduriq ka bowyak da!	你要是不趕快開槍，山豬就快逃走了。	If you do not hurry to shoot (the rifle), the wild boar is on the verge of escaping.	Si tu ne te dépêches pas de tirer (du fusil), le sanglier est tout près de se sauver.	SBU"
Ini tduwa hmut smbu tasil.	不可以亂丟石頭。	It is forbidden to throw stones recklessly.	C'est défendu de jeter des pierres à tort et à travers.	SBU"
Tai smbu hidaw do, malu bi niqan ka sapah su!	太陽照耀（灑下光芒）的時候，你的家是個很棒的居住之處。	When the sun shines (beats down its rays), your house is a wonderful place to live.	Quand le soleil brille (darde ses feux), ta maison est un endroit merveilleux pour habiter.	SBU"
Ini ku kla smbu puniq ka yaku.	至於我，我不會用槍射擊。	As for me, I do not know how to shoot a rifle.	Moi, je ne sais pas tirer du fusil.	SBU"
Smbu hidaw ka sayang.	現在太陽在照耀。	Now the sun is shining.	Maintenant le soleil brille.	SBU"
Wada snbu hidaw.	中暑（曬傷）。	A touch of sunstroke.	Un coup de soleil.	SBU"
Manu ka snbu su baga shiga o.	關於你昨天用手指指的那件事……	Concerning the fact that you were pointing with your finger yesterday.	A propos du fait que tu montrais hier du doigt.	SBU"
Snbu su manu babaw ska hidaw.	你下午射了什麼？	What did you shoot in the afternoon?	Qu'est-ce que tu as tiré l'après midi ?	SBU"
Pusu bi msbu tasil ka Yusi.	Yusi 很擅長（或：有亂丟的壞習慣）丟石頭！	Yusi is very skilful (var. has the nasty habit of) throwing stones!	Yoshi est très adroit (vl. a la sale habitude de) pour lancer des pierres !	SBU"
Paah mgrbu ini bi alix mssbu ka dmtjiyal.	戰士們不停地互相射擊（或：對手們不停地互相打鬥）。	The combatants did not stop shooting at each other (var. The adversaries did not stop fighting.	Les combattants n'ont pas cessé de se tirer dessus (vl. Les adversaires n'ont pas cessé de se battre.	SBU"
Stuq mssbu tasil ka dha naqih nii!	這兩個討厭的小壞蛋不停地互相丟石頭！	These two nasty little rascals won't stop throwing stones at each other!	Ces deux sales garnements n'arrêtent pas de se lancer des pierres !	SBU"
Manu bi ka saun su psbu hidaw?	你是怎麼了（有什麼理由）要跑去曬太陽？	What has got into you (what makes you) go and expose yourself to the sun?	Qu'est-ce qui te prend (qu'est-ce que tu as à) d'aller t'exposer au soleil ?	SBU"
Ya usa hiya! Mha su psbu tasil kiya, kaway binaw!	別去那邊！你等一下就會被石頭砸中，你等著瞧！	Don't go over there! You'll get hit by a stone any moment now, you'll see!	Ne va pas là bas ! Tu vas recevoir une pierre tout à l'heure, tu vas voir !	SBU"
Malu bi smlaan sapah ka nii! Sbhuran (sbghuran) uri ni buan bi hidaw uri!	這是個很棒的建屋地點；通風良好，也很向陽。	Here is a wonderful spot to build; it is well ventilated and is also well exposed to the sun.	Voici un merveilleux endroit pour bâtir ; c'est bien aéré et c'est aussi bien exposé au soleil.	BUAN
Qduriq nhari! Buun su dha!	快逃！他們要（想）朝你開槍（或：你會被他們的射擊擊中）。	Flee quickly! They are going to (they want to) shoot at you (var. You will be hit by their fire).	Sauve toi vite ! Ils vont (ils veulent) te tirer dessus (vl. Tu seras atteint par leur tir).	BUAN
Ma ini su bui nhari ka pada.	你為什麼沒射那隻羚羊（山羌）（為什麼那隻羚羊沒成為你該射的目標？）？	Why did you not shoot the chamois (Why was the chamois not a target you should have shot?)?	Pourquoi n'as tu pas tiré le chamois (Pourquoi le chamois n'a-t-il pas été une cible que tu devais tirer ?) ?	BUAN
Msburaw kana ka baga mu da.	我整隻手都在壞死－我整隻手都壞死了（化膿）。	My whole hand is becoming necrotic - my whole hand is necrotic (suppurating).	Toute ma main se nécrose - toute ma main est nécrosée (purulente).	SBULAO
Aji empsburaw ka bunga su da? … Ya ksa: Empsburaw! Mhdu bi msburaw kana da!	你不覺得你的地瓜要爛了嗎？……別說：要爛了！它們其實早就全爛了！	Don't you think your sweet potatoes are going to rot? … Don't say: They will rot! They are indeed already all rotten!	Tu ne crois pas que tes patates douces vont pourrir ? … Ne dis pas : Vont pourrir ! Elles sont bien déjà toutes pourries !	SBULAO
Miing ku sbut ssbut mu kacing.	我在找一根棍子來打水牛。	I am looking for a stick to strike the buffalo.	Je cherche un bâton pour frapper le buffle.	SBUT
Smbut baga.	1）用手打、拍打；2）鼓掌。	1) To slap, to hit with the hands; 2) to applaud.	1) Gifler, taper avec les mains ; 2) applaudir.	SBUT
Smbut dqras.	打一個耳光。	To give a slap.	Donner une gifle.	SBUT
Ya ku bi sbci.	別打我。	Do not hit me.	Ne me frappe pas.	SBUT
Ida misu sbtun.	我非打你不可！	I absolutely must hit you!	Il faut absolument que je te frappe !	SBUT
Mha nami smbut payay da.	我們要打稻穀（收割）。	We are going to thresh the rice (harvest).	Nous allons battre le riz (moissonner).	SBUT
Ngalun su ima ssbut su payay?	你要找誰來收割（脫粒）你的稻子？	Whom will you take to harvest (thresh) your rice?	Qui prendras tu pour moissonner (battre) ton riz ?	SBUT
Mndha ka sbtan ku na dqras.	他打了我兩次耳光。	Twice he slapped me.	Par deux fois il m'a giflé.	SBUT
Aji ku mha sapah ka sayang! Misu ku muda psbut qaqay!	我現在不想回家！我怕被踢（我怕挨腳踢）。	I don't want to go home now! I'm afraid of getting kicked (I'm afraid of having to suffer kicks).	Je ne veux pas aller à la maison maintenant ! J'ai peur de me faire recevoir à coups de pieds (J'ai peur d'avoir à subir des coups de pieds).	SBUT
Ini pnsbut.	毫不留情地－侮辱－辱罵（？）。	Without restraint - to outrage - to insult (?).	Sans ménagements - outrager - insulter (?).	PNSBUT
Ini pnsbut pkluqih tmaan.	他毫不留情地（肆無忌憚地（？））冒犯他的父親。	He offends his father without any restraint (with impunity (?)).	Il offense sans ménagements (impunément (?)) son père.	PNSBUT
Mcsdamat nami balay kana ka sayang.	今天我們大家都很悲傷（我們都很鬱悶）。	Today, we are all quite sad (we are all melancholy).	Aujourd'hui, nous sommes tous tout tristes (nous nous ennuyons tous).	SDAMAT
Ma su saw bi sndamat!	我們多麼想念你啊（？）（註：相當於：我們見到你多麼高興！）。	How we missed you (?) (n.b. corresponds to: How glad we are to see you!).	Comme tu nous manquais (?) (nb. correspond à : Comme nous sommes contents de te voir !).	SDAMAT
Saw bi sndamat ka kari su.	你對我們說的話直達心坎。	The words you say to us go straight to the heart.	Les paroles que tu nous dis vont droit au coeur.	SDAMAT
Kla saw kiya knpraan na ka knsdmatan su sayang.	原來你今天的悲傷竟這麼深啊！	So your sadness on this day is really that great!	Elle est donc si grande que cela ta tristesse en ce jour !	SDAMAT
Ya rngaw da! Psdmatun su kana ka lqlaqi ta da!	別說了！你會讓我們所有的孩子都難過的！	Don't speak! You are going to give all our children the blues!	Ne parle pas ! Tu vas donner la cafard à tous nos enfants !	SDAMAT
Csdamat tluung kana ka dhiya.	他們全都垂頭喪氣地坐著。	They are all sitting dejected.	Ils sont tous assis abattus.	SDAMAT
Ana ini su sdahar!	你可以不用倚靠－你不必倚靠。	You can do without leaning - you are not obliged to lean.	Tu peux te dispenser de t'appuyer - tu n'es pas obligé de t'appuyer.	SDAXAL
Miyah ku smdahar sunan; tkuni kana tunux mu da!	我來靠著你，我頭好暈。	I come to lean on you, my head is spinning.	Je viens m'appuyer à toi, la tête me tourne.	SDAXAL
Ya ku sdhari!	別靠在我身上（別把我當椅背！）。	Don't lean on me (don't take me for a backrest!).	Ne t'appuye pas sur moi (ne me prends pas pour un dossier !).	SDAXAL
Luhay na bi musa msdahar qndrxan ka Pidu; Rudan bi (= Rudan bi) ka hiya!	Pido 習慣去靠著牆；他非常老了！	Pido has the habit of going to lean against the wall; he is very old!	Pido à l'habitute d'aller s'appuyer au mur ; il est très vieux !	SDAXAL
Ana ququ su msdahar; rudan ka isu.	你儘管靠著（你靠著也沒關係）；你上了年紀。	Just lean (it doesn't matter that you are leaning); you are elderly.	Appuye toi seulement (cela ne fait rien que tu sois appuyé) ; toi tu es âgé.	SDAXAL
Psdhari nanak pusu qhuni ka napa su.	把你的擔子靠在樹幹上就好。	Just lean your load against the trunk of the tree.	Appuye seulement ton fardeau contre le tronc de l'arbre.	SDAXAL
Aji su psdharun dowras ka biyi ta da?	你不把我們的小屋靠在岩石上嗎？	Won't you prop (lean) our hut against the rock?	N'appuyeras tu pas (n'adosseras tu pas) notre cabane au rocher ?	SDAXAL
Niqan sdharan na ka tleengan su hu?	你的椅子有椅背嗎？	Does your chair have a backrest?	Est-ce que ta chaise a un dossier ?	SDAXAL
Ungat sdharan na ka pnpaan nami, kiya ka snknarux bi hwinuk seejiq.	我們搭的車沒有可以倚靠的地方，這就是害乘客們腰痛的原因。	The vehicle we took had nothing to lean against, and that is what caused the back pain for the people (passengers).	Le véhicule que nous avons pris n'avait pas de quoi s'appuyer, et c'est cela qui a provoqué le mal de reins pour les gens (passagers).	SDAXAL
Paah mgrbu ida mtsdahar pusu qulit ka Talan.	從早上起，Talan 就一直靠在檜木上。	Since morning, Talan has stayed there leaning against the cypress.	Depuis le matin, Talanne reste là appuyé au cyprès.	SDAXAL
Taan na ida msdngux bi mtaqi kana ini na ttui.	看到他們都還沉睡著，他就不叫醒他們。（他不想叫醒他們。）	Seeing that they were all still deeply asleep, he does not wake them.(he does not want to wake them).	En voyant qu'ils étaient encore tous profondément endormis, il ne les réveille pas.(il ne veut pas les réveiller).	SDNGUX
Embiyax su, Bay? … Naqih! Wada ku msdma (mnsdma) kingal rabi skeeman!	你好，Rabay（＝你身體好嗎，Rabay？）……不太好！我昨晚整夜都在做惡夢！	Hello, Rabay (= Are you in good health, Rabay?), … Things are not well! All last night I did nothing but have nightmares!	Bonjour, Rabay (= Es tu en bonne santé, Rabay ?), … Cela ne va pas ! Toute la nuit dernière je n'ai fait que des cauchemars !	SD'MA
Mnusa mtrbuq qsiya ni mnsgqguq mhuqil kana da.	他們掉進水裡，全都溺死（窒息而死）了。	They fell into the water and all died drowned (suffocated).	Ils sont tombés dans l'eau et sont tous morts noyés (étouffés).	SGQGOQ
Ana mu si rngagi o, aji na qbhangun!	我怎麼跟他說（即使我這樣跟他說）他也不會理會（他不會聽）。	No matter how I tell him (even if I told him so), he will pay no heed to it (he will not listen).	J'ai beau le lui dire (même si je le lui disais) il n'en tiendra pas compte (il n'écoutera pas).	SI
Hmaun mu trabus kana ka smudal mu.	我想在我所有貧瘠的（田地）裡種甘蔗（＝用過的、耗盡的、老舊的）。（註：在引進肥料以及可用土地受限之前，太魯閣人習慣耕作一塊地兩三年，等地力耗盡後，便讓它休耕數年。）	I want to plant sugar cane in all my exhausted (fields) (= used up, worn out, old). (n.b. Before the introduction of fertilizers and the limitation of the lands left at their disposal, the Taroko used to work a plot for two or three years, then, once it was exhausted, to let it rest for several years.)	Je veux planter de la canne à sucre dans tous mes (champs) épuisés (= usagés, usés, vieux). (nb. Avant l'introduction des engrais, et la limitation des terrains laissés à leur disposition, les taroko avaient l'habitude de travailler un terrain deux ou trois ans, puis, épuisé, de le laisser reposer plusieurs années).	SIBUS
Apu ni bukuh o, apu ka msibus.	柿子和木瓜當中，柿子是甜的（＝柿子比木瓜甜）。	Of persimmons and papayas, the persimmons are the sweet ones (= Persimmons are sweeter than papayas).	Des kakis et des papayes, les kakis sont sucrés (= Les kakis sont plus sucrés que les papayes).	SIBUS
Apu ni bukuh o, ini ksibus ka bukuh.	柿子和木瓜當中，木瓜不甜（＝木瓜沒有柿子甜）。	Of persimmons and papayas, the papayas are not sweet (= Papayas are less sweet than persimmons).	Des kakis et des papayes, les papayes ne sont pas sucrées (= Les papayes sont moins sucrées que les kakis).	SIBUS
Psbusun mu kiya ka idaw.	我等一下會把飯加糖。	I will sweeten it in a moment, the rice.	Je le sucrerai tout à l'heure, le riz.	SIBUS
Tayal ssibus na!	真甜啊！	How sweet it is!	Comme c'est sucré !	SIBUS
Kmbarig su apu hu? … Tai ta nanak knsibus niya.	你想買柿子嗎？…那要看它們甜不甜。	Do you want to buy persimmons? … That depends on their sweetness.	Désires tu acheter des kakis ? … Cela dépend de leur douceur.	SIBUS
Pssli kana sida (vl. psli kana ssida) mntucing.	把所有掉落的樹枝都撿起來。	Gather up all the branches that have fallen.	Ramasse toutes les branches qui sont tombées.	SIDA
Dha bi sida na ka pusu qhuni nii.	這棵樹只有兩根樹枝而已。	This tree has only two branches.	Cet arbre n'a que deux branches seulement.	SIDA
Ga prajing msida ka pusu bnuwar su da.	你的梅樹開始長出樹枝了。	Your plum tree is starting to put out branches.	Ton prunier commence à émettre des branches.	SIDA
Wada su mtaril yayung do, msida ka elug su da.	你渡過溪流後，你的路就有一個分岔。	Once you have crossed the torrent, your road forks.	Quand tu auras traversé le torrent, ta route a une bifurcation.	SIDA
Mssida daya nii ka elug namu da.	你們的路就在這上面一點的地方分開。	Your roads part a little higher up here.	Vos routes se séparent ici un peu plus haut.	SIDA
Laqi ku siida.	當我還是小孩的時候。	When I was a child.	Quand j'étais enfant.	SIIDA
Mniyah su siida.	當你來的時候。	When you used to come.	Quand tu venais.	SIIDA
Yahun misu rmngaw ka siida.	到那時候我會來告訴你。（註：在 SIIDA＝那時與 SIDA＝樹枝之間，說話者遠未一致而統一地區分這兩者（這也說明了—雖不能因此開脫！—本書部分例句中省略此區別的原因！）；但看來多數說話者、尤其是長者，會以長音 SIIDA 表示「那時」，以短音 SIDA 表示「樹枝」！）	I will come to tell you at that moment. (n.b. Between SIIDA = Then and SIDA = branch, the difference is far from being unanimously and uniformly made by the speakers (and this is what explains — without excusing it! — the omission of this distinction in a part of the examples in this work!); but it does seem that most of the speakers, the elders especially, produce a long SIIDA to mean 'Then,' and a short SIDA to mean 'branch'!)	Je viendrai te le dire en ce moment là. (nb. Entre SIIDA = Alors et SIDA = branche, la différence est loin d'être unanimement et uniformément réalisée par les locuteurs (et c'est ce qui explique (sans l'excuser !) l'omission de cette différence dans une partie des exemples de ce travail !) ; Mais il semble bien que les plus nombreux des locuteurs, les anciens surtout, réalisent une longue : SIIDA, pour dire : Alors, et une brève : SIDA, pour dire : branche !).	SIIDA
Ya sikul da!	別推啦！	Do stop pushing!	Ne poussez donc pas !	SIKUL
Smikul namu do, aji mu dhqun rmawah da!	你們一推，我就打不開了。	If you push, I won't manage to open (it).	Si vous poussez, je n'arriverai pas à ouvrir.	SIKUL
Yahi ku dmayaw smikul tdruy mu.	來幫我推我的車。	Come help me push my car.	Viens m'aider à pousser ma voiture.	SIKUL
Ima ka msikul didensya truma hiya?	在那邊推腳踏車的是誰？	Who is that pushing the bicycle over there?	Quel est celui qui pousse le vélo là-bas ?	SIKUL
Asi ka mssikul hu?	你們非得互相推擠不可嗎？	Is it really necessary for you to jostle each other?	Est-ce indispensable de vous bousculer ?	SIKUL
Mssikul musa kana spsinaw dha dowriq (?)	他們全都推推擠擠地去看電影（＝去把眼睛洗一洗！）。	They all go jostling one another to see the cinema (= to have their eyes washed!).	Ils vont tous en se bousculant pour voir le cinéma (= pour se faire laver les yeux !).	SIKUL
Balay bi mniyah pprngaw nanak ka dhiya ni wada mksaw bi paru sskulan.	他們原本只是來商量，結果卻演變成一場大混亂推擠！	They came simply to talk things over, and there it turned into a great scuffle!	Ils sont venus simplement pour discuter et voilà que c'est devenu comme une grande bousculade !	SIKUL
Hmut namu smilaq sida qhuni muda elug.	你們一路上只顧著（無緣無故地）折斷（扯下）樹枝！	You do nothing but break off (tear off) tree branches (for no reason) as you go along the road!	Vous ne faites que casser (arracher) des branches d'arbre (sans raison) en passant par la route !	SILAQ
Manu bi ka siling su kdjiyax!	你怎麼老是在問東問西？	What is it with you always asking questions?	Qu'est ce que tu as à toujours interroger ?	SILING
Ini ku siling ana emaan ka yaku.	我可沒有質問任何人！	As for me, I have not questioned anyone!	Moi, je n'ai interrogé personne !	SILING
Ana ku smiling sunan o, ini su bi siyuk ana manu.	即使我向你提問，你也什麼都不回答！	Even if I put a question to you, you answer nothing at all!	Même si je te fais une demande, tu ne réponds rien !	SILING
Slingun mu ka tama, ya mha mkla ka hiya!	我會問爸爸，希望他會知道！	I'll ask dad, I hope he will know!	Je demanderai à papa, j'espère que lui saura !	SILING
Muda ta psiling o, ima ka msiling?	我們要參加考試；主考人是誰？	We are going to take the examination; who is the examiner?	Nous allons passer l'examen ; qui est l'examinateur ?	SILING
Lala bi ka slingan dha kman.	他們向我提出了許多請求。	They made many requests of me.	Ils m'ont fait de nombreuses demandes.	SILING
Ima bi ka slingan su shiga?	你昨天質問了誰？	Whom did you question yesterday?	Qui as tu interrogé hier ?	SILING
Naqih bi slingan ka nkari su suni.	你剛才所說的可不容易問啊！	What you have just said is not easy to ask about!	Ce que tu viens de dire n'est pas facile à demander !	SILING
Nasi niqan ndaan ta skribut o, ida ta muda psiling sapah knsat!	如果我們做了蠢事（犯了錯），我們當然要在警察（局）受審！	If we have done foolish things (offences), of course we will be brought to judgement at the (house of) police!	Si nous avons fait des bêtises (des fautes), bien entendu nous passerons en jugement à la (maison de) police !	SILING
Saman ka jiyax pslingan su sapah knsat.	你在警察局的訊問是明天。	Your interrogation at the police is tomorrow.	C'est demain ton interrogatoire à la police.	SILING
Sapah pslingan.	法院。	Courthouse.	Maison du tribunal.	SILING
Ya seejiq bi manu ka hiya mkksa mssiling ka kana dhiya.	這個人究竟會是誰呢，他們全都彼此互相詢問著這麼想。	Who on earth can this one be, they all said to themselves, questioning one another?	Qui peut-il donc bien être celui-ci, se disaient ils tous en s'interrogeant les uns les autres ?	SILING
Ini su sinaw pratu do, aji su maha mgrig da.	只要你還沒洗好碗（＝洗好餐具），你就別想去跳舞！	As long as you have not washed the bowls (= done the dishes), you will not go dancing!	Si (tant que) tu n'as pas lavé les bols (= fait la vaisselle), tu n'iras pas danser !	SINAO
Sangay da! Yahun mu sminaw pratu su ka kiya!	你休息吧！我等一下會來洗你的碗。	Rest! I'll come in a while to wash your bowls.	Repose toi ! Je viendrai tout à l'heure laver tes bols.	SINAO
Malu bi ka snagan nii; ya qdaani!	這洗碗水很有用，別倒掉！	It is useful, this dishwater; do not throw it out!	Elle est utile, cette eau de vaisselle, ne la jette pas !	SINAO
Mha ku psinaw haya mu alang paru.	我要進城去洗車。	I'm going into town to have my car washed.	Je vais en ville faire laver ma voiture.	SINAO
Nta da psinaw dowriq.	1) 我們去治療眼睛吧；2)（＝近義）我們去看電影吧。	1) Let's go have our eyes treated; 2) (= recent) Let's go to the cinema.	1) Allons nous faire soigner les yeux ; 2) (= récent) Allons au cinéma.	SINAO
Lmnglung ku musa psinaw tuki mu sapah Kuni.	我打算去 Kuni 那裡把我的手錶清洗（修理）一下。	I intend to go to Kuni's to have my watch cleaned (repaired).	Je compte aller chez Kouni faire nettoyer (réparer) ma montre.	SINAO
Hyaun su ka galiq? … Ssinaw mu haya!	你要拿那塊抹布做什麼？…拿來洗車！	What do you want to do with the rag? … Use it to wash the car!	Que veux tu faire du chiffon ? … M'en servir pour laver la voiture !	SINAO
Aji mahun ka nii! Qsiya ssinaw mu pratu ka kiya!	這個不是用來喝的！這水是拿來洗我的盤子的！	This isn't for drinking! This water is for washing my dishes!	Ce n'est pas à boire, ça ! Cette eau, c'est pour laver mes assiettes !	SINAO
Sinaw masu.	小米酒。	Millet beer.	Bière de millet.	SINAO
Mimah sinaw.	喝酒（註：但 § Mqan sinao＝吃酒，這種說法更為常見！）。	To drink beer (n.b. but: § Mqan sinao = to eat beer, is far more common!).	Boire de la bière (nb. mais : § Mqan sinao = manger de la bière, est bien plus courant !).	SINAO
Sinaw ka sputuh ni spsqrinut dtruku.	正是酒讓太魯閣人失去理智並使他們變窮！	It is alcohol that makes the Taroko lose their heads and impoverishes them!	C'est l'alcool qui fait perdre la tête aux taroko et les appauvrit !	SINAO
Aji biyaw msinaw ka masu da.	不久小米就會出產、就會變成酒了。	Before long the millet will yield, will become beer.	Avant peu le millet va donner, va devenir bière.	SINAO
Ssinaw kana ka sapah mu da.	我整間屋子都是酒味！	My whole house reeks (smells) of wine!	Toute ma maison pue (sent) le vin !	SINAO
Jiyax jiyax o, snsinaw (msnsinaw (?)) ka Masaq ni Sabak.	Massak 和 Sabak 每天都為了酒而爭吵。	Massak and Sabak quarrel every day about wine.	Massak et Sabak se querellent tous les jours à propos de vin.	SINAO
Aji mtuku ka sipa mu da.	我的稻秧不夠（我會不夠…）。	My rice seedlings will not be enough (I would not have enough of.).	Mes plants de riz ne suffiront pas (Je n'aurais pas assez de.).	SIPA
Tai ka ini psipa o, aji bi emphuma uri!	不育苗的人，也就無法種植（種不成）。	He who does not prepare seedlings will not plant (will not be able to plant) either.	Celui qui ne prépare pas des semis, ne plantera pas (ne pourra pas planter) non plus.	SIPA
Ngalun su inu ka pspaan su?	你要選哪塊地方來育苗？	Which spot will you take to make your seedbed?	Quel coin prendras tu pour faire tes semis ?	SIPA
Mnda pnspaan mu shiga ka kacing su.	你的水牛昨天踩過了我的秧田！	Your buffalo went through my seedbed yesterday!	Ton buffle est passé hier à travers mes semis !	SIPA
Mnda su paqan kuyuhan ni, sipa kana hiyi su da.	你全身都淋了雨（你去讓雨把你「吃」了），結果現在冷得直發抖！	You took all the rain on your back (you went and let the rain devour you) and now here you are chilled through and through!	Tu as reçu toute la pluie sur le dos (tu es allé te faire manger par la pluie) et te voilà tout transi de froid !	SIPA
Ga sipaw alang ka smlaan mu sapah.	我的建地就在村子的對面（正對著村子）。（註：有時作比喻義用：§ Kusa ka balae bi plngagan nami ni, ma" sipaw ka kari so !＝我們正在談債務，你的話卻扯到「對面」去了（你在迴避、閃躲！））。	It is opposite the (facing the) village that my building plot lies. (n.b. sometimes taken figuratively: § Kusa ka balae bi plngagan nami ni, ma" sipaw ka kari so! = We are discussing debts, and here your talk is 'on the opposite side' (and you slip away / dodge the issue!)).	C'est en face du (faisant face au) village qu'est mon terrain à bâtir. (nb. parfois pris dans le sens figuré : § Kusa ka balae bi plngagan nami ni, ma" sipaw ka kari so ! = Nous sommes en train de discuter de dettes, et voilà que ton parler est en face (et toi tu te défiles !)).	SIPAO
Mksipaw ka balay bi nniqan skbaki mu sbiyaw.	說實在的，我已故的祖父從前就住在對面。	To tell the truth, it was opposite that my late grandfather used to live long ago.	À dire vrai, c'est en face qu'habitait autrefois feu mon grand-père.	SIPAO
Asi bi sipaq ka hiya!	他直接就拿刀砍下去（＝他做事乾脆，不拐彎抹角）。	He strikes with his knife (= He doesn't beat around the bush).	Il frappe avec son couteau, lui (=Il n'y va pas par quatre chemins).	SIPAQ
Smipaq baga.	拍手（鼓掌）。	To clap the hands (to applaud).	Battre des mains (applaudir).	SIPAQ
Smipaq pucing.	用刀砍。	To strike with the knife.	Frapper du couteau.	SIPAQ
Paqun ku na kiya ka Pisaw.	Pisaw 以後想拿刀砍我。	Pisaw wants to give me a knife blow later.	Pissao veut me donner un coup de couteau plus tard.	SIPAQ
Ida ku na paqun kiya ka Pisaw.	無論如何我知道 Pisaw 想拿刀砍我！	In any case I know that Pisaw is looking to give me a knife blow!	De toute façon je sais que Pissao cherche à me donner un coup de couteau !	SIPAQ
Wada ku na paqan.	他打了我（＝我成了承受他所給打擊的人）。	He struck me (= I became the one who received the blow he gave).	Il m'a frappé (= Je suis devenu celui qui a reçu le coup que lui a donné).	SIPAQ
Aji ariq ka nii hu? … Npaqan Pisaw ka nii.	你那裡不是有個疤嗎？……那就是 Pisaw 打我的地方！	Isn't that a scar you have there? … That's where Pisaw struck me!	N'est-ce pas une cicatrice que tu as là ? … C'est là où Pissao m'a frappé !	SIPAQ
Klaun mu balay, ida ku na paqun!	我很確定，他一定要打我（殺我）。	I'm certain of it, he absolutely wants to strike me (to kill me).	J'en suis certain, il veut absolument me frapper (me tuer).	SIPAQ
Knriwa bi ka keekan dha! Asi bi mssipaq (ssipaq) ka dhiya.	他們的爭鬥非常激烈，已經到了互相（用刀）砍殺的地步。	Their struggle is fierce, they have come to striking each other (with the knife).	Leur lutte est acharnée, ils en sont à se frapper (avec le couteau).	SIPAQ
Ini nami ssipaq! Ima msa: mssipaq?	我們並沒有互相打！誰說要互相打了？	We are not hitting each other! Who says [we are] hitting each other?	Nous ne nous frappons pas ! Qui dit se frapper mutuellement ?	SIPAQ
Ya aji su sprang mnda psipaq baga aji su empqpah (empqapah) hu?	你該不會是故意去讓人（用刀）砍傷手，好讓自己不用再工作吧？	Wouldn't you have deliberately gone to get yourself given a (knife) blow to the hand so as to no longer have to work?	Est-ce que tu n'aurais pas fait exprès d'aller te faire donner un coup (de couteau) à la main pour ne plus avoir à travailler ?	SIPAQ
Siqa bi.	你真丟臉！－真可恥！	Shame on you! - That's shameful!	Honte à toi ! - C'est honteux !	SIQA
Siqa hari o!	喂！客氣一點！－你這樣有點自大了！	Come on! Be a bit polite! - That's a bit presumptuous of you!	Dis donc ! Sois un peu poli ! - C'est un peu prétentieux de ta part !	SIQA
MSiqa ku bi rmngaw sunan!	我不好意思（我很尷尬、難為情）跟你說這件事！	I'm ashamed (I'm awkward, embarrassed) to tell you it!	J'ai honte (je suis gêné, embarrassé) de te le dire !	SIQA
Rngagi nhari da! Manu bi ka sqaun su?	你就直說吧（快說）！你在難為情什麼（什麼事讓你覺得羞恥－你在羞恥什麼）？	Just say it (say it quickly)! Why are you embarrassed (What makes you ashamed - what are you ashamed of)?	Dis le simplement (dis le vite) ! Pourquoi tu te gênes (Qu'est-ce qui te fait honte - de quoi as tu honte) ?	SIQA
Ini ku qsiqa rmngaw ka yaku!	我可不會羞於說話（羞於說出來）。	As for me, I'm not ashamed to speak (to say it).	Moi je n'ai pas honte de parler (de le dire).	SIQA
Qsiqa (vl. Siqa) hari qbsuran su.	（或：Siqa）在你的長輩面前不要放肆（要恭敬一點）！	(var. Siqa) Don't be brazen (be a bit deferential) before your elder!	Ne sois pas effronté (sois un peu déférent) devant ton aîné !	SIQA
Ma sqaan su!	看起來你在難為情，（好像很羞愧）！	It seems you're embarrassed, (that you're ashamed)!	On dirait que tu te gênes, (que tu as honte) !	SIQA
Manu ka sqaan su?	你在羞恥什麼？（註：此詞也有「嘶啞－失聲」之意；它源自哪個詞根？與羞恥、膽怯、矜持有何關聯？？）。	What are you ashamed of? (n.b. This term also means: hoarse - loss of voice; from which root does it derive? What relation with: shame, shyness, reserve??).	De quoi as tu honte ? (nb. Ce terme signifie aussi : Enroué - extinction de voix ; de quelle R. Dérive-t-il ? Quelle relation avec : Honte, timidité, réserve ??).	SIQA
Qnduriq ku ka yaku siida asaw knsqaan mu seejiq.	那時候我羞愧（難為情）得想在眾人面前逃走。	At that moment I wanted to run away, I was so ashamed (embarrassed) in front of people.	J'avais alors envie de me sauver tellement j'avais honte (je me gênais) des gens.	SIQA
Uxay ku miyah pqsiqa sunan.	我來完全不是為了讓你難堪（或：讓你丟臉）。	I'm not coming at all to embarrass you (var. to shame you).	Je ne viens pas du tout pour te mettre dans l'embarras (vl. pour te faire honte).	SIQA
Saw bi snsiqa ka srngaw su sapah dha!	你在別人家所說的那些話簡直像是要讓人難堪（你在別人家說的話讓人很不自在）。	The words you used at other people's homes were as if meant to shame them (What you said at others' homes was of a nature to make people uncomfortable).	Elles étaient comme pour faire honte les paroles dont tu t'es servi chez les autres (Ce que tu as dit chez les autres était de nature à mettre les gens mal à l'aise).	SIQA
Msixal mkan.	不按儀式而吃、未行禮儀就吃）。	To eat not according to the rites, without having performed the rites).	Manger non pas selon les rites, sans avoir accompli les rites).	SIXAL
Ya bi psixal mkan ana ini sruwa ka seejiq.	就算別人不願意（還沒下定決心）也不要強迫他們吃。	Don't force people to eat even when they don't want to (when they haven't made up their minds).	Ne force pas les gens à manger même quand ils ne veulent pas (quand ils ne sont pas décidés).	SIXAL
Mkray bi brigan ka siyang sapah brigan nii.	這家店的豬肉很貴。	The pork at this shop is very expensive.	La viande de porc de ce magasin est très chère.	SIYAM
Mkray bi brigan siyang ka sapah brigan nii.	這家店的豬肉賣得很貴。	This shop sells pork very dear.	Ce magasin vend très cher la viande de porc.	SIYAM
Ax! Mha ta mkan siyang da!	啊！我們要好好吃一頓了。	Ah! We're going to have a good meal.	Ah ! On va faire un bon repas.	SIYAM
Uqun ta knuwan ka siyang su?	你什麼時候請我們喝喜酒？（＝我們什麼時候能吃到你的豬肉？）	When are you inviting us to your wedding? (= When will we eat your pork?)	Quand est-ce que tu invites à tes noces ? (= Quand est-ce que nous mangerons ta viande de porc) ?	SIYAM
Kingal nanak ka babuy nii; ini biyaw msiyang ka hiya!	這頭豬很特別（不尋常）；沒多久就長肥了！	This pig is special (it's extraordinary); in no time at all it fattens up!	Il est spécial (il est extraordinaire) ce cochon ; en rien de temps il s'engraisse !	SIYAM
Msiyang kana baga mu da.	我的手全是油。	My hands are all greasy.	Mes mains sont tout graisseuses.	SIYAM
Baka bi kndkilan na; psiyangi paah sayang ka babuy su da!	牠的骨架夠大了；從現在起你得把你的豬養肥！	Its frame is big enough; from now on you must fatten it up, your pig!	Sa carcasse est assez grande ; à partir de maintenant il te faut l'engraisser, ton cochon !	SIYAM
Psiyangun su paah knuwan ka babuy laqi su?	你打算什麼時候開始養肥你兒子的豬（＝為了你兒子的婚事）？（此詞有歧義，可能與 PKSYANGUN（或：PSYANGUN）（詞根＝SUYANG）＝應被使其變美者－混淆。）。	When do you plan to start fattening your son's pigs (= for your son's wedding)? (This term is ambiguous, being confusable with PKSYANGUN (var. PSYANGUN) (R. = SUYANG) = that which must be made beautiful.).	Quand penses tu commencer à engraisser les cochons de ton fils (= pour le mariage de ton fils) ? (Ce terme est ambigu, pouvant être confondu avec PKSYANGUN (vl. PSYANGUN) (R. = SUYANG) = Qui doit être rendu beau.).	SIYAM
Siyaw bi elug ka sapah niya.	他的房子就在路邊。	His house is right next to the road.	Sa maison est juste à côté de la route.	SIYAO
Siyaw hari elug ka hrpasan laqi.	兒童遊戲場離路相當近。	The children's playground is relatively near the road.	Le terrain de jeux des enfants est relativement près de la route.	SIYAO
Ga tluung siyaw tama mu ka Akit.	Akit 坐在爸爸旁邊。	Akit is sitting beside papa.	Akitz est assis à côté de papa.	SIYAO
Usa tmatak kana mtqiri siyaw qmpahan mu.	去把我田地邊緣的所有土地清理乾淨（＝割草、砍灌木或砍樹，通常是為了準備火耕）。	Go clear (= cut the grass, or the bushes, or the trees, generally to prepare a burn-clearing) all the land bordering my fields.	Va débroussailler (= couper l'herbe, ou les buissons, ou les arbres, généralement pour préparer un brûlis) tous les terrains en bordure de mes champs.	SIYAO
Mksiyaw yayung ka malu bi sbhuran.	在溪流的岸邊最容易找到涼爽（一點風）。	It's on the banks of the torrent that it's easiest to find coolness (a little breeze).	C'est sur les bords du torrent qu'il est plus facile de trouver la fraicheur (un peu de vent).	SIYAO
Mksiyaw bi ayug ka elug dha.	他們的路正好沿著溪流的岸邊。	Their road follows exactly the banks of the stream.	Leur route suit exactement les bords du ruisseau.	SIYAO
Ini ku bi sruwa smalu sapah mksiyaw dowras.	我不願意把（我的）房子蓋在懸崖腳下。	I refuse to build (my) house at the foot of the cliff.	Je n'accepte pas de construire (ma) maison aux pieds de la falaise.	SIYAO
Ma ini su pksiyaw sapah gluban ka sapah laqi su?	你怎麼不把你兒子的房子蓋在部落集會所旁邊呢？	How is it that you don't build your son's house right next to the community house?	Comment se fait il que tu ne construises pas tout près de la maison de communauté la maison de ton fils ?	SIYAO
Pksiyaw hari, o!	1) 靠近一點！2) 離遠一點（往旁邊挪一點）！	1) Come a bit closer! 2) Move away a little (put yourselves a bit to the side)!	1) approchez vous un peu ! 2) Eloignez vous un peu (mettez vous un peu sur le côté) !	SIYAO
Ini su siyuk do, ida isu da!	如果你不回答，那就表示是你！	If you don't answer, it means it's you!	Si tu ne réponds pas c'est que c'est toi !	SIYUK
Smiyuk bi kari ka naqih nii.	這個小淘氣很會頂嘴！	This rascal answers back easily!	Ce polisson réplique facilement !	SIYUK
Smiling su ana manu o, ida ku smiyuk ka yaku.	你問什麼我都回答。	You ask anything at all and I answer.	Tu demandes n'importe quoi et moi je réponds.	SIYUK
Ana manu ka slingan mu o, ini ku na bi syuki ana kingal.	不管我問他什麼，他一句話都不肯（回）我！	Whatever I ask him, he absolutely refuses to answer (me) anything!	Quoi que je lui demande il ne veut absolument rien (me) répondre !	SIYUK
Nasi su dmayaw sayang o, niqan lnglungan mu da (vl. niqan lnglungan mu smiyuk)	如果你現在幫我，我不是個忘恩負義的人（我有我的想法、我的打算，我會報答你的）。	If you help me now, I'm not an ingrate (I have a thought, I have my idea, I intend to repay you for it).	Si tu m'aides maintenant, je ne suis pas un ingrat (J'ai une pensée, j'ai mon idée, je pense te revaloir cela).	SIYUK
Ima ka msiyuk?	是誰在回嘴？	Who is it that replies?	Qui est-ce qui réplique ?	SIYUK
Mssiling ni mssiyuk duri ka dhiya.	他們彼此一問一答。	They put the questions and the answers to each other.	Ils se font mutuellement les demandes et les réponses.	SIYUK
Mntutuy ku rmngaw ka yaku do, ungat ana manu sniyuk dha.	當我站起來說話時，他們一句話都答不上來（他們什麼都不敢說！）。	When I stood up to speak, they hadn't a word of answer (they didn't dare say anything!).	Quand je me suis levé pour parler, ils n'ont pas eu un mot de réponse (ils n'ont rien osé dire !).	SIYUK
Ida su pniqun paru bi sniyuk da.	你當然會得到豐厚的回報！	You will surely have a great reward!	Tu auras bien sûr une grande récompense !	SIYUK
Mntmay sapah haduran ka hiya ni mnangal bawa snyusan.	他進入聖殿（獻祭之屋），取了保留給神靈的餅（＝經過奉獻、如同已成禁忌之物）。	He entered the temple (the house of sacrifice) and took the cakes reserved for the Spirit (= consecrated, as having become taboo).	Il entra dans le temple (la maison du sacrifice) et prit les galettes réservées à l'Esprit (= consacrées, comme devenues tabou).	SIYUS
Skparu (S.+ K + PARU)	為了使其變大、使之長大。	So that it may be big, to make grow.	Pour que ce soit grand, faire grandir.	SK
Sqnaqih.	使變壞、使敗壞之物。	That which spoils, which makes bad.	Ce qui détériore, qui rend mauvais.	SK
Sktama mu.	我已故的父親。	My late father.	Feu mon père.	SK
Ska hidaw.	中午（太陽的正中）。	Noon (the middle of the sun).	Midi (le milieu du soleil).	SKA
Nta da tluung ska sapah da.	我們進屋裡坐吧。	Let's go and sit inside the house.	Allons nous asseoir dans la maison.	SKA
Psaun su ska tutu nii ka pila su.	你打算把你的錢放進這個盒子裡嗎？	Do you intend to put your money inside this box?	Est-ce que tu comptes mettre ton argent dans cette boîte ?	SKA
Kska namu o, ungat ana kingal ka mkla!	你們當中，沒有一個人知道！	Among you, there is no one who knows!	Parmi vous, il n'y a personne qui sache !	SKA
Mami o, rhiq na ka mnihur bi; kska na hiya do, kika msibus balay.	橘子裡，很苦的是它的皮；在它的內部（在它裡面），那裡才真的是甜的。	In an orange, it is its skin that is very bitter; in its interior (inside it), there it is really sweet.	Dans une orange, C'est sa peau qui est très amère ; dans son intérieur (à l'intérieur d'elle), là c'est vraiment sucré.	SKA
Balay bi pgskaun su gnluban dha ka laqi su hu?	你真的想讓你兒子加入他們的團體嗎？	Do you really want to bring your son into their association?	Est-ce que vraiment tu veux faire entrer ton fils dans leur association ?	SKA
Kingal bi blbul ni smka ka wada mu uqun.	我只吃了一根半的香蕉。	I only ate one and a half bananas.	Je n'ai mangé qu'une banane et demie.	SKA
Bitaq bi dmka pratu ka mahun mu sinaw.	我喝酒不會超過半杯。（註：SMKA 與 DMKA 這兩個詞（無疑是同一個詞的兩個變體）想必都源自詞根 DKA。）	I will not drink more than half a cup of alcohol. (n.b. these two terms: SMKA and DMKA (no doubt two variants of the same word) must derive from the base DKA).	Je ne boirai pas plus d'une demi-tasse d'alcool. (nb. ces deux termes : SMKA et DMKA (sans doute deux variantes du même mot), doivent dériver de la base DKA).	SKA
Balay bi Atwi ka skgulun su?	你想派遣的真的是 Atwi 嗎？	Is it really Atwi that you want to send?	C'est bien Atoui que tu veux envoyer ?	SKAGUL
Ma ini su skguli ka laqi su?	你為什麼不叫你兒子去呢？	Why don't you ask your son to go?	Pourquoi ne demandes tu pas à ton fils d'aller ?	SKAGUL
Lmnglung ku smkagul Dwauwa musa mita drudan (drdanan)	我想派年輕女孩去探望老人家。	I am thinking of sending the young girls to pay a visit to the old people.	Je pense envoyer les jeunes filles faire une visite aux vieillards.	SKAGUL
Smnkagul ku Banan shiga.	我昨天在派遣 Iban（我昨天派了 Iban）。	I was sending Iban (I sent Iban) yesterday.	J'envoyais Ibanne (j'ai envoyé Ibanne) hier.	SKAGUL
Wada mu snkagul shiga ka Iban.	我昨天派了他，Iban（Iban 就是我昨天派去的人）。	I sent him yesterday, Iban (Iban is the one I sent yesterday).	Je l'ai envoyé hier, Ibanne (Ibanne est celui que j'ai envoyé hier).	SKAGUL
Empskagul ku seejiq saman ka yaku.	我呢，明天會派人去。	As for me, I will send people tomorrow.	Moi, j'enverrai des gens demain.	SKAGUL
Ma ini su pskeagul kingal laqi musa mita?	你為什麼不派一個孩子去看看呢？	Why don't you have a child sent to go and see?	Pourquoi ne fais tu pas envoyer un enfant qui aille voir ?	SKAGUL
Kmpskgulun mu saman ka laqi.	這孩子就是我想在明天派去的人。	The child is the one I wish to have sent tomorrow.	L'enfant est celui que je désire faire envoyer demain.	SKAGUL
Kmpskgulun mu laqi ka saman.	明天就是我想派這孩子去的日子。	Tomorrow is the day on which I wish to have the child sent.	Demain est le jour où je désire faire envoyer l'enfant.	SKAGUL
Tama nanak ka mskagul.	只有父親才派遣。	It is only the father who sends.	Ce n'est que le père qui envoye.	SKAGUL
Tama nanak ka empskagul.	是父親本人要派遣。	It is the father himself who will send.	C'est le père lui même qui enverra.	SKAGUL
Gisu kana ka snkgulan dha.	他們所有的使者都來了。	Here come all their envoys.	Voici qu'arrivent tous leurs envoyés.	SKAGUL
Asu skaya.	飛機（會飛的船）。	Airplane (a boat that flies).	Avion (bateau qui vole).	SKAYA
Miyah mskaya babaw phdagan kana ka qbhni.	所有的鳥都飛來曬穀場上空。	All the birds come and fly above the threshing floor.	Tous les oiseaux viennent voler au dessus de l'aire.	SKAYA
Ini su pskaya sayang ka asu su da (vl. asu skaya su da)?	你現在不讓你的飛機飛嗎？（或：aso skaya so da）	Aren't you going to fly your airplane now? (var. aso skaya so da)	Tu ve fais pas voler maintenant, ton avion ?	SKAYA
Ya squwaq! Pskyaun su kiya ka qbhni da!	別出聲（＝別說話）！你會把鳥嚇飛的！	Don't make noise (= don't talk)! You are going to make the bird fly away!	Ne fais pas de bruit (= ne parlez pas) ! Tu vas faire s'envoler l'oiseau !	SKAYA
Psaun su sbhuran do, empskaya kana ka lpi su da.	如果你把它放在有風的地方，你的稻殼會全部飛走！	If you put it down in a windy place, all your (rice) chaff will fly away!	Si tu le déposes dans un endroit où il-y-a du vent, toute ta balle (de riz) va s'envoler !	SKAYA
Ini ku skila alang namu hini!	在你們的地方（這裡），我很不適應（我覺得不自在－我無法適應水土）。	I feel out of place (I don't feel at ease - I can't acclimatize) in your country (here).	Je suis dépaysé (Je ne me trouve pas bien - je ne m'acclimate pas) dans votre pays (ici).	SKILA
Smkila ku bi hini ka yaku.	我呢，我在這裡非常自在。	As for me, I am perfectly happy here.	Moi, je me plais parfaitement ici.	SKILA
Snkila bi bbuyu ka buhi.	百合花在山上長得很好。	The lily thrives in the mountains.	Le lys se plaît en montagne.	SKILA
Snkila bi alang paru ka laqi mu.	我女兒很習慣城裡的生活（她在城裡過得很自在）。	My daughter is very well used to the town (she is happy in town).	Ma fille est très bien habituée à la ille (elle se trouve bien en ville).	SKILA
Ma su saw snkila!	我的天！看來你是要定居下來了！	My word! It looks like you're settling in!	Ma parole ! On dirait que tu t'installes !	SKILA
Ini ku skla tdruy da.	這下我錯過了火車。	There, I've missed my train.	Voilà que j'ai manqué mon train.	SK'LA
Snkla su nimah sinaw hu?	你到得夠早，趕得上喝啤酒嗎？	Did you arrive early enough to drink the beer?	Es tu arrivé assez tôt pour boire la bierre ?	SK'LA
Wada su sklaun tama ta ka shiga hu?	你昨天到得夠早，趕得上見我們的父親嗎？	Did you arrive early enough yesterday to see our father?	Est-ce que hier tu es arrivé assez tôt pour voir notre papa ?	SK'LA
Ini mu sklai shiga ka tdruy kika yahan mu sayang!	我昨天沒能趕上火車，所以我現在才來。	I didn't manage to be on time for the train yesterday, that's why I'm coming now.	Je n'ai pas réussi à être à l'heure pour le train, hier, voilà pourquoi je viens maintenant.	SK'LA
Mntutuy ku qnqgu rudux siida sskla mu knddaxan dha.	我在雞鳴時就起床，為了在他們出發時趕到那裡。	I got up at cockcrow in order to be there at their departure.	Je me suis levé au chant du coq pour être là lors de leur départ.	SK'LA
Mha msqrul kana ka qihung da!	所有的香菇都要燒焦了！（＝要有焦味了）。	All the mushrooms are going to burn! (= are going to smell burnt).	Tous les champignons vont brûler !(= vont sentir le brûlé).	SK'LOL
Psqrulun su ka idaw do, aji mu uqun da!	如果你把飯燒焦了，我就不吃了！	If you burn the rice, I won't eat it!	Si tu brûles le riz, moi je ne le mangerai pas !	SK'LOL
Ungat bi ka laqi ta da! Hiya bi ka pnsqrul kana ppajiq ta.	我們的女兒真是一無是處！就是她把我們所有的菜都燒焦了！	Our daughter really is good for nothing! It's she who burned all our vegetables!	Notre fille n'est vraiment bonne à rien ! C'est elle qui a brûlé tous nos légumes !	SK'LOL
Suqi mskrut ka habuk mu na (da(?))	我的腰帶真的太緊了。	My belt is really too tight.	Ma ceinture est vraiment trop serrée.	SK'LÖT
Pskrci hari ka negul ramil su!	你得把鞋帶再繫緊一點！	You need to tighten your shoelaces a bit more!	Il te faut serrer un peu plus les lacets de tes chaussures !	SK'LÖT
Pskrtun saku waru do, emphuqil ku da!	如果你用力勒我的脖子，我會死的！	If you squeeze my neck hard, I will die!	Si tu me serres fort le cou, je mourrai !	SK'LÖT
Sruhaw balay ka skrtan su.	你綁的（你勒的方式）真的很鬆。	Your binding (your way of tightening) is really loose.	Ta ligature (ta manière de serrer) est vraiment lâche.	SK'LÖT
Nasi ini su sku pila ka sayang do, aji misu jyagun hici.	如果你現在不存點錢（存到儲蓄銀行），以後我肯定不會想幫你。	If you don't set aside a little money now (in the savings bank), I certainly won't want to help you later on.	Si Tu ne mets pas un peu d'argent de côté maintenant (à la caisse d'épargne), je ne veux certainement pas t'aider dans la suite.	SKU
Ka smku lnglungan ka uwa su.	你的女孩（你的未婚妻）愛記仇（很會藏心事）。	Your girl (your fiancée) is spiteful (is secretive).	Ta fille (ta fiancée) est rancunière (est cachottière).	SKU
Sai smku nhari ka pila su da.	快去把你的錢存進儲蓄銀行吧。	Go quickly and put your money in the savings bank.	Va donc vite mettre ton argent à la caisse d'épargne.	SKU
Mha ku Banan psku (ppsku) bilaq pila mu.	我要去 Iban 家，把我僅有的一點錢存放在安全的地方。	I am going to Iban's to have the little money I have put in a safe place.	Je vais chez Ibanne faire mettre (pour faire mettre) en lieu sûr le peu d'argent que j'ai.	SKU
Ga inu ka skuan su payay.	1）你放稻米的地方在哪裡？2）你放的稻米在哪裡？（在第 2 種情況下，更常聽到的是：§ Ga ino ka snku so payai？）。	1) Where is the place where you deposited your rice? 2) Where is the rice you deposited? (In this second case it is more common to hear: § Ga ino ka snku so payai?).	1) Où est l'endroit où tu as déposé ton riz ? 2) Où est le riz que tu as déposé ? (Dans ce cas 2) il est plus courant d'entendre : § Ga ino ka snku so payai ?).	SKU
Ngalun mu rpun skuan mu payay ka biyi su.	你的小屋可以當我的穀倉，讓我存放稻米。	Your hut will serve me as a granary in which to store my rice.	Ta cabane me servira de grenier où entre = poser mon riz.	SKU
Ngalun mu rpun ssku mu payay ka biyi su.	我想把你的小屋當作穀倉，好有地方存放我的稻米。	I want to use your hut as a granary so as to have somewhere to store my rice.	Je veux me servir de ta cabane comme grenier afin d'avoir où déposer mon riz.	SKU
Skui ni kuyuh ka sknarux bi brah.	引發胸部疾病的正是寒冷與雨水。（註：這個詞若無上下文可能會有歧義，因為它也可能源自 SKU，意為「存放（命令式）」。）	It is cold and rain that cause chest illnesses. (n.b. This term could be ambiguous without context since it may be derived from SKU and mean: Deposit (imperative);)	Ce sont le froid et la pluie qui provoquent les maladies de poitrine. (nb. Ce terme pourrait être amphibologique sans le contexte puisqu'il peut être dérivé de : SKU et signifier : Dépose (impératif) ;)	SKUI
Mkmisan ka balay bi mskuy.	真正寒冷是在冬天。	It is in winter that it is really cold.	C'est en hiver qu'il fait vraiment froid.	SKUI
Mskuy bi ka sayang, plkusi meuxul hari! (vl. plkusi ka meuxul hari)	今天真的很冷；你得穿點暖和的（暖一點的）東西。（穿暖一點）。（或：plkusi ka muxul xali）	It is really cold today; you need to put on something warm (a bit warmer). (dress more warmly). (var. plkusi ka muxul xali)	Il fait vraiment froid aujourd'hui ; il te faut revêtir quelque chose de chaud (d'un peu plus chaud).(t'habiller plus chaudement).	SKUI
Embulang su o, ini su kskuy hu?	你光著身子；難道你不冷嗎？	There you are naked; aren't you cold then?	Te voilà nu ; Tu n'as donc pas froid ?	SKUI
Mnda nami paqan knskiyan	我們受了寒。	We suffered from the cold.	Nous avons souffert du froid.	SKUI
Mslagu lnglungan.	正直的良心－誠實。	An upright conscience - honest.	Conscience droite - honnête.	SLAGO
Mslagu bi ka qndrxan su.	你的牆真的排得很直。	Your wall is really well aligned.	Vraiment ton mur est bien alligné.	SLAGO
Mslagu bi ka seejiq nii.	這個人很誠實（忠實）。	This man is honest (loyal).	Cet homme est honnête (loyal).	SLAGO
Mslagu musa.	一直往前走。	To go straight ahead.	Aller tout droit.	SLAGO
Baka bi pslguan lnglungan.	該稍微改過自新了（該把良心導正了）。	It is time to mend one's ways a little (to straighten one's conscience).	Il est temps de s'amender un peu (de redresser la conscience).	SLAGO
Pslguun mu nxal ka knrian dha (qnali dha)	我想有一天把他們挖的溝渠弄直。	One day I want to straighten out the trench that they made.	Je veux redresser un jour la tranchée qu'ils ont faite.	SLAGO
Psrmali gmeelug elug ddaun tana ta ni pslgui ni pdhriqi uri.	要提前著手整理我們爸爸將要經過的路，把它弄得又直又乾淨。	Set to work ahead of time to prepare the road our father will travel by, and make it nice and straight and clean.	Prenez vous à l'avance pour préparer la route par où passera notre papa, et rendez-la bien droite et bien propre.	SLAGO
Mhdu mkan ka dhiya ni, msrangi ka idaw nii.	他們吃完了，剩下這些（煮好的）飯。	They have finished eating and this (cooked) rice is left over.	Ils ont fini de manger et il reste ce riz (cuit).	SLANGI
Nasi empskribut sunan ka isil baga su o, slapi da!	如果你的一隻手使你為惡，就把它砍掉！	If one of your hands leads you into evil, cut it off!	Si une de tes mains te porte au mal, coupe la !	SLAP
Ana mslaput ka seejiq o, ya hmut smlaput ka isu.	即使別人胡亂說話，你也不要輕率地說話。	Even if people talk wildly, you, do not speak thoughtlessly.	Même si les gens parlent à tort et à travers, toi, ne parle pas inconsidérément.	SLAPUT
Niqan kari da: kykuyuh (vl. kykuyuh) ka pusu bi mslaput, msa!	有句諺語說：女人才是說閒話的高手！	There is a saying: it is women who are the specialists in gossip, so it says!	Il-y-a un dicton : Ce sont les femmes les spécialistes des cancans, dit-il !	SLAPUT
Ya ta psai lhbun ka ana manu slputan dha.	我們別把別人所有的閒話放在心上！	Let us not take to heart all people's gossip!	Ne prenons pas à coeur tous les cancans des gens !	SLAPUT
Slaq kana elug da.	整條路都是泥濘。	The whole road is muddy.	Toute la route est boueuse.	SLAQ
Ini hari qmpah slaq ka dtruku.	太魯閣人不太耕作水田（或：沒有多少水田可耕作）。	The Taroko do not work the rice paddy much (var. do not have many paddies to work).	Les taroko ne travaillent pas beaucoup la rizière (vl. n'ont pas beaucoup de rizières à travailler.	SLAQ
Ga sminaw srahug ka dhiya.	他們正在洗漁網。	They are washing their nets.	Ils sont en train de laver leurs filets.	SLAXO
Smli ku cicih pila ssalu mu sapah laqi.	我在籌集一點錢，用來為我兒子蓋房子。	I am putting together a little money that will serve me to build a house for my son.	Je réunis un peu d'argent qui me servira à construire une maison pour mon fils.	SLI
Smli ku cicih pila ni sluun mu sapah laqi.	我在籌集一點錢，我要蓋我兒子的房子。	I am putting together a little money and I will build my son's house.	Je réunis un peu d'argent et je construirai la maison de mon fils.	SLI
Ga msli (mssli (?)) sapah mu kana ka dlaqi matas.	所有學童都聚集在我家。	All the schoolchildren are gathered at my house.	Tous les écoliers sont rassemblés chez moi.	SLI
Snaah dha elealang ana inu miyah mssli sapah mu kana da.	他們從各村出發，全都來我家聚集。	Setting out from everywhere, they all come to gather at my house.	Partis de partout ils viennent tous se rassembler chez moi.	SLI
Pslii nanak ka bunga ni saun mu mapa gbiyan da.	你只管把地瓜堆成一堆，今晚我去把它們搬走。	Just pile up the sweet potatoes and I will go carry them this evening.	Mets seulement en tas les patates douces et j'irai les porter ce soir.	SLI
Psliun mu saman ka dmtgsa.	我明天要召集所有老師。	I will gather all the teachers tomorrow.	Je réunirai demain tous les professeurs.	SLI
Manu bi ka paru pslian seejiq sapah wilang?	Wilang 家怎麼聚集了這麼一大群人？	What is this great gathering of people at Wilang's place?	Qu'est-ce donc que ce grand attroupement de gens chez Wilang ?	SLI
Brah sapah haduran Murisaka ka malu bi pslian sseejiq.	在 Morisaka 教堂前面有一塊便於聚集人群的空地。	It is in front of the church at Morisaka that there is a convenient ground for gathering people.	C'est devant l'église de Morisaka qu'il-y-a un terrain commode pour rassembler les gens.	SLI
Qlhangi bi! Ga msriyu ka baga laqi su!	小心！你孩子的手伸出去了。	Be careful! Your child's hand is sticking out.	Fais attention ! La main de ton enfant dépasse.	SLIYU
Paah suni ida msriyu ka hidaw.	太陽已經升起好一會兒了。	The sun has been up for quite a while now.	Voilà un bon moment que le soleil est levé.	SLIYU
Tmaga nami sryuan hidaw uuda nami dowras.	我們等著日出（或：太陽從雲後露出），好穿越岩石地帶。	We are waiting for the sunrise (var. the sun's emergence from behind the clouds) to pass through the rocks.	Nous attendons le lever du soleil (vl. la sortie du soleil de derrière les nuages) pour passer dans les rochers.	SLIYU
Papa ta tdruy o, ini ta tduwa hmut psriyu baga.	坐火車時，禁止把手伸到外面。	When one is in the train, it is forbidden to put one's hand outside.	Quand on est dans le train, il est interdit de mettre la main dehors.	SLIYU
Ga psriyu waqit na ka bunga phpah.	花的球莖開始發芽（長出它們的牙齒（＝嫩芽））。	The flower bulbs are beginning to sprout (to push out their teeth (= shoots)).	Les tubercules des fleurs commencent à germer (à faire sortir leurs dents (= germes)).	SLIYU
Snaw ni kuyuh o, mssriyux kmlawa laqi.	丈夫和妻子輪流照顧孩子。	The husband and wife take turns looking after the child.	Le mari et la femme se remplacent pour garder l'enfant.	SLIYUX
Mssriyux kmlawa qsiya ka djiyan.	Jiyan 和他的人輪流看守水源。	Jiyan and his people take turns to watch over the water.	Djian et les siens se donnent la relève pour surveiller l'eau.	SLIYUX
Aji su psryuxun ka Tatu hu.	你不想找人替換 Tatu 嗎？	Don't you want to have Tatu replaced?	Est-ce que tu ne veux pas faire remplacer Tatu ?	SLIYUX
Dhuq ka psryuxan jiyax gxal niya qqlahang sapah.	接替他同伴看守房子的日子（時刻）到了。（＝輪到他看守房子了）。	The day (the moment) to take over from his comrade in guarding the house has come. (= His turn to stand guard over the house has come).	Le jour (le moment) de prendre la relève de son camarade pour garder la maison est arrivé.(= Son tour de monter la garde de la maison est arrivé).	SLIYUX
Manu ka saang su? Uxay snluan su nanak ka kiya?	你為什麼生氣？這不是你自己決定的嗎？	Why get angry? Isn't this what you yourself decided?	Pourquoi te fâcher ? N'est-ce pas ce que tu as décidé toi même ?	S"LU
Iyux su bi ptuku kana ka snluan su.	為了完全實現你所計劃（決定）的一切。	So as to carry out completely everything you had planned (decided).	Pour réaliser complètement tout ce que tu avais prévu (décidé).	S"LU
Ana mkla ka seejiq o, ini bi srngaw ka dhiya.	即使人們知道了，他們也完全不告訴別人！（他們所知道的對分享毫無用處）。	Even when people are in the know, they do not share it with others at all! (What they know is of no use to them for sharing).	Même quand les gens sont au courant, ils n'en font pas du tout part aux autres !(Ce qu'ils savent ne leur sert pas pour partager).	S'LNO
Ana ini ku psru laqi ka yaku.	至於我，我沒有必要處罰我的兒子。	As for me, it is not necessary for me to punish my son.	Pour moi, il ne m'est pas nécessaire de punir mon fils.	S'LO
Psrui pxal ka laqi su! Ma ini qbahang kari!	好好懲罰（管教）你那孩子一次吧！你也看到他不聽話！	Punish him (correct him) once and for all, that kid of yours! You can see he doesn't obey!	Punis le (corrige le) donc une bonne fois, ton gosse ! Tu vois bien qu'il n'obéit pas !	S'LO
Wada mu psruan balay shiga ka laqi.	我昨天好好懲戒了那孩子！（＝他就是那個受了好好懲戒的人）。	I gave the kid a good correction yesterday! (= He is the one who received a good correction).	Je lui ai donné une bonne correction hier au gosse !(= Il est celui qui a reçu une bonne correction).	S'LO
Kmusa ku bi alang paru; smruwa su hu?	我很想去城裡；你允許嗎？	I would very much like to go to the city; Do you permit it?	Je voudrais bien aller à la ville ; Tu permets ?	SLOA
Lala bi ka qnnaqih mu! Aji su dhqun smruwa kana hu?	我的過錯真多！你能全部原諒嗎？	My faults are truly numerous! Will you manage to forgive them all?	Elles sont vraiment nombreuses mes fautes ! Arriveras tu à les pardonner toutes ?	SLOA
Paru ku bi qneuqu! Srwai ku balay!	我犯了大錯！原諒我吧！	I have made a serious mistake! Forgive me!	Je me suis gravement trompé ! Pardonne-moi !	SLOA
Kmusa ku bi bbuyu, bu; brahaw su balay: srwai ku han?	媽媽！我很想上山（打獵）；好心一點！允許我，好嗎？（＝求你允許我！）。	Mother! I would really like to go to the mountains (hunting); Be kind! Allow me, will you? (= Allow me, I beg you!).	Maman ! Je voudrais bien aller en montagne (à la chasse) ; Sois gentille ! Permets moi, veux tu ?(= Permets moi, je te prie !).	SLOA
Wada ku na srwaan kana ka qnnaqih mu da!	我所有的過錯，他全都原諒了我。	All my faults, he has forgiven me every one of them.	Toutes mes fautes, il me les a toutes pardonnées.	SLOA
Miyah ku sunan ppsruwa mu kana ka snkrbutan mu.	我來到你這裡，為求得寬恕我所有的過失（我所有的過錯）。	I come to you to get forgiveness for all my missteps (all my faults).	Je viens à toi pour me faire pardonner tous mes faux pas (toutes mes fautes).	SLOA
Aji manu ka yahan mu hini: spsruwa mu ana manu snrhuqan mu.	我來這裡，是為了求得寬恕我所有的疏漏。	If I come here, it is to get forgiveness for all my omissions.	Si je viens ici, c'est pour me faire pardonner toutes mes omissions.	SLOA
Srsun mu nanak ka shnuan laqi mu.	我願意自己一個人擦掉我孩子的尿。	I'm quite willing to mop up my little one's pee all by myself.	Je veux bien l'éponger toute seule le pipi de mon petit.	SLöS
Ngusul kana muhing su! Srsi binaw!	你鼻子都是鼻涕！擤一擤吧！	Your nose is full of snot! Blow it a bit!	Tu as le nez plein de nique ! Mouche toi un peu !	SLöS
Nduwa hari, o! Aji srsan ka nii!	認真一點！你做的這個根本不算擦拭！	Be a bit serious! That (what you did) is not wiping!	Sois un peu sérieux ! Cela (ce que tu as fait) ce n'est pas essuyer !	SLöS
Tbsqrun saku kiya! Psrhagi cicih ka gasil su!	你要把我勒死了！把你的繩子鬆開一點吧！	You're going to strangle me! So loosen your rope a bit!	Tu vas n'étrangler ! Desserre donc un peu ta corde !	SLOXAO
Suqi bi msdlut sapah puyan ka biyi rudux su.	你的雞舍實在太貼近廚房了。	Your henhouse is really stuck too close to the kitchen.	Ton poulailler est vraiment trop collé à la cuisine.	S'LUT
Msdlut bi baga ka hlama.	糯米糕很容易黏手。	Glutinous rice cake sticks easily to the hands.	Le gâteau de riz gluant se colle facilement aux mains.	S'LUT
Manu bi ka saun su psdlut dowras ka sapah su?	你是怎麼了，竟想把你的房子貼在岩石（懸崖）上。	What's got into you, wanting to go and stick your house to the rocks (to the cliff)?	Qu'est-ce qui te prend de vouloir aller coller ta maison aux rochers (à la falaise).	S'LUT
Wada mu sltan bi sapah paru ka biyi mu trmaan.	我把我的浴室完美地接合到主屋上了。	I have joined my bathroom perfectly to the main house.	J'ai parfaitement joint ma salle de bain à la maison principale.	S'LUT
Jiyax jiyax smhik pusu qhuni ka mrmirit, kiya ka balay bi skliwang dhyaan.	山羊日復一日地舔樹幹，這正是牠們變瘦的原因。	Day after day the goats spend their time licking tree trunks; that is exactly what makes them thin.	Jour après jours les chèvres passent leur temps à lécher les troncs d'arbres ; C'est bien cela qui les fait maigrir.	SL'XEQ
Gnrbuk tama su nanak ka pila nii! Aji bi sliqun!	這筆錢是你父親辛勞的成果！不可以浪費！	This money is the fruit of your own father's toil! It's not to be wasted!	Cet argent est le fruit de la fatigue de ton propre père ! Il n'est pas à gaspiller !	S'LYEQ
Smeeliq bi gygaya ka lqlaqi ta sayang.	當今這一代（今日比我們年輕的人）很容易違犯習俗（＝律法、禁忌）。	The present generation (those younger than us today) readily violates the customs (= the laws, the taboos).	La génération actuelle (Ceux d'aujourd'hui qui sont plus jeunes que nous) viole facilement les coutumes (=les lois, les tabous)	S'LYEQ
Ya bi biqi lqian ka pila! Pusu bi mseeliq pila ka hiya.	別給你兒子錢；他是揮霍金錢的能手。	Don't give money to your son; he's a champion at wasting money.	Ne donne pas l'argent à ton fils ; il est champion pour gaspiller l'argent.	S'LYEQ
Nasi wana pila ka sliqan su o, na, malu hari!	如果你只是浪費錢，那還算是小事！	If you were only wasting money, that would be the lesser evil!	Si tu ne faisais que gaspiller de l'argent, ce serait un moindre mal !	S'LYEQ
Ungat pndkaan ka knsliqan na gaya.	他違犯律法（習俗）的程度無與倫比。	It is in an incomparable way that he violates the laws (the customs).	C'est d'une façon incomparable qu'il viole les lois (les coutumes).	S'LYEQ
Tai binaw: Tama su ni yaku o, msmay nami bi miing sunan.	你看！你父親和我一直焦急地找你。	Look here! Your father and I have been searching for you full of anguish.	Regarde un peu ! Ton père et moi nous te cherchons tout-angoissés.	S'MAI
Ana nami nsmay bi kingal rabi ini nami angal ana manu.	我們整夜辛勤努力（盡了一切努力），卻什麼都沒抓到（打獵或捕魚）。	Yet we toiled (made every possible effort) all night long, but we caught absolutely nothing (hunting or fishing).	Nous avons pourtant peiné (fait tous les efforts possibles) toute une nuit mais nous n'avons absolument rien pris (à la chasse ou à la pêche).	S'MAI
Aji hmut ka knsmayan dha.	他們在付出的努力上毫不吝惜。	They were not sparing in the efforts they put in.	Ils n'ont pas été avares dans les efforts qu'ils ont mis en oeuvre.	S'MAI
Ida mluhay psmiyan jiyax kciyan ka dhiya.	他們習慣為收割舉辦節慶。	They are used to holding a festival for the harvest.	Ils sont habitués à faire une fête pour la moisson.	SMIYAN
Knkingal psmiyanan dha o, ida sinaw ka mahun dha balay.	他們每逢節慶，主要就是喝酒。	At each of their festivals, it is above all wine that they drink.	A chacune de leurs fêtes, c'est surtout du vin qu'ils boivent.	SMIYAN
Smiyah nami bi sunan.	我們全心全意地等你。	We await you with all our heart.	Nous t'attendons de tout coeur.	SMIYAX
Paah shkawas ka smyahan namu Psagan, msa ka bnhangan kari o, aji Ingay ka balay bi smiyahun namu?	據我所聽說的，你們從去年就盼望 Pisaw 的到來；（但）你們其實等的不是 Ingay 嗎？	From what I have heard said, it is since last year that you have been hoping for Pisaw's coming; (but) isn't it Ingay that you are actually waiting for?	D'après ce que j'ai entendu dire, c'est depuis l'an passé que vous osperez la venue de Pissao ; (mais) n'est-ce pas Ingay que vous attendez, en fait ?	SMIYAX
Aji namu balay bi psmiyah rdanan namu hu?	你們真的有讓你們的父母前來嗎（＝你們真的盼望他們來嗎？）。	Do you really see to it that your parents come (= do you really desire their coming?)?	Est-ce que vraiment vous faites en sorte que vos parents viennent (= est-ce que vous désirez vraiment leur venue ?).	SMIYAX
Mha ku snkaway rsrisaw pnaah alang dha.	我要陪從外地來的年輕人走一段路。	I'm going to accompany part of the way the young people who came from elsewhere.	Je vais faire un bout d'accompagnement aux jeunes gens venus d'ailleurs.	SMKAWAI
Smudal bi ka lukus mu.	我的衣服很破舊。	My clothes are very worn.	Mes habits sont très usagés.	SMUDAL
Qmpahan smudal.	已耕作過並任其休耕的田地。	Fields already worked and left fallow.	Champs déjà travaillés et mis en friche.	SMUDAL
Aji niqan brigan smuk ka sapah brigan su?	你的店裡有賣釘子嗎？	Do they sell nails in your shop?	Est-ce qu'on vend des clous dans ton magasin ?	SMUK
Smuk paru nanak.	只有大釘子。	Only big nails.	Seulement de grands clous.	SMUK
Ida msrusaq ka yayung babaw ndaan bgihur paru.	大颱風過境後，河水當然全都混濁了。	Of course the river is all muddy after the passing of a big typhoon.	Bien sur que le fleuve est tout fangeux après le passage d'un grand typhon.	SMUSYAQ
Snmanu namu da.	你們在討論什麼？	What are you discussing?	De quoi discutez vous ?	SN
Snpila.	關於錢。	About money.	À propos d'argent.	SN
Snkuyuh.	關於女人（註：此時 SN 隱含爭吵、爭執之意）。	About a woman (n.b. in this case, SN implies an idea of quarrel, of dispute).	À propos de femme (nb. dans ce cas, SN implique une idée de dispute, de différend).	SN
Malu.	好，健康。	Well, in good health.	Bien, en bonne santé.	SN
Skmalu.	使痊癒；使變好。	That which heals - to make it be well.	Qui guérit - faire que ce soit bien.	SN
Snkmalu.	已痊癒；已使其恢復良好狀態。	To have healed - to have acted so that it be in good condition.	Avoir guéri - avoir fait pour que ce soit en bon état.	SN
Snaw su bi.	你，你是個男子漢（你真是個漢子！）	You, you're a man (you're a real guy!)	Toi, tu es un homme (tu es un type !)	SNAO
Spat ka laqi mu: Snaw ka dha, kuyuh ka dha.	我有四個孩子：兩個男孩、兩個女孩。	I have four children: two boys and two girls.	J'ai quatre enfants : deux garçons et deux filles.	SNAO
Jiyan ka snaw Rabay.	是 Jiyan 當 Rabay 的丈夫。	It is Jiyan who is Rabay's husband.	C'est Djian qui est le mari de Rabay.	SNAO
Yahi ku bi strung kana ka yamu snaw.	你們男人都要來迎接我。	You will all come to meet me, you men.	Vous viendrez tous à ma rencontre, vous les hommes.	SNAO
Ga inu ka Kimi da? … Wada snawan seuxal ka hiya da!	Kimi 到底在哪裡呢？……她早就嫁人了（另一種說法＝Wada sdyaqon ka kimi da＝Kimi 已經結婚了）。	But where on earth is Kimi? … She's been married for a long time (another form = Wada sdyaqon ka kimi da = Kimi is already married).	Mais où est donc Kimi ? … Elle est mariée depuis longtemps (autre forme = Wada sdyaqon ka kimi da = Kimi est déjà mariée).	SNAO
Empasnaw su Kinai.	你有一天會成為Kimai的丈夫。	You will one day be Kimai's husband.	Tu seras un jour le mari de Kimai.	SNAO
Yamu kana ssnaw mkmurisaka, dayaw hari kuyuhan namu, o!	Morisaka的所有男人們，多少幫一下你們的妻子吧！	All you men of Morisaka, do help your wives a little!	Vous tous les hommes de Morisaka, aidez donc un peu vos femmes !	SNAO
Snaah namu inu miyah hini?	你們是從哪裡出發來到（為了來到）這裡的？	Where did you set out from in coming (to come) here?	D'où êtes vous partis en venant (pour venir) ici ?	SNAX
Snaah su mgrbu bitaq sayang o, khnu ka qbsiyaqan ksaan su?	從今天早上到現在，你走了多久？	From this morning until now, how long have you walked?	A partir de ce matin jusqu'à maintenant, combien de temps as tu marché ?	SNAX
Snduray bi ka yahan mu.	我是最近才來的。	It was very recently that I came.	C'est tout dernièrement que je suis venu.	SNDURAI
Ndha kbkuy mrimal pila sngari ka dnuuy mu o, maxal bi rima ka msngari da!	我原有的兩百五十多枚銀錢，如今只剩下十五枚了！	Of the 250-odd pieces of silver that I had, only just fifteen are left!	Des 250 pièces d'argent et plus que j'avais, il n'en reste que juste quinze !	SNGALI
Ana bilaq ka pila su o, nduwa bi psngari cicih.	即使你的錢很少，也要設法留下一點！	Even if the money you have is very little, try to make a little of it be left over!	Même si l'argent que tu as est bien peu, tâche de faire qu'il en reste un peu !	SNGALI
Wada psrngiyun cicih ka swayi su, psrngii duma ka mnisu uri!	你弟弟已經留下了一些，你也把你的留一點下來吧！	Your little brother has made some be left over; so make a little of yours be left over too!	Ton petit frère a fait pour qu'il en reste, Fais donc qu'il en reste un peu des tiens aussi !	SNGALI
Sngkaxa ka mnhuqil Rubaw.	Lobao是前天過世的。	It was the day before yesterday that Lobao died.	C'est avant-hier que Lobao est morte.	SNKAXA
Hmuya bi ka ini su snru ka bnhangan su da?	你為什麼不把你聽到的告訴我們呢？	Why don't you tell us what you have heard?	Pourquoi ne nous fais tu pas part de ce que tu as entendu ?	SN'LO
Ya han! Saun mu smnru dhyaan ka suyang bi kari su nii!	等一下！我想去把你告訴我們的這個好消息傳達（宣告）給他們。	Wait a moment! I want to go and tell them (announce to them) the wonderful news that you have announced to us.	Attends un peu ! Je veux aller leur faire part (leur annoncer) la merveilleuse nouvelle que tu nous as annoncé.	SN'LO
Snluan bi ima ka kari nii?	這件事是誰宣告的？	Who is it that announced this?	Qui est-ce qui a annoncé cela ?	SN'LO
Uxay hmut kari ka nii! Balay bi psrnuun kana mnswayi ka hnici kari tama ta!	這些不是隨口說說的話！我們父親的遺言必須讓所有兄弟（以及堂表親與親族）都知道（必須傳達出去）。	These are not idle words! Our father's last words must be shared (must be made known) to all the brothers (and cousins and kin).	Ce ne sont pas des paroles en l'air ! Les dernières paroles de notre père doivent être partagées (il faut en faire part) à tous les frères (et cousins et parentée).	SN'LO
Ga nami msntug saw nkari pusu ta ndudul.	我們正在談論我們的負責人（我們的大首領）所說的話。	We are talking about what our leader (our great chief) said.	Nous sommes en train de parler de ce qua dit notre responsable (notre grand chef).	SNTO
Manu bi ka sntgan namu?	你們到底在談論什麼？	What on earth are you talking about?	De quoi donc parlez vous ?	SNTO
Tayal bi ka jiyax sntgan namu!	你們花在彼此講故事上的時間可真多！	How much time you spend telling one another stories!	Ce que vous en passez du temps à vous raconter des histoires !	SNTO
Nasi su smnegul Dluan o, aji su bi empeydang.	如果你跟隨（Jiru的足跡）（跟著Jiru走），你就不會迷路。	If you follow (the tracks of) (if you go with) Jiru, you will not get lost.	Si tu suis (les traces) (si tu vas avec) Djiro, Tu ne te perdras pas.	SNUGUL
Usa nanak ka isu, ya slhbun! Empsnegul nami kiya ka yami!	你自己先走吧！別擔心！我們待會兒就跟上你。	You just go on ahead, you! Don't worry! We will follow you shortly.	Tu n'as qu'à aller, toi ! Sois sans souci ! Nous, nous te suivrons sous peu.	SNUGUL
Ya bi lnglung! Ida msnegul ga dhiya, klaun mu balay!	別煩惱（別多想）！他們在後面（跟著來），我很確定！	Don't fret (don't worry)! They are coming behind (they are following), I am sure of it!	Ne te tracasse pas (Ne pense pas) ! Ils viennent après (ils suivent), j'en suis certain !	SNUGUL
Natu ni Yusi ni jiru o, ida mssnegul kdjiyax.	Nato、Yusi和Jiru總是在一起。	Nato and Yusi and Jiru are always together.	Nato et Yoshi et Djiro sont toujours ensemble.	SNUGUL
Msnegul kana ka lqlaqi niya.	她的孩子們一個接一個（出生的時間相隔不遠）。	All her children follow one another (were born close together in time).	Tous ses enfants se suivent (sont nés à peu de distance l'un de l'autre).	SNUGUL
Ubal sneunux.	髮絲－頭髮。	A strand of hair - the hair.	Poil de cheveu - les cheveux.	SNUNUX
Ubal tunux.	頭髮。	Hair.	Cheveux.	SNUNUX
Bbaraw bi sneunux.	長髮（＝Bbalao tunux＝長頭！）。	Long hair (= Bbalao tunux = long head!).	Cheveux longs (= Bbalao tunux = longue tête !).	SNUNUX
Ita kingal sneunux su bkiyun mu ka gnsal.	遞給我一條繩子（一條辮繩），我想綑紮稻草。	Pass me a rope (a braid), I want to tie up the straw.	Passe moi une corde (une tresse) je veux lier la paille.	SNUNUX
Ana su mkan ka kasi! Ini bi seura ana bilaq ka laqi mu.	你可以安心吃這些餅乾！我兒子一點也不會眼饞（他完全不會羨慕）。	You can eat these biscuits in peace! It does not make my son the least bit envious (he is not at all envious of them).	Tu peux manger tranquille ces biscuits ! Cela ne fait pas le moins du monde envie à mon fils (il n'en est pas du tout envieux).	SOLA
Smeura ku bi mita kngkla dha.	看到他們的學問，真讓我羨慕！	It makes me envious to see their knowledge!	Cela me fait envie en voyant leur science !	SOLA
Pixan ka rnngagan na: Isu o, snegul ku, msa ni, smeura ku bi ka yaku.	他是對Pixan說的：你，跟我來！他說；而對我來說，這讓我羨慕（＝我真希望他是對我說的！）。	It was to Pixan that he said: You, follow me! He said, and, as for me, it makes me envious (= I would have wished he had said it to me!).	C'est à Pirhanne qu'il a dit : Toi, suis moi ! Dit il, et, à moi, cela me fait envie (= j'aurais voulu qu'il ne le dise à moi !).	SOLA
Mseura kana ka dhiya mita knmalu sapah mu.	我家的美讓他們垂涎（＝讓大家都羨慕）。	The beauty of my house makes their mouths water (= makes them all envious).	La beauté de ma maison leur met l'eau à la bouche (= leur fait envie à tous).	SOLA
ekan nhari! Ma su pseura seejiq!	快點吃！你沒看到你讓別人眼饞嗎？（＝何必引人羨慕呢？）	Eat quickly! Don't you see that you are making others envious? (= why make others envious?).	Mange vite ! Tu ne vois pas que tu fais envie aux autres ? (= pourquoi faire envie aux autres ?).	SOLA
Mskluwi ku mita knseura dha.	我很驚訝地看到他們如此羨慕（這讓他們多麼眼饞）。	I am astonished to see how envious they are (how much it makes them long for it).	Je suis étonné de voir combien ils sont envieux (combien cela leur fait envie).	SOLA
Sapah puyan ka kuxul bi supug.	廚房是蟑螂最愛的地方（是牠們的樂園）。	It is the kitchen that is the cockroaches' favourite place (that is their delight).	C'est la cuisine qui est le lieu de prédilection des cancrelats (qui est leur plaisir)	SOOPU
Supu ta kana.	（我們）全部一起（＝祈使）。	(We) all together (= imperative).	(Nous) tous ensemble (= impératif).	SOPU
Yamu ima ka mha? … Supu ku tama mu.	（你和誰要去？）你和誰一起去？…我和我父親一起去。	(You and who are the ones going?) Who are you going with? … I am going with my father.	(Toi et qui ceux qui vont ?) Avec qui vas-tu ? … Je vais avec mon père.	SOPU
Mseupu qmpah o, niqan ka smbarux ni, niqan ka sntuku; kiya ka hiya da!	共同勞動，（意思是：）有借出的工作日，也有償還的工作日；就是這麼回事。	Working in common, (that means:) There are days lent and there are days returned; that's what it is.	Travailler en commun, (cela veut dire :) Il-y-a des journées prêtées et il-y-a des journées rendues ; voilà ce que c'est.	SOPU
Mseupu balay ka dhiya.	他們非常團結。	They are very united.	Ils sont très unis.	SOPU
Mseupu bi qmpah ka Imin ni Laun.	Imin和Hlaon真的攜手合作（或：他們共用公款）。	Imin and Hlaon really work hand in hand (var. they pool their funds).	Iminne et Hlaon travaillent vraiment la main dans la main (vl. font caisse commune).	SOPU
Nasi ta mseupu o, ida ta mha embiyax.	如果我們團結，我們就會強大。	If we are united, then we will be strong.	Si nous sommes unis, alors nous serons forts.	SOPU
Spuaw ta biyax binaw! Ida ta dhqun	那就讓我們齊心協力吧！我們一定要成功！	Let us then unite our strength! We absolutely must succeed at it!	Unissons donc nos forces ! Il faut absolument qu'on y arrive !	SOPU
Spuun su ka beyluh ni blayan?	你要把豆子和扁豆放在一起嗎？	Do you want to put together the beans and the lentils?	Veux tu mettre ensemble les haricots et les lentilles ?	SOPU
Wahir ni bunga o, spuun su mapa hu?	地瓜藤和地瓜，你打算一次全部搬完嗎？	The sweet-potato vines and the sweet potatoes, do you intend to carry them all in one go?	Les tiges des patates et les patates douces, tu projettes de les porter toutes en une seule fois ?	SOPU
Jyagi ku bi psupu lnglungan dha hu!	請幫我讓他們達成共識！	Help me to bring them to agreement, please!	Aide moi à les mettre d'accord, s'il te plaît !	SOPU
Knuwan ka pspuan namu pila? … Mhdu ka kiya da! Nii kana ka pnspuan nami da!	你們什麼時候募集這筆錢？…但已經募完了！看看我們募到的成果！（看看我們募集的成果！）	When are you collecting the money? … But it's already done! Look at what we have collected! (Look at the product of our collection!).	Quand est-ce que vous récoltez l'argent ? … Mais c'est déjà fini ! Regarde ce que nous avons récolté ! (Regarde le produit de notre collecte !).	SOPU
Suqi mkray ka hiyi siyang sayang.	今天豬肉真的太（過分地）貴了。	Today pork is really too (excessively) expensive.	Aujourd'hui la viande de porc est vraiment trop (exagéré = ment) chère.	SOQE
Ga msuqi bi ka seejiq kiya.	那個人太過分了！	That person there goes too far!	Cette personne là exagère !	SOQE
Taqi hini da! Msuqi bi ka sayang!	你得睡在這裡！現在（要走）太晚了。	You must sleep here! It is too late now (to leave).	Il te faut dormir ici ! Il est trop tard maintenant (pour t'en aller).	SOQE
Ma su psuqi bi mimah sinaw.	你為什麼逼人過度飲（酒）呢！	Why do you push (someone) to drink to excess (alcohol)!	Pourquoi pousses tu à boire exagérément (de l'alcool) !	SOQE
Mha ta mkan ray sapah Utun o, pspdagun su manu ka isu?	我們要去參加Utun家的婚禮（婚宴），你要送什麼呢？	We are going to the wedding (to the wedding feast) at Autumn's place; what will you offer, you?	Nous allons à la noce (au repas de noces) chez Automne, qu'est-ce que tu offriras, toi ?	SPADAO
Ya ksa: Piya pila! Bilaq bi pspdagan mu sunan ka kiya!	別問這要多少錢！這只是我送你的一份小小禮物！	Do not ask how much it costs! This is just a tiny little gift I am giving you!	Ne demande pas combien cela coûte ! C'est là un tout petit cadeau que je te fais !	SPADAO
Spat nami hiyi.	我們四個－我們有四個人。	We four - We are four.	Nous quatre - Nous sommes quatre.	SPAT
Maxal spat.	十四。	Fourteen.	Quatorze.	SPAT
Spat kmxalan (vl. Spatul = spatul)	四十。（或：Spat'l ＝ spatwil）	Forty. (var. Spat'l = spatwil)	Quarante.	SPAT
Spat ni spat o, maspat da.	四加四等於八。	Four and four make eight.	Quatre et quatre font huit.	SPAT
Maxal maspat.	十八。	Eighteen.	Dix-huit.	SPAT
Maspat kmxalan.	八十。	Eighty.	Quatre-vingts.	SPAT
Mspat ku sayang da.	這是我第四次了，這一次。	This is my fourth time, this one.	C'est ma quatrième fois, celle-ci.	SPAT
Mnspat ku musa seuxal.	我以前去過四次。	I went four times in the past.	Je suis allé quatre fois dans le temps.	SPAT
Mkspat rabi ka nsaan mu bbuyu.	我在山上（打獵）待了五天（＝四夜！）。	My stay in the mountains (hunting) lasted five days (= for four nights!).	Mon séjour à la montagne (à la chasse) à duré cinq jours (= pendant quatre nuits !).	SPAT
Yahun misu mangal knspatan.	我四天後來接你。（或：KSPATAN？）	I will come to fetch you in four days. (var. KSPATAN?)	Je viendrai te chercher dans quatre jours. (vl. KSPATAN ?)	SPAT
Snspatan ka nsaan misu mangal.	我是四天前去接你的。	It was four days ago that I went to fetch you.	C'est il-y-a quatre jours que je suis allé te chercher.	SPAT
Rngaw nanak! Pnpiya ta pila?	直說吧！我們每人該出（或：收）多少錢呢？	Just speak plainly! How much money must each of us put in (var. receive)?	Parle simplement ! Nous devons mettre (vl. recevoir) chacun combien d'argent ?	SPAT
Pnspat ta nanak.	每人只有四個。	Only four each.	Seulement quatre chacun.	SPAT
Aji su tspatun?	你不把它分成四份嗎？	Won't you divide it into four?	Ne le partageras tu pas en quatre ?	SPAT
Tgspat.	位於第四位的那一個。	The one that is in fourth place.	Celui qui est à la quatrième place.	SPAT
Tgmalu.	好的那一個（最好的）。	The one that is good (the best, the finest).	Celui qui est bien (le mieux, le meilleur).	SPAT
Spatul dha (vl. spat kmxalan dha)	四十二。	Forty-two.	Quanrante deux.	SPAT
Suyang balay ka spi mu da! Wada ku na biqun pucing ka kingal rudan bi baki!	我的夢真美妙！一位很老的爺爺給了我一把刀！	My dream was wonderful! A very old grandfather gave me a machete!	Mon rêve a été merveilleux ! Un très vieux grand-père m'a donné un coutelas !	SPI
Snpi (mnspi (?)) ku sunan skeeman.	昨夜我夢見了你。	Last night I dreamed of you.	La nuit dernière j'ai rêvé de toi.	SPI
Mspi ku kdjiyax ka yaku.	我呢，我每天都做夢。	As for me, I have dreams every day.	Moi, je fais tous les jours des rêves.	SPI
Manu bi ka snpian su skeeman? Malu hu? Naqih hu?	你昨夜到底做了什麼夢？好夢嗎？壞夢嗎？	What dream did you have last night, then? A good dream? A bad one?	Quel rêve as tu donc fait la nuit dernière ? Un beau rêve ? Un mauvais ?	SPI
Ga spian (slpian?) kana muhing mu; ini ku tduwa muyas da!	我的鼻子完全塞住了；我不能（無法）唱歌。	My nose is all blocked up; I cannot (I am unable to) sing.	Mon nez est tout bouché ; je ne puis pas (je n'arrive pas à) chanter.	SPIAN
Asi ka snping ka kuyuh mu!	我的妻子非梳妝打扮不可（不然她會不高興！）	My wife absolutely must dress up (otherwise she is not happy!)	Il faut absolument qu'elle fasse toilette, ma femme (si non, elle n'est pas contente !)	SPING
Mha su inu? Ma su nsping bi da!	你到底要去哪裡？瞧你打扮得真漂亮！	Where are you off to, then? Look at you, all dressed up!	Où vas tu donc partir ? Te voilà bien parée !	SPING
Pspingi cicih ka pala su spkmalu su taan!	在你的裙子上稍加裝飾（繡一點），讓你看起來更美。（好讓它使你更漂亮）	Adorn your skirt a little (embroider a bit on it) so that you look prettier. (so that it makes you more beautiful)	Orne un peu (brode un peu sur) ta jupe pour que tu sois plus belle à voir.(pour qu'elle te rende plus belle)	SPING
Klaun ta inu ka kuxul kuyuh! Ida kiya ka ngalun na pspingan!	誰能懂女人的品味呢！這又是她視為盛裝打扮的東西。	Who can understand women's taste! This is yet another thing she counts as finery.	Qui peut comprendre le goût des femmes ! C'est encore cela qu'elle considère des atours.	SPING
Mnusa kmsiyuk pala Lubyak ka Rabay spsping na Bika niya.	Rabay去向Lubyak借裙子，好給她的女兒Bika打扮。	Rabay went to borrow Lubyak's skirt to dress up her daughter Bika in it.	Rabay est allée emprunter la jupe de Lubyak pour en parer sa fille Bica.	SPING
Malu bi ka pnspingan su.	你很有穿著品味！	You had good taste in dressing yourself!	Tu as eu du goût pour t'habiller !	SPING
Malu bi pnspingan su ka shiga.	昨天你穿得很漂亮。	Yesterday, you were well dressed.	Hier, tu étais bien habillée.	SPING
Uxay ku mqneuqu! Msprang ku balay!	不！這不是失誤！我確實是故意的。	No! It was not a mistake! I really did it on purpose.	Non ! Ce n'est pas par erreur ! J'ai bien fait exprès.	SPLANG
Ya ksa: ini ku kla! Wada sprangun su balay!	別說：我不知道！你確實是故意的！	Do not say: I did not know! You really did it on purpose!	Ne dis pas : Je ne savais pas ! Tu as vraiment fait exprès !	SPLANG
Mspruq ka shmuan mu babuy.	我的豬膀胱（孩子們拿來當球玩的）爆掉了！	My pig's bladder (which the children use as a ball) has burst!	Ma vessie de cochon (dont les enfants se servent comme d'un ballon) a éclaté !	SPLOQ
Mhrapas pspruq lblubuy lblak ka laqi mu.	我的孩子喜歡玩把紙袋弄破（爆開）。	My kid amuses himself bursting paper bags.	Mon gosse s'amuse à faire éclater des sacs en papier.	SPLOQ
Nasi su kmpspung o, spung nhari da!	你若想查核，就快點查核（稱一下）吧！	If you want to check, check (weigh) it quickly!	Si tu veux contrôler, contrôle (pèse) vite !	SPONG
Smpung ku musa dmurun.	我試著去問。	I am trying to go and ask.	J'essaye d'aller demander.	SPONG
Spngi ta lubuy su hu?	你要（你同意）我們秤你的袋子嗎？	Do you want (do you agree) that we weigh your bag?	Veux tu (acceptes tu) qu'on pèse ton sac ?	SPONG
Smpung utux.	（試探神靈－求問神靈）抽籤、占卜。	(to try the Spirit - to ask the Spirit) To draw lots.	(essayer l'Esprit - demander à l'Esprit) Tirer au sort.	SPONG
Mha mspung biyax ka hiya.	他要去比摔角（＝他要較量力氣）。	He is going to hold a wrestling contest (= he is going to measure his strength).	Il va faire un concours de lutte (= il va mesurer sa force).	SPONG
Empeuda ku hangan tama su mgspung gnealu su.	我以你父親之名懇求你的寬恕。	It is in the name of your own father that I implore your mercy.	C'est au nom de ton propre père que j'implore ta clémence.	SPONG
Piya spngan ka snpngan su.	照你所量的，共有多少量（度量單位）？	According to what you have measured, how many measures are there?	D'après ce que tu as mesuré, il-y-a combien de mesures ?	SPONG
Ini qhdu ka spngan mu trabus.	我還沒稱完花生。	I have not finished weighing the peanuts.	Je n'ai pas fini de peser les arachides.	SPONG
Spngan utux.	命運、運氣（＝神靈的度量）。	Fate - luck (= Measure of the Spirit).	Sort - chance (= Mesure de l'Esprit).	SPONG
Pspngun namu knuwan ka galiq namu da!	你們什麼時候要拿你們的布去量呢？	When will you have your cloth measured?	Quand est-ce que vous ferez mesurer votre étoffe ?	SPONG
Ya aji su miyah pspung knan hu?	我希望你不是來試探我（查核我、考驗我、掂量我）的吧！	I hope you are not coming to tempt me (to test me, to put me through a test, to size me up)!	J'espère que tu ne viens pas me tenter (ne contrôler, me faire passer un test, me soupeser) !	SPONG
Hyaun su ka tasil? … Sspung mu payay!	你要那石頭做什麼？…用來稱米。	What do you want to do with the stone? … To weigh the rice.	Que veux tu en faire de la pierre ? … Pour peser le riz.	SPONG
Uxay mkeekan! Mspung nanak ka dhiya!	不！他們不是在打架！他們只是在比摔角！	No! They are not fighting! They are only holding a wrestling contest!	Non ! Ils ne se bagarrent pas ! Ils ne font qu'un concours de lutte !	SPONG
Spug nhari pila ka isu.	你快點數錢。	You, count the money quickly.	Toi compte vite de l'argent.	SPU
Spug nhari ka pila da!	快點數錢！	Count the money quickly!	Compte le vite l'argent !	SPU
Ya tuku o, ini ku spug.	（那）夠了嗎？我不數了！	Will (that) be enough? I am not counting!	(cela) suffira-t-il ? Je ne compte pas !	SPU
Ini ku kla smpug ka yaku; hmut lala bi da!	我數不清（它們）！我只知道數量很多。	I cannot count (them)! All I know is that there are a lot.	Je n'arrive pas à (les) compter ! Tout ce que je sais c'est qu'il-y-en a beaucoup.	SPU
Ana mu si spgi ka kingal jiyax o, aji mu tnklaun!	就算我想數上一整天，也數不完！	Even if I wanted to count for a whole day, I would never get to the end of it!	Même si je voulais compter pendant un jour entier, je n'en arriverais pas à bout !	SPU
Smpug ka ini hari kla (ka) laqi mu!	算術是我兒子不太拿手的（科目）！	Arithmetic is what my son is not very good at!	C'est le calcul où mon fils n'est pas très fort !	SPU
Taan mu o, malu bi ka spgan su.	照我看，你數得很好！	From what I see, you count well!	D'après ce que je vois, tu comptes bien !	SPU
Wada su spgan kana ka pila hu?	錢你都數完了嗎？	Have you counted all of it, the money?	Tu l'as tout compté, l'argent ?	SPU
Snpgan su suni o, piya ta hiyi da!	照你剛才所算的，我們共有多少人？	According to your calculations a moment ago, how many of us are there?	D'après tes calculs de tout à l'heure, nous sommes combien de personnes ?	SPU
Nduwa bi pspug kana lqlaqi ta natas elealang ta ana inu.	請仔細清點我們各村所有的學童。（註：如同許多其他情況，此處也很容易混淆語音與語義都相近的詞：PSPU"＝使人清點；PSOPU＝使聚在一起；PSPONG＝使人測量）！！	Have all the schoolchildren of all our villages carefully counted. (n.b. As in many other cases, here too it is easy to confuse terms that are close both phonetically and in semantic value: PSPU" = to have (things) counted; PSOPU = to bring together; PSPONG = to have (things) measured)!!	Fais compter soigneusement tous les écoliers de tous nos villages. (nb. Comme dans bien d'autres cas, ici aussi il est facile de confondre des termes voisins phonétiquement comme en valeur sémantique : PSPU" = faire compter ; PSOPU = faire être ensemble ; PSPONG = faire mesurer) !!	SPU
Aji nhdu ka pnspgan namu hyhiyi dha hu?	你們清點完了嗎（你們的普查），他們有多少人？	Have you finished counting (your census) how many people they are?	Avez vous fini de compter (votre recensement) combien de personnes ils sont ?	SPU
Ga ku sqaan ka sayang; aji ku bi tduwa muyas!	我現在嗓子啞了，實在不能唱歌。	I am hoarse right now; I really cannot sing.	Je suis enroué en ce moment ; je ne puis vraiment pas chanter.	SQAAN
Ini hari sqama ka qhuni meiluq.	青木（生木）不易燃燒！	Green wood (= raw wood) does not burn easily!	Le bois vert (=le bois cru) ne brûle pas facilement !	SQAMA
Ya jiyi baga ka bangah! Msqama balay!	別用手拿炭火，它很燙！	Do not take the embers (the charcoal) in your hands. It is very hot.	Ne prends pas les braises (le charbon) dans tes mains Il est très brûlant.	SQAMA
Qlhangi bi! Msqama balay ka ayang.	要非常小心！煤油很易燃。	Be very careful! Kerosene burns easily.	Fais bien attention ! Le pétrole brûle facilement.	SQAMA
Ungat brihan ka nii! Sqmaun nanak.	這個沒有用處，只能燒掉！	This has no use; it is only fit to be burned!	Cela n'a pas d'utilité ; ce n'est qu'à brûler !	SQAMA
Ya usa hiya! Sqmaun su kiya.	別去那裡！你會被燒到（你會燙傷自己）。	Don't go there! You will burn (you'll burn yourself).	Ne va pas là ! Tu vas brûler (tu vas te brûler).	SQAMA
Sqmaun su ka sapah dha?	你要燒他們的房子嗎？	Do you want to burn their house?	Tu veux brûler leur maison ?	SQAMA
Ppatas mu nanak ka snqmaan su siida!	你燒掉的原來是我的書（我的文稿、我的信件）！	So those were my books (my writings, my letters) that you burned!	Ce sont mes livres (mes écrits, mes lettres) que tu as brûlés alors !	SQAMA
Qntaan su ka snqmaan baga na?	你看到他手上的燒傷了嗎？	Did you see the burn on his hand?	Tu l'as vue la brûlure de sa main ?	SQAMA
Qbling kari na ka patas nii! Psqmai da!	這本書全是謊言（這本書的話都是謊言）！把它燒掉吧！	This book contains only lies (the words of this book are lies)! Have it burned!	Ce livre ne contient que des mensonges (les paroles de ce livre sont des mensonges) ! Fais le brûler !	SQAMA
Manu ka saun su smqdug seejiq?	你是怎麼回事，跑去指控別人？	What gets into you, going off to accuse others?	Qu'est-ce qui te prend d'aller accuser les autres ?	SQDO
Nasi su mshaya do, na, sqdugun misu kiya da!	你要是這樣做，那我就告發你（我要控告你）。	If you act like this, then I will denounce you (I will accuse you).	Si tu agis ainsi, alors, je te dénoncerai (je t'accuserai).	SQDO
Ana saku sqdugun o, ini ku keisug!	即使你控告我，我也不怕。	Even if you accuse me, I am not afraid.	Même si tu m'accuses, je n'ai pas peur.	SQDO
Ini su qbahang kana snqdugan dha hu?	你沒聽見他們提出的種種指控嗎？	Don't you hear all the accusations they are bringing?	Tu n'entends pas toutes les accusations qu'ils portent ?	SQDO
Isu ka mnusa sapah sungtyu ppsqdug knan.	是你去村長（鎮長）家要人控告我的。	It is you who went to the mayor's house to have me accused.	C'est toi qui es allé chez le maire pour me faire accuser.	SQDO
Isu bi nanak ka gmneeguy ni lmnglung su psqdug kingal seejiq duri hu? Tayal bi rumul su!	偷東西的正是你本人，你卻打算讓別人被控告？你真是大膽！	It is you yourself who stole, and you intend to have someone else accused? You really have some nerve!	C'est toi en personne qui as volé et tu comptes faire (laisser) accuser quelqu'un d'autre ? Vraiment tu as de l'audace !	SQDO
Ga namu stuq niying kingal snlaan (smlaan?) pusu ssqdug namu saw emphuqil Thungan.	你們絞盡腦汁尋找一個可作為指控依據（罪名）的事實，好置 Tirhong 於死地！	You are racking your brains to find some fact that could serve as grounds (a basis) for an accusation and put Tirhong to death!	Vous vous cassez la tête à chercher un fait qui pourrait servir de chef (de base) d'accusation et faire mourir Tirhong !	SQDO
Mnusa ku smqit djima; … Ini su sqit ka isu?	我去砍竹子了；你不砍嗎？	I went to cut the bamboo; you're not cutting it yourself?	Je suis allé couper les bambous ; Tu ne les coupes pas toi ?	SQET
Smqit elug.	抄近路＝走捷徑。	To cut across the road = to take a shortcut.	Couper la route = prendre un raccourci.	SQET
Mha nami snqit payay kana.	我們大家都要去收割（割）稻子。	We are all going to harvest (cut) the rice.	Nous allons tous moissonner (couper) le riz.	SQET
Mniyah snqit djima ni wada na sqtun baga na nanak ka Talan.	Talan 來割稻子，結果只割傷了自己的手！	Talan came to cut the rice and only ended up cutting his own hand!	Talanne est venu couper le riz et il n'a fait que se couper la main !	SQET
Rmngaw ka drudan do, ini ta tduwa hmut snqit kari.	長輩說話時，我們無權粗魯地打斷他們！	When the elders are speaking, we have no right to rudely cut them off (interrupt them)!	Quand les anciens parlent, nous n'avons pas le droit de leur couper grossièrement la parole !	SQET
Pida bi su sqtan djima siida.	正當你砍竹子的時候。	Just at the moment when you cut (were cutting) the bamboo.	Juste au moment où tu coupes (tu coupais) les bambous.	SQET
Lmnglung ku psqit djima mu saman.	我打算明天叫人砍我的竹子。	I intend to have my bamboo cut tomorrow.	Je compte faire couper mes bambous demain.	SQET
Saw bi stqral ka srngaw su ni, aji su tduwa psqit cicih hu?	你說的話真令人昏昏欲睡！你不能稍微縮短一點嗎。	What you say is really sleep-inducing! Couldn't you shorten it a bit.	Ce que dis est vraiment endormant ! Ne pourrais tu pas raccourcir un peu.	SQET
Ssqit elug paru ka nii.	這裡是一條捷徑（大路的近路）。	This here is a shortcut (off the main road).	C'est ici un raccourci (de la grande route).	SQET
Kingal pusu sqmu o, bitaq dha ni tru ka napa na (vl. ka hiyi na)	一株玉米最多結兩、三個玉米穗。	A single maize plant bears up to two or three ears.	Un pied de maïs porte jusqu'à deux et trois épis.	SQ'MO
Niqan ngudus na ka napa niya ni ruwan ka balay bi hyhiyi buwax na.	這些玉米穗有鬚，穀粒就在裡面。	These ears have silk (a beard), and it is inside that its grain is found.	Ces épis ont de la barbe et c'est à l'intérieur qu'il y a son grain.	SQ'MO
Usa kmsiyuk sksik dha ssksik su sapah.	去借他們的掃帚來掃房子吧。	Go and borrow their broom to sweep the house.	Va donc emprunter leur balai pour balayer la maison.	SSIK
Sksik nhari da!	那就快點掃吧！	Hurry up and sweep, then!	Dépêche toi donc de balayer !	SSIK
Nduwa bi smsik kana ka hrpasan; yahan dha ngrig kiya.	要好好把整個院子掃乾淨；他們快要來這裡跳舞了。	Try to sweep the whole courtyard well; they will soon come to dance here.	Tâche de bien balayer toute la cour ; ils vont bientôt y venir danser.	SSIK
Sksikun mu kiya ka sapah spuhan.	我待會兒會掃醫務室（診療所）。	I will sweep the infirmary later.	Je balayerai plus tard l'infirmerie.	SSIK
Mici ka msksik sapah mu sayang.	現在是 Miti 在掃我的房間。	It is Mitchi who is sweeping my room right now.	C'est Mitchi qui balaye ma chambre en ce moment.	SSIK
Sksikan mu kana! Malu bi sksikan mu!	全都是我掃的！我掃得非常好呢！	It is I who sweeps everything! I sweep very well, I do!	C'est moi qui balaye tout ! Je balaye très bien, moi !	SSIK
Bubu! Smtama ku sunan! Ya ku bi shngii!	媽媽！我依靠你（我信任你）！別忘了我！	Mama! I count on you (I trust you)! Don't forget me!	Maman ! Je compte sur toi (j'ai confiance en toi) ! Ne m'oublie pas !	STAMA
Suqi bi mstama ka laqi mu!	我兒子太等著坐享其成（＝太依賴別人－毫無主動）。	My son waits too much for everything to be handed to him (= relies too much on others - takes no initiative).	Mon fils attend trop du tout cuit (= compte trop sur les autres - ne prend pas d'initiatives).	STAMA
Iyax nhari duri, Bal! Hbaraw bi ka mstama sunan!	快回來，Sibal！有很多人指望著你呢！	Come back quickly, Sibal! There are many people who count on you!	Reviens vite, Sibal ! Il-ya beaucoup de monde qui compte sur toi !	STAMA
Kmusa ka kmusa ku o, ungat stmaan mu da!	我很想去（要說想去，我是想去的），可是我再也沒有指望了（＝沒有可依靠、可指望的人）。	I would very much like to go (as for wanting to go, I do want to) but I no longer have any hope (= no one to count on, no one to lean on).	Je voudrais bien aller (pour désirer aller, je le désire) mais je n'ai plus d'espoir (= sur qui compter, sur qui m'appuyer).	STAMA
Ungat ka stmaan mu da!	我的盼望（我的依靠）已經飛走了。	My hope (my support) has flown away.	Mon espoir (mon appui) s'est envolé.	STAMA
Mhuqil tana mu do, ungat stmaan mu da.	等我父親去世（＝父親一死），我就再也沒有依靠了！	When my father dies (= my father dead), I will have no more support!	Quand mon père mourra (= mon père mort), je n'ai plus de soutien !	STAMA
Ma ku saw sgealu bi! Ungat ka stmaun mu da.	我多麼可憐！我的丈夫已經不在了！	How pitiable I am! Now my husband is no more!	Comme je suis à plaindre ! Voilà que mon mari n'est plus !	STAMA
Yamu kana dmqeepah o, ima ka stmaun namu?	你們所有工人：誰是你們的負責人（你們的頭兒）？	All you workers: who is the one in charge of you (your boss)?	Vous tous les travailleurs : Qui est votre responsable (votre chef) ?	STAMA
Stmaun ta Jes Cristu.	我們的主耶穌基督（天主教用語）。	Our Lord Jesus Christ (Catholic usage).	Notre Seigneur Jésus-Christ (cath.).	STAMA
Wada ungat paah seuxal ka sntmaan mu.	我失去我全心信賴的那個人（他／她）已經很久了！	It's been ages since I lost the one in whom I placed all my trust!	Il y a belle lurette que j'ai perdu celui (celle) en qui je mettais toute ma confiance !	STAMA
Mqaras ku bi mita khaya ka kntmaan su rudan.	我很高興看到你對你的父母（親人）有如此的信任。	I am happy to see that you have such trust in your parents.	Je suis heureux de voir que tu as une telle (qu'elle est telle) confiance dans tes parents.	STAMA
Steetu nhari ni, rngagi bi buan: Miyah ku sayang msa ka tana, ksa!	快爬到上面去，好好告訴媽媽：爸爸說我馬上就來，你這樣告訴她。（＝爸爸叫你轉告他馬上就來。）	Climb up quickly there and tell mama clearly: I'm coming right away, said papa, tell her. (= Papa said to tell you that he's coming right away).	Grimpe vite là haut et dis bien à la maman : Je viens tout de suite, dit le papa, dis lui. (= Papa a dit de te dire qu'il vient tout de suite).	STA"TO
Snteetu ku musa tagahan ka sayang.	我現在正上去，要去 Tagarhanne。	Right now I am going up to go to Tagarhanne.	En ce moment je monte pour aller à Tagarhanne.	STA"TO
Snteetu ku dgiyaq snduray.	我最近爬了那座山（我最近上山去了）。	I recently climbed the mountain (I recently went up on the mountain).	J'ai dernièrement grimpé la montagne (je suis allé dernièrement sur la montagne).	STA"TO
Ga mstrung sayang ka Mikat ni Ingay.	Mikat 和 Ingay 今天結婚。	Mikat and Ingay are getting married today.	Micatz et Ingay se marient aujourd'hui.	ST'LONG
Mnstrung nami yami Jiyan muda elug skeeman.	Jiyan 和我昨晚在路上相遇了。	Jiyan and I met each other on the road last night.	Djian et moi nous nous sommes rencontrés sur la route hier soir.	ST'LONG
Sntlung ku na elug ka Jiyan.	Jiyan 在路上遇見了我。	Jiyan met me on the road.	Djian m'a rencontré sur la route.	ST'LONG
Mstrung daya sapah su ka eelu nami.	我們的路在你家上方交會（相接－交叉）。	Our roads meet (join - cross) higher up than your house.	Nos routes se rencontrent (s'unissent - se croisent) plus haut que ta maison.	ST'LONG
Malu bi strngan ka jiyax siida.	那一天將是相聚的好機會（難得的機會）。	That day will be a fine occasion (an easy occasion) to meet.	Ce jour là ce sera une belle occasion (une occasion facile) de se rencontrer.	ST'LONG
Strngan elug.	路的交會處（十字路口）。	Crossroads.	Croisement de routes.	ST'LONG
Strung ta sntlngan elug daya.	我們在上面的路口見面吧。	Let's meet at the crossroads up there.	Rencontrons nous à la croisée des routes là haut.	ST'LONG
Ya utux ka pnstrung tnan siida.	一定是神靈（或：偶然、運氣）讓我們在那一刻相遇的！	It must be the Spirit (var. chance, luck) that made us meet at that moment!	Cela doit être l'Esprit (vl. le hasard, la chance) qui nous a fait nous rencontrer à ce moment là !	ST'LONG
Hkawas ka pstlngun mu laqi.	我明年要為我兒子娶親。	It is next year that I will marry off my son.	C'est l'an prochain que je marierai mon fils.	ST'LONG
Knteetu msstrung ka dhiya.	他們動不動就碰面（＝他們互相尋求見面）。	They run into each other at every turn (= they seek each other out to meet).	Ils se rencontrent à tout bout de champ (= Ils cherchent mutuellement à se rencontrer).	ST'LONG
Mnda priyax dowras ka Tunun; asi stmaq ka hiyi na.	杜農從岩石上摔下來，全身都成了肉糊！	Tounounne fell off the rocks and his whole body is pulp!	Tounounne est tombé des rochers et tout son corps est en bouillie !	ST'MAQ
Yaku ka kiya, msa pnkari ka Karaw do, asi ssapa tgtmaq dxgal ka dhiya da!	卡勞一說「是我」，他們全都趴倒在地、緊貼地面！	As soon as Calao said: It's me, they all sprawled out flat against the ground!	Aussitôt que Calao eut dit : C'est moi, ils se sont tous étalés aplatis contre le sol !	ST'MAQ
Mstuq lmingis ka seejiq do, Ya bi stuq hulis ka isu, o!	當別人哭得死去活來時，你至少要盡量別笑到前俯後仰（笑破肚皮？）！	When the others are crying their hearts out, you at least, try not to double up (break?) with laughter!	Quand les autres sont en train de pleurer tout ce qu'ils savent, tâche, toi, de ne pas te tordre (te casser de rire ?) de rire, au moins !	STOQ
Qlhangi bi! Ini biyaw nstuq ka gasil.	務必小心！繩子很容易斷。	Be very careful! The rope breaks easily.	Fais bien attention ! La corde se casse facilement.	STOQ
Akay bu! Msa ka hnici na kari ni, mstuq da!	「哎喲，媽呀！」是他最後的遺言，接著……他就死了！（他就這樣死了。）	Ouch, mummy! Were his last words and. He dies! (there he is, dead).	Aie nanan ! Disaient ses dernières paroles et. Il meurt !(le voilà mort).	STOQ
Paru ka laqi su? … Hana nstuq puwa na da!	你兒子長大了嗎？……他的臍帶才剛脫落（才剛斷）。	Is your son big? … His umbilical cord has only just fallen off (barely broken).	Il est grand ton fils ? … Son nombril vient à peine de se détacher (à peine cassé).	STOQ
Aji hmut nstuq ka gasil; niqan ka pnstuq hyaan da.	這條繩子不會自己斷；是有人（故意）把它弄斷的。	The string does not break by itself; there are those who broke it (on purpose).	La ficelle ne se casse pas d'elle même ; il y en a qui l'ont cassée (exprès).	STOQ
Wada nstuq ka idaw da ni, ya aji su pstqun ka sinaw duri?	我們已經沒飯了（煮好的飯吃光了，（斷了？）），希望你別把酒也給我們斷掉！	We are already out of rice (our cooked rice is used up, (broken?)), I hope you're not going to cut off our wine as well!	Nous manquons déjà de riz (notre riz cuit est épuisé, (cassé ?)), j'espère que tu ne vas pas nous couper encore le vin !	STOQ
Stpungan paru bi ka sapah mu!	我的房子到處都是霉！（我的房子很容易發霉。）	My house is all full of mould! (My house is very prone to mould.)	Ma maison est toute pleine de moisissure !(Ma maison est très sujette à moisissure)	STPONG
Suwiq da!	倒吧！	Pour it out!	Verse !	SÜEQ
Qntaan mu bi nanak, wada smuwiq nanak ka liwas qsiya su.	我親眼看見，你那甕水自己翻倒了。	I saw it with my own eyes, your water jar tipped over all by itself.	Je l'ai vu de mes propres yeux, ta jarre d'eau s'est renversée toute seule.	SÜEQ
Ga nsuwiq dxgal kana sinaw su da.	你的酒（你的啤酒）全灑在地上了。	There's your wine (your beer) all spilled on the ground.	Voilà ton vin (ta bierre) tout renversé par terre.	SÜEQ
Msuwiq ka lubuy su da.	你的袋子把裡面的東西灑出來了。	Your bag is spilling its contents.	Ton sac renverse son contenu.	SÜEQ
Jiyi bi baga! Ya bi uda psuwiq elug.	用你的手好好拿著，別在路上把它灑了。	Hold it firmly in your hand (with your hand), don't go spilling it on the way.	Tiens bien dans ta main (avec ta main) ne va pas le faire renverser en route.	SÜEQ
Muda psuwiq qsiya.	讓水澆在自己身上（＝基督徒用來指稱洗禮的用語）。	To have water poured over oneself (= Term adopted by Christians to designate Baptism).	Se faire verser de l'eau (= Terme retenu par les chrétiens pour désigner le Baptême).	SÜEQ
Mnda su psuwiq qsiya sknuwan?	你是什麼時候受洗的？	When were you baptized?	Quand est-ce que tu as été baptisé ?	SÜEQ
Tluung ka isu; psuwiqun mu nanak ka qsiya nii.	你坐下！我自己去把這水倒掉！	Sit down! I'll go and throw out (spill) the water myself!	Assieds toi ! J'irai jeter (renverser) l'eau moi même !	SÜEQ
Msuwil malu, msuwil naqih ka tama mu.	我父親時而好，時而不好。	My father is sometimes well, sometimes unwell.	Mon père tantôt est bien, tantôt mal.	SUIL
Saw kiya ka sktama mu uri; nsuwil mkan, nsuwil ini ekan!	我已故的父親早就是那樣：有時吃，有時不吃！	My late father was already like that: sometimes he ate, sometimes he didn't eat!	Feu mon père était déjà comme cela : parfois il mangeait parfois il ne mangeait pas !	SUIL
Tjiras lmingis ka laqi! Saun mu pnais smeulah hyaan.	孩子正在哭喊；我想去稍微安撫（安慰）他。	The child is crying and screaming; I want to go and calm (console) him a little.	L'enfant est en train de pleurer avec des cris ; je veux aller le calmer (le consoler) un peu.	SULAX
Quhing ni sumiq o, sumiq ka naqih.	體蝨比頭蝨更糟（＝頭蝨與體蝨相比，體蝨是壞的）。	Body lice are worse than head lice (= Head lice and body lice, the body lice are the bad ones).	Les poux de corps sont plus mauvais que ceux de tête (=Poux de tête et poux de corps, les poux de corps sont mauvais).	SUMYAQ
Suni ka malu bi taan.	剛才它還很美（好看）。	It was just a little while ago that it was beautiful (to look at).	C'est tout à l'heure que c'était beau (à voir).	SUNI
Mnusa ku suni ka yaku.	我，我剛才去過那裡。	Me, I went there a moment ago.	Moi, j'y suis allé il y a un moment.	SUNI
Mnsunu ka dgiyaq ni wada sqtun ka elug ta da.	山崩塌了，我們原本要走的路被切斷了。	The mountain collapsed and the road we were to take is cut off.	La montagne s'est éboulée et la route que nous devions suivre est coupée.	SUNO
Rudan ta seuxal.	我們從前的先人。	Our elders of former times.	Nos anciens d'autrefois.	SUXAL
Rudan ta sbiyaw.	我們的祖先。	Our ancestors.	Nos ancêtres.	SUXAL
Nseuxal ka gaya nii.	這個習俗是古時候傳下來的。	This custom is from olden times.	Cette coutume est de l'ancien temps.	SUXAL
Suyang balay ka snalu su sapah!	你蓋的房子非常漂亮。	The house you built is very beautiful.	Elle est très belle la maison que tu as construite.	SUYANG
Ana suyang bi uqun ka pnshada su o, ini ku bi seura!	無論你準備的菜餚多麼美味，都引不起我的食慾！	However good the dishes you have prepared may be, they don't tempt me at all!	Si bons que puissent être les mets que tu as préparés, ils ne me font pas envie !	SUYANG
Ngaha bi mita knsuyang sapah su ka dhiya.	他們看到你的房子如此漂亮，都看得目瞪口呆。	They are left open-mouthed on seeing how beautiful your house is.	Ils en restent bouche bée en voyant comme ta maison est belle.	SUYANG
Ungat pndkaan (na) ka knsyangan niya.	她的美無可比擬。	Her beauty is incomparable.	Sa beauté est incomparable.	SUYANG
Pksuyangi hari ka sapah su ptasan.	把你的辦公室稍微美化一下吧！	Do embellish your office a bit!	Embellis donc un peu ton bureau !	SUYANG
Pksyangun mu paah saman ka sapah niqun ina mu.	從明天起，我要著手把我媳婦要住的房間弄得更舒適！	Starting tomorrow I want to set about making nicer the room where my daughter-in-law will live!	A partir de demain je veux me mettre à rendre plus agréable la chambre où habitera ma bru !	SUYANG
Dha ta o, swayi ka isu.	你比我年輕（＝我們兩人中，你是年幼的那個）。	You are younger than me (= of the two of us, you are the young one).	Tu es plus jeune que moi (= de nous deux, tu es le jeune).	SWAI
Swayi mu kuyuh.	我的妹妹。	My younger sister.	Ma soeur cadette.	SWAI
Swayi kuyuh mu.	我妻子的妹妹（弟弟）。	My wife's younger sister (younger brother).	La petite soeur (le petit frère) de ma femme.	SWAI
Mnswayi ta ka ita.	我們，我們是兄弟（或：堂、表兄弟）。	We, we are brothers (var. cousins).	Nous, nous sommes frères (vl. cousins).	SWAI
Kana ita mnswayi.	我們全是兄弟（我們都是兄弟；＝用來稱呼同氏族群體的固定用語，就像我們會說：同胞們！弟兄們！）	All of us brothers (we are all brothers; = the set expression for addressing a group of the clan, as we would say: Fellow citizens!; Comrades, Brothers!)	Nous tous frères (nous sommes tous frères ; = Terme consacré pour s'adresser à un groupe du clan, comme nous dirions : Concitoyens !; Camarades Frères !)	SWAI
Swayay ta da.	我們就此別過吧（＝人們分別時的固定用語，相當於我們的：再見！）。	Let us part (= the set expression when people part, corresponding to our: Goodbye!).	Séparons nous (= la formule consacrée quand on se sépare et qui correspond à notre : Au revoir !).	SWAYAI
Aji biyaw mswayay ka elug nami da.	不久我們的路就要分開（分岔）了。	Before long our roads are going to separate (fork).	Avant peu nos routes vont se séparer (bifurquer).	SWAYAI
Saw kiya do, mswayay ta da hu? Keeman da!	那麼，我們就此別過？天已經黑了！	So, shall we part? It's already getting dark!	Alors, On se sépare ? Il fait déjà nuit !	SWAYAI
Mnswayi nami skeeman o, ini bi rngaw ana manu ka hiya!	昨晚我們分別時，他什麼都沒說！	When we parted last night, he didn't say anything at all!	Quand nous nous sommes séparés hier soir, il n'a rien dit du tout !	SWAYAI
Ga mswiwil paah dnamux saw bi palit ka krubaw.	蜘蛛垂掛在天花板上，像羽毛（像流蘇）一樣。	The spiders hang from the ceiling like feathers (like fringes).	Les araignées pendent au plafond comme des plumes (comme des franges).	SWIWIL
Malu bi ka phpah nii! Saun mu pswiwil babaw tqian su.	多美的一朵花！我要把它掛在你的床上方。	What a beautiful flower! I'm going to hang it above your bed.	Voilà une belle fleur ! Je vais la suspendre au dessus de ton lit.	SWIWIL
Ngusul kana ka empswiwil muhing su.	你鼻子上掛著的全是鼻涕。	It's all snot that is hanging from your nose.	C'est tout de la nique qui est suspendue à ton nez.	SWIWIL
Manu ka gimun su? Ga empswiwil hiya ka pucing su!	你在找什麼？你的刀就掛在那邊！	What are you looking for? Your machete is hanging over there!	Qu'est ce que tu cherches ? Ton coutelas est pendu là bas !	SWIWIL
Bgurah ka sapah mu; ungat na ka ana manu pswwilan na.	我的房子是全新的；還沒有任何可以掛東西的地方。	My house is brand new; it doesn't yet have anything to hang things on.	Ma maison est toute neuve ; elle n'a pas encore de quoi suspendre.	SWIWIL
Stuq ini kla shjil ka Pisaw.	對Pisaw而言沒有什麼太重（＝Pisaw不識沉重；與此結構相同：§Ini k'la mawit＝不知疲倦＝不識疲勞）。	There is nothing too heavy for Pisaw (= Pisaw does not know heaviness; same construction as: §Ini k'la mawit = Tireless = does not know fatigue).	Il n'y a rien de trop lourd pour Pissao (= Pissao ne connaît pas le lourd ; même construction que : §Ini k'la mawit = Infatigable = ne connaît pas la fatigue).	S'XDIL
Gnsal ni buwax o, buwax ka mshjil.	穀粒比稻草重。	The grain is heavier than the straw.	Le grain est plus lourd que la paille.	S'XDIL
Mshjil ka kuyuh Paras, ini usa tmalang da!	Paras的妻子懷孕了（身子重），她不再參加賽跑了。	Palace's wife is pregnant (heavy), she no longer takes part in the races.	La femme de Palace est enceinte (lourde), elle ne participe plus aux courses.	S'XDIL
Ini kshjil ka lubuy su!	你的袋子不重。	Your bag is not heavy.	Ton sac n'est pas lourd.	S'XDIL
Kla saw kiya ka knshjil napa su.	我沒想到你（背過的）那擔子竟這麼重。	I would not have believed the weight of your load (that you carried) to be like that.	Je ne l'aurais pas cru tel le poids de ta charge (que tu as portée).	S'XDIL
Mshjil bi, msa su, ida kiya knshjilan na ka payay.	你說很重！那正是稻穀本身的重量。	You say it's heavy! That's the very heaviness of the rice.	Tu dis que c'est lourd ! C'est la pesanteur même du riz.	S'XDIL
Shjilan balay ka pnpaan mu tdruy gakat.	我用腳踏車載了很重的一車貨。	I carried a really heavy load on my bicycle.	J'ai transporté une bien lourde charge sur ma bicyclette.	S'XDIL
Hnjilan na bi hiyi ka Rabay.	那正是Rabay懷孕（身子沉重）的時候。	It was at the time when Rabay was pregnant (when her body was heavy).	C'était au moment où Rabay était enceinte (où son corps était lourd)	S'XDIL
Mshiya balay ka pnsnmaan su samat.	你準備的野味真美味！	The game you have prepared is really tasty!	Il est vraiment savoureux le gibier que tu as préparé !	SXEA
Tayal knshiya ka hiyi rudux su!	你的雞肉真美味！	How tasty your chicken meat is!	Comme elle est savoureuse ta viande de poule !	SXEA
Aji kingal nanak ka knux ppajiq su hu? … Ida kiya ka knshyaan na, o!	你的菜是不是有一點特別的味道？……那只是它們天然的味道罷了！	Wouldn't your vegetables have a little special taste? … It is only their natural flavour!	Est-ce que tes légumes n'auraient pas un petit goût spécial ? … Ce n'est que leur goût naturel !	SXEA
Mnarux hiraw ka laqi mu kuyuh; ini shiraw ka laqi snaw.	我女兒得了支氣管炎（受咳嗽之苦），我兒子不咳嗽！	My daughter has bronchitis (suffers from a cough), my boy does not cough!	Ma fille a une bronchite (souffre de toux), mon garçon ne tousse pas !	SXELAO
Knriwa bi mshiraw ka Utun mu.	我的（女兒、姊妹、妻子）Utun 咳嗽得很厲害。	My (daughter, sister, wife) Utun coughs terribly.	Ma (fille, soeur, femme) Otounne tousse terriblement.	SXELAO
Ssu (Seesu - seesu?) bi! Mhuriq duri kana qabang su! … Uxay shmu ka kiya! Pnhbiyan dnamux nanak!	真丟臉！你的被單（被子）又全濕了……但這不是尿！是屋頂漏水了。	It is shameful! Here are your sheets (your blanket) all wet once again … But it is not urine! It is the roof that has had a leak.	C'est honteux ! Voilà tes draps (ta couverture) tout mouillés une nouvelle fois … Mais ce n'est pas de l'urine ! C'est le toit qui a eu une gouttière.	SX'MO
Tgai ku cicih; mha ku smhmu da.	等我一下；我要去小便了。	Wait for me a bit; I am going to urinate.	Attends moi un peu ; ja vais uriner.	SX'MO
Mshmu kana lklukus su.	你所有的衣服都被尿浸濕了。	All your clothes are soaked with urine.	Tous tes habits sont imbibés d'urine.	SX'MO
Manu ka saun su tluung hiya! Sshmu nanak!	你為什麼堅持要去那個角落坐？那裡只有尿味！	Why do you insist on going to sit in that corner? It smells of nothing but urine!	Pourquoi tiens tu à aller t'asseoir dans ce coin là ? Cela ne sent que l'urine !	SX'MO
Ana sapah ana shmuan o, wada na sluan qpras kana.	無論是房子還是尿桶，他全都用堅固的材料（水泥）建造。	Whether the house or the urinal, he built everything solidly (in cement).	Que ce soit la maison ou l'urinoir, il a tout construit en dur (en ciment).	SX'MO
Ga mshmuk sapah hmkan (shmkan?) paah shkawas ka Tautyeh.	Taotchierh 從去年起就被關在監獄裡。	Taotchierh has been shut in a prison since last year.	Taotchierh est enfermé dans une prison depuis l'année passée.	SX'MUK
Nasi su mpgeeguy (vl. mpgeeguy) o, ida misu pshmkun (pshmukun) kiya.	如果你去偷竊（如果你是小偷），我會叫人把你關起來。	If you take to stealing (if you are a thief) I will have you imprisoned.	Si tu te mets à voler (si tu es un voleur) Je te ferai enfermer.	SX'MUK
Ga shmkan kulu ka Liwis.	Liwis 被關在監獄裡。	Liwis is shut in prison.	Liwice est enfermé en prison.	SX'MUK
Mha tru hngkawas ka shmkan na kulu.	他的刑期將持續三年。	His prison term will last three years.	Son temps de prison va durer trois ans.	SX'MUK
Sapah pshmkan naqih seejiq ka nii.	這裡是關押壞人（惡人）的地方。	Here is the place where malefactors (the bad ones) are shut in.	Ici c'est l'endroit où l'on enferme les malfaiteurs (les mauvais).	SX'MUK
Ini ku shungi ka ndaan su dmayaw lqian (vl. laqi) mu.	我不會忘記你為幫助我兒子所做的事。	I do not forget what you did to help my son.	Je n'oublie pas ce que tu as fait pour aider mon fils.	SXONGI
Smhungi ku ya bi sknuwan ka pnllayan su miyah Murisaka.	我忘記你是什麼時候開始來 Morisaka 的了。	I have forgotten when you started coming to Morisaka.	J'ai oublié quand est-ce que tu as commencé à venir à Morisaka.	SXONGI
Psai bi tunux! Uxay bi shngiyun ka kiya.	把這件事牢牢記在腦子裡！這件事真的不能忘記！	Put this firmly in your head! This is really not to be forgotten!	Mets bien celà dans ta tête ! Cela n'est vraiment pas à oublier !	SXONGI
Ini ku biyaw smnguhi ka yaku.	我忘得很快。	I forget very quickly.	Moi j'oublie très vite.	SXONGI
Ndaan ta rmigaw Buluq sapah Cihung: snnguhi su?	我們去 Boloq 的那趟郊遊（太魯閣人用這個詞指島嶼與他們領域以東的海岸山脈，兩者之間隔著從花蓮延伸到台東的大縱谷）在 Cihung 那裡：你忘了嗎？	The excursion we made to Boloq (by this term the Taroko designate the coastal mountain range to the east of the island and of their territory, from which they are separated by the great valley running from Hwalien to Taitung) At Cihung's place: Have you forgotten?	Le voyage-promenade que nous avons fait à Boloq (par ce terme les taroko désignent la chaîne de montagnes côtière à l'est de l'île et de leur territoire dont ils sont séparés par la grande vallée de Hwalien à Taitung) Chez Tchirhong : Tu as oublié ?	SXONGI
Pusu ku bi mshungi ka yaku! Ini ku kla pha lnglungan.	我是個健忘的樹樁（我是遺忘冠軍！）！我沒辦法把（任何東西）記進腦子裡。	I am a stump that forgets (I am a champion at forgetting!), me! I am not able to get (anything) into my head.	Je suis une souche qui oublie (je suis champion pour oublier !), moi ! Je ne suis pas capable de me mettre (quelque chose) dans la tête.	SXONGI
Shngiyan saku hu?	你把我忘了嗎？（你不再記得我了嗎？）。	Are you forgetting me? (do you no longer remember me?).	Tu m'oublies ? (tu ne te souviens plus de moi ?).	SXONGI
Shngiyun saku hu?	你想把我忘了嗎？（你會忘記我嗎？）。	Do you want to forget me? (Will you forget me?).	Tu veux m'oublier ? (Tu m'oublieras ?).	SXONGI
Quyu shus.	眼鏡蛇。	Cobra.	Cobra.	SXÖS
Sudu! Uxay payay ka nii!	這些是雜草！這不是稻子（稻苗）！	These are weeds! This is not (a plant of) rice!	Ce sont des mauvaises herbes ! Cela n'est pas du (un plant de) riz !	SYUDO
Saun mu qmada inu ka sudu?	我該把掃出的垃圾（樹枝、枯葉、雜草）拿到哪裡去丟？	Where must I go to throw the sweepings (the branches, the dead leaves, the weeds)?	Où me faut il aller jeter les balayures (les branchages, les feuilles mortes, les mauvaises herbes).	SYUDO
Ga empruq sulay na ka lubuy.	袋子的底部破了。	The bag has its bottom pierced.	Le sac a son fond percé.	SYULAE
Sulay liwas.	鍋子的底部。	The bottom of the pot.	Le fond de la marmite.	SYULAE
Wada ku na qyutun sulay ka huling su.	你的狗咬了我的臀部（或：咬進臀部）。	Your dog bit me on the (var. in the) buttocks.	Ton chien m'a mordu les (vl. dans les) fesses.	SYULAE
Pnssulay nami muda hakaw.	我們用臀部拖行著過橋。	We dragged ourselves along on our buttocks to cross the bridge.	On se traînait sur les fesses pour passer le pont.	SYULAE
Saw shiga.	前一天。	The day before.	La veille.	S'XIGA
Mniyah ku shiga.	我昨天來了。	I came yesterday.	Je suis venu hier.	S'XIGA
Mniyah ku saw shiga.	我前一天來了。	I came the day before.	Je suis venu la veille.	S'XIGA
Ana sayang ana shiga ana sknuwan o, ini mu bi sai ka sapah su.	無論是今天、昨天，還是任何時候，我從來都不會去你家。	Whether today, or yesterday, or at any time, there has never been any question of my going to your house.	Que ce soit aujourd'hui, ou hier, ou n'importe quand, il n'a jamais été question pour moi d'aller chez toi.	S'XIGA
Nshiga ka uqun nii! Ida bi mnsbngux da.	這食物是昨天的；大概已經壞了（變酸了）。	This food is from yesterday; it has no doubt gone off (turned sour).	Elle est de hier, cette nourriture ; elle est sans doute tournée (aigre).	S'XIGA
Mqita / Tqita.	Mqeta＝觀看的人；Tqeta＝使自己被看見、出現。	Mqeta = the one who looks; Tqeta = to make oneself seen, to appear.	Mqeta = celui qui regarde ; Tqeta = se faire voir, apparaître.	T
Lalay / Plalay / Tlealay.	Lalae＝之前、前面；Plalae＝使開始；Tlalae＝實際上在前面的。	Lalae = before, in front; Plalae = to make (something) begin; Tlalae = that which is actually in front.	Lalae = Avant, devant ; Plalae = Faire commencer ; Tlalae = qui est effectivement devant.	T
Pusu / Tpusu / Ptpusu.	Pusu＝樹樁、根源；Tpusu＝屬於根源的＝不可分割的一部分；Ptpusu＝使成為不可分割的一部分、同化、使穩定。	Pusu = stump, origin; Tpusu = which is part of the stock = integral part; Ptpusu = to make (something) an integral part, to assimilate, to stabilize.	Pusu = Souche, origine ; Tpusu = qui fait part de la souche = partie intégrante ; Ptpusu = Faire être partie intégrante, assimiler, stabiliser.	T
Balung / Tbalung.	Balong＝蛋；Tbalong＝下蛋。	Balong = egg; Tbalong = to lay eggs.	Balong = oeuf ; Tbalong = pondre.	T
Mha ta inu?	我們要去哪裡？	Where are we going?	Où alllons nous ?	TA
Tama ta.	我們的父親（我們與你）。	Our father (we, including you).	Notre père (nous avec toi).	TA
Ini ta sai ka sapah na.	我們不必去他家（對我們來說那是個不該去的地方）。	We do not have to go to his house (For us it is a place not to frequent).	Nous n'avons pas à aller chez lui (C'est pour nous un endroit à ne pas fréquenter).	TA
Biqun ta na pila.	他會給我們錢。	He will give us money.	Il nous donnera de l'argent.	TA
Mha ku psakur qmpahan mu trabus.	我要犁我的田來種花生。	I am going to plough my field for the peanuts.	Je vais labourer mon champ pour les arachides.	TABE
Wana rudux; ini ku tabu ana manu ka yaku.	除了養雞以外，我不從事任何畜牧（我沒有任何家畜）。	Apart from that of chickens, I do no livestock raising (I have no domestic animals).	A part celui de poules, je ne fais aucun élevage (je n'ai aucun animal domestique).	TABU
Ana su tmabug rudux o, ungat bi brihan.	就算你養雞，也真的沒有任何利潤。	Even if you raise chickens, there is really no profit.	Même si tu élèves des poules, il n'y a vraiment aucun profit.	TABU
Tmabug babuy o, asi ka embaga.	要養豬，必須是行家（必須有一手）。	To raise pigs, one must be an expert (one must have the knack).	Pour élever des porcs, il faut être expert (il faut avoir la main).	TABU
Ungat ka mtabug kacing mu.	看管我水牛的人不在。	The one who tends my buffalo is not here.	Celui qui garde mon buffle n'est pas là.	TABU
Ungat ka tmabug kacing mu.	沒有人可以帶我的水牛去放牧。	There is no one to lead my buffalo to pasture.	Il n'y a personne pour mener paître mon buffle.	TABU
Ngalun mu tbgan rudux ka biyi siyaw sapah paru.	主屋旁邊的小屋，我會用它來養家禽。	The hut near the main house, I will use it to raise poultry.	La cabane proche de la maison principale, je m'en servirai pour faire un élevage de volailles.	TABU
Naqih bi tbgan ka mirit.	山羊不容易飼養吧？	Aren't goats hard to raise?	Les chèvres ne sont pas faciles à élever ?	TABU
Mirit bi manu ka gaga? Mirit bbuyu hu? … Aji! Tnbgan!	那邊是什麼樣的羊？是野山羊嗎？……不是！是家養的羊！	What kind of goats are those over there? Wild goats? … No! Domestic goats!	Quelle sorte de chèvres est-ce là-bas ? Des chèvres sauvages ? … Non ! (des) chèvres domestiques !	TABU
Ptbgun mu seejiq kana ka bru nii.	我想請別人（替我）餵養這些小豬，全部都要。	I want to have them all fed (I will have them fed) by others (on my behalf), all these piglets.	Je veux les faire (je les ferai) nourrir par les autres (pour mon compte), tous ces porcelets.	TABU
Ma ini su ptbgi seejiq ka wawa kacing su?	你為什麼不把你的小水牛寄養在別人家呢？	Why wouldn't you put it (don't you want to put it) in someone's keeping, your little buffalo?	Pourquoi ne le mettrais tu pas (ne veux tu pas le mettre) en pension chez quelqu'un ton petit buffle ?	TABU
Nusa su daya o, Tabuy nhari, ksa rmngaw tmaan su!	你既然要上去，就跟你父親說：快下來！	If you go (since you're going) up there, speak and say to your father: Come down quickly!	Si tu vas (puisque tu vas) là haut, Parle et dis (en disant) à ton père : Descends vite !	TABWI
Mnkyayung ku kdjiyax tmabuy.	我一路沿著溪流下來。	I came down following the torrent the whole way.	Je suis descendu en suivant toujours le torrent.	TABWI
Naqih bi tbuyun ka elug Tagahan.	塔加罕的路很難下。	The road of Tagahan is difficult to descend.	La route de Tagarhan est difficile à déscendre.	TABWI
Tbuyun mu saman ka dgiyaq gaga.	我明天要下那座山。	I will descend that mountain tomorrow.	Je la déscendrai demain cette montagne là.	TABWI
Pntabuy nami paah dgiyaq.	我們一路下山的時候（當我們下山時）。	All the while descending the mountain (while we were coming down the mountain).	Tout en déscendant de la montagne (pendant que nous déscendions de la montagne).	TABWI
Mha ku tmabun dhriq sipaw.	我要去開墾正對面的坡地。	I'm going to clear the sloping land right opposite.	Je vais défricher le terrain en pente juste en face.	TABUN
Tnabun tama mu kana ka ga.	這整塊地都是我父親開墾的。	This whole spot here was cleared by my father.	Tout ce coin là c'est mon père qui l'a défriché.	TABUN
Khnu ka tnbunan su snduray?	你最近開墾的面積有多大？	How large an area have you cleared recently?	Quelle est la surface que tu as défriché dernièrement ?	TABUN
Ma su tgaguh bi! Taga cicih!	你急什麼？等一下嘛！	Why are you in such a hurry? Do wait a bit!	Quas tu à être si pressé ? Attends donc un peu !	TAGA
Tgai ku cicih! Aji ku bi biyaw!	等我一下！我真的不會很久！	Wait for me a bit! I really won't be long!	Attends moi un peu ! Je ne serai vraiment pas long !	TAGA
Tgaun misu bitaq ska hidaw.	我會等你到中午。	I will wait for you until noon.	Je t'attendrai jusqu'à midi.	TAGA
Hbaraw bi mnswayi ka mtaga sunan.	有很多弟兄在等你。	There are many brothers who are waiting for you.	Il y a beaucoup de frères qui t'attendent.	TAGA
Mtaga nami bi sunan.	我們忠誠地等你（將會等你）。	We are waiting for you (we will wait for you) faithfully.	Nous t'attendons (nous t'attendrons) fidèlement.	TAGA
Ana bitaq knuwan ida ku mtaga sunan.	我會等你等到需要的時候（即使等到任何時候，我都會等你）。	I will wait for you as long as it takes (even until whenever, I will wait for you).	Je t'attendrai le temps qu'il faudra (même jusqu'à n'importe quand, je t'attendrai).	TAGA
Bsiyaq ka tgaan namu hu?	你們等很久了嗎？	Have you been waiting long?	Y a-t-il longtemps que vous attendez ?	TAGA
Malu bi tgaan ka hini! Niqan (ka) hrpasan ni niqan (ka) tssagan (vl. tbsagan) uri.	這是個等待的好地方（舒適的地方）：既有可消遣的，也有可遮蔽的。	This is a fine spot (a pleasant place) to wait: there's something to amuse oneself with and something to shelter under.	C'est ici un beau coin (une place agréable) pour attendre : Il y a de quoi s'ammuser et il y a de quoi se mettre à l'abri.	TAGA
Saw kiya kdjiyax ka isu! Hmut su ptaga seejiq.	你總是這樣！你老是讓人家等！	That's how you always are! You always keep people waiting!	Voilà comment tu es toujours, toi ! Tu fais toujours attendre les gens !	TAGA
Ana su mtbiyax ka isu o, sai bi ptaga cicih dhyaan hu?	即使你很趕，也請去讓他們稍等一下吧！	Even if you're in a hurry, do go and make them wait a bit, please!	Même si toi tu es pressé, va donc les faire attendre un peu, s'il te plaît !	TAGA
Sayang o, ini hari tai (qtai?) ana manu teykung mkealang truku.	如今，在太魯閣人當中幾乎看不到任何種類的雕像。	Nowadays, in Taroko society one hardly sees statues of any kind whatsoever.	De nos jours, en milieu taroko on ne voit guère de statues de quelque genre que ce soit.	TAIKONG
Ya bi takur muda hakaw.	過橋時別摔下去。	Don't go and fall while crossing the bridge.	Ne va pas tomber en passant le pont.	TAKOL
Ya bi uda ntakur dowras.	別摔進岩石裡（或：從岩石上摔下）。	Don't go and fall into the rocks (var.: fall from the rocks).	Ne va pas tomber dans les rochers (vl. tomber des rochers).	TAKOL
Mntakur kana ka qndrxan su.	你砌的整堵牆都倒了。	The whole wall you built has collapsed.	Tout le mur que tu as construit s'est renversé.	TAKOL
Manu bi ka sknarux baga su?	到底是什麼讓你的手痛？	What is it that's causing the pain in your hand?	Qu'est-ce donc qui provoque ton mal à la main ?	TAKOL
Tnkuran mu shiga!	是我昨天跌的那一跤。	It's my fall from yesterday.	C'est ma chute de hier.	TAKOL
Ana mnda hini paru bi ka buhug o, ini ktakur ka sapah mu.	雖然強烈颱風經過這裡，我的房子卻沒有倒。	Although a violent typhoon passed through here, my house did not fall.	Bien qu'un violent typhon soit passé par ici, ma maison n'est pas tombée.	TAKOL
Tnkuran mu shkawas; kiya ka sknarux tudu mu sayang!	是我去年跌的那一跤造成我今天的腰痛！	It's my fall from last year that's causing my lower-back pain today!	C'est ma chute de l'an passé qui provoque mon mal de reins aujourd'hui !	TAKOL
Ana su ptakur ka pnhiyu mu o, ida mu phyugun duri.	即使你推倒我立起來的東西，我也一定會再把它立起來。	Even if you knock over what I've set up, I will certainly set it up again.	Même si tu renverses ce que j'ai dressé, je veux certainement le dresser de nouveau.	TAKOL
Ida na ptkurun kana sqmu ka paru bgihur sayang.	今天這場大風（這場颱風）一定會把所有玉米都吹倒。	This strong wind today (this typhoon) will certainly flatten all the maize.	Ce grand vent d'aujourd'hui (ce typhon) va certainement renverser tout le maïs.	TAKOL
Taan mu o, saw bi kmtakur ka qndrxan su.	看起來，你的牆好像快倒了。	To look at it, it seems your wall is about to fall.	A le voir, on dirait que ton mur menace de tomber.	TAKOL
Ya aji su sprang kmtakur, o!	我想你不是故意要跌倒的吧？	I suppose you're not falling on purpose?	Je suppose que tu ne fais pas exprès de vouloir tomber ?	TAKOL
Mnlglug dxgal snduray o, asi bi ttakur kana spsapah nami da.	最近地震的時候，程度之烈，我們所有的房子都全塌在地上了。	When the earth shook very recently, it was to such a degree that all our houses are completely flattened.	Quand la terre a tremblé tout dernièrement, c'était à tel point que toutes nos maisons sont complètement par terre.	TAKOL
Ma su mtqral! Talang cicih!	你好像睡著了似的！快一點吧！	You look half-asleep! Go a bit faster!	On dirait que tu es endormi ! Va donc un peu plus vite !	TALANG
Knlbuan balay ka saan mu tnealang.	我大清早就去跑步（跑一小段）。	It's very early in the morning that I go running (do a bit of a run).	C'est très tôt le matin que je vais courir (faire un bout de course).	TALANG
Talang binaw! Aji ta sklaun ka tdruy da.	快跑啊！我們要趕不上火車了！	Run then! We're going to miss the train!	Cours donc ! Nous allons manquer le train !	TALANG
Malu bi tlaman na shiga!	他昨天跑得很好（他那場跑得很漂亮）。	He ran well yesterday (his run was a fine one).	Il a bien courru, hier (sa course était belle).	TALANG
Llabang balay ka tlaman brah sapah ptasan dha.	他們學校前面的跑道非常大。	The running track in front of their school is very large.	La piste de course devant leur école est très grande.	TALANG
Ptalang hari papak su.	讓你的腿走快一點吧！	Do make your legs move a bit faster!	Fais donc marcher tes jambes un peu plus vite !	TALANG
Jyagi ku ptalang haya mu hu? Ini ksa da!	你願意幫我把車發動起來嗎？它動不了了！	Will you help me get my car going? It won't run anymore!	Veux tu n'aider à faire marcher ma voiture ? Elle ne marche plus !	TALANG
Ptalang cicih kacing su binaw!	讓你的水牛跑一下看看吧！	Let's see your buffalo run a bit!	Fais voir un peu courir ton buffle !	TALANG
Mha ku ttalang.	我全速前進。	I'm going at top speed.	Je vais à toute vitesse.	TALANG
Mshjil siida ka kuyuh o, ini bi tduwa mtaril gasil bnkiyan kacing.	婦女懷孕時，不可跨過拴水牛的繩子（因為據太魯閣習俗，水牛可能在婦女跨越時拉扯繩子，導致流產）。	When a woman is pregnant, she is not allowed to step over the rope that ties a buffalo (because the buffalo might pull on the rope while the woman is crossing and cause a miscarriage, says Taroko custom).	Quand une femme est enceinte, elle n'a pas le droit d'enjamber la corde qui attache un buffle (par ce que le buffle pourrait tirer sur la corde pendant que la femme passe et provoquer un avortement, dit la coutume des taroko).	TALIL
Mntaril nami yayung skeeman do.	我們昨晚（昨天夜裡……）渡河的時候。	When we were crossing the river last night (last evening...).	Quand nous passions le fleuve hier soir (la nuit dernière...).	TALIL
Daya hari ka malu bi trilan yayung.	再往上一點，溪流較容易渡過（有個好渡處）。	It's a little higher up that the torrent is easy to cross (that there's an easy crossing).	C'est un peu plus haut qu'il est facile de passer le torrent (qu'il y a un passage facile).	TALIL
Paru bi psmiyanan ka ntrilan.	「渡越」是個非常隆重的節日。（註：TLILAN、PNTLILAN、NTLILAN 可能是我們「復活節」的譯詞。）	The “passage” is a much-celebrated day. (n.b. TLILAN, PNTLILAN, NTLILAN may be translations of our “EASTER”.)	C'est un jour très fêté que le « passage ». (nb. TLILAN, PNTLILAN, NTLILAN peuvent être des traductions de notre « PâQUES »).	TALIL
Kiya do, pntrilun dha siyaw pnlaq ka asu ni, asi hici malix ana manu snegul Esuan da!	於是，他們把船拖到岸上，撇下一切，立刻跟從耶穌。	Then, having brought their boat to the shore, they leave everything and follow Jesus at once.	Alors, ayant amené leur barque sur le rivage, ils abandonnent tout et suivent Jésus aussitôt.	TALIL
Mstaril ku kdjiyax ttrilun mu ka qnalang ga.	我總是用跳的越過這道柵欄到對面。	I always jump to get to the other side of this fence.	Je saute toujours pour passer de l'autre côté de cette barrière.	TALIL
Uxay isu ka empsdka strilan dha kiya.	待會兒不是由你來當他們跳躍（比賽）的裁判。	It's not you who acts as referee for their jumping (contest) in a little while.	Ce n'est pas toi qui fait l'arbitre pour leur (concours de) saut tout à l'heure.	TALIL
Yaku ka tnpusu smpung sntrilan dha.	由我負責測量他們跳躍的（高度、長度）。	It's I who am in charge of measuring (the height, the length of) their jumps.	C'est moi qui ai la charge de mesurer (la hauteur, la longueur de) leur sauts.	TALIL
Pstrilun mu ayug kiya ka kana lqlaqi.	我想讓所有孩子跳過那條小溪。	I want to make all the children jump over that stream.	Je veux faire sauter ce ruisseau là à tous les enfants.	TALIL
Empdhuq.	（頁末文字被截斷）	(text cut off at the bottom of the page)	(texte coupé en bas de page)	TALIL
Su pstaril huling su hu?	你能讓你的狗跳起來嗎？	Will you manage to make your dog jump?	Arriveras tu à faire sauter ton chien ?	TALIL
Nasi su Laqi bi utux o, pstaril paah hini binaw!	你若真是靈（上帝之子）的兒子，就從這裡跳下去吧！	If you are truly the Son of the Spirit (Son of God), then take a leap from here!	Si tu es vraiment le fils de l'Esprit (Fils de Dieu), Fais donc un saut depuis ici !	TALIL
Suqi mqaras o, asi bi ttaril kana papak na.	他高興得雙腳從一處蹦到另一處。	He is so happy that his feet leap from one spot to another.	Tellement il est haureux, ses pieds sautent d'un endroit à un autre.	TALIL
Mtalux kana hiyi na.	他全身滾燙（他發燒了）。	His whole body is burning (he has a fever).	Tout son corps est brûlant (il a la fièvre).	TALOX
Mtalux bi ka hidaw sayang.	今天的太陽真熱。	Today's sun is really hot.	Le soleil d'aujourd'hui est vraiment chaud.	TALOX
Mcilux bi ka sayang.	今天真熱。	Today it is really hot.	Aujourd'hui il fait vraiment chaud.	TALOX
Ini ktalux ka dngdang su.	你的「開水」不熱（＝供飲用而煮沸的水）。	Your “boiling water” is not hot (= the water boiled for drinking).	Ton « eau bouillante » n'est pas chaude (= L'eau bouillie pour boire).	TALOX
Miyah ku sunan pstalux cicih qaqay mu.	我到你家把腳稍微暖一下。	I come to your place to warm my feet a little.	Je viens chez toi me faire un peu réchauffer les pieds.	TALOX
Aji su tduwa pstalux cicih (ka) idaw mu nii hu?	你可以幫我把這飯稍微熱一下嗎，拜託？	Could you please heat up this rice for me a little?	Est-ce que tu pourrais me faire chauffer un peu ce riz, s'il te plaît ?	TALOX
Mndha, mntru wada mu pstlxun (pnstlxun) ka idaw nii!	這飯我已經熱過兩三次了！	I've already had to reheat this rice two or three times!	Il m'a déjà fallu le réchauffer deux trois fois ce riz !	TALOX
Suqi paru bi ka kntlxan hiyi na sayang.	他今天的體溫真的太高了！	His body temperature is really too high today!	La température de son corps est vraiment trop grande aujourd'hui !	TALOX
Ya ksa meuwit! Kntlxan ka ksugun mu balay!	別提累了！我最怕的其實是熱！	Don't talk about tiredness! It's above all the heat that I dread!	Ne parle pas de fatigue ! C'est surtout la chaleur que je crains !	TALOX
Tama tama o, kiya ka ksun nami baki.	父親的父親，就是我們稱為 BAKI（祖父）的人。	The father's father, that is the one we call BAKI (grandfather).	Le père du père, voilà celui que nous appelons BAKI (Grand-père).	TAMA
Tama baraw.	天父上帝。	God the Father.	Dieu le Père.	TAMA
Tama nami ka ga embliqan.	我們在天上的父（＝基督宗教主禱文的開頭：我們的天父）。	Our Father who art in heaven (= the beginning of the Christian prayer: Our Father).	Notre Père qui es aux cieux (= début de la prière chrétienne : Notre Père).	TAMA
Nasi su knteetu bsukan o, mra ku tmaan mu ka yaku da!	你若一直繼續酗酒（喝醉），我就要回我父親家了（這是妻子說的話）。	If you keep on always being drunk (getting drunk), I'm going back to my father's house (it is the wife speaking).	Si tu continues d'être toujours ivre (de t'enivre), moi je retourne chez mon père (c'est l'épouse qui parle).	TAMA
Biqi tmaan su ka pila.	給……〔釋義在第293頁頁尾被截斷；可能意為「把錢給你父親」(?)〕。	Give … [the end of the gloss is cut off at the bottom of p. 293; probable sense: “Give money to your father” (?)]	Donne … [la fin de la glose est coupée au bas de la p. 293 ; sens probable : « Donne de l'argent à ton père » (?)]	TAMA
Ga ku mtama sayang da.	看啊，今天我當上父親了（我做爸爸了）。	And now today I become a father (I become a dad).	Et voilà qu'aujourd'hui je deviens père (je deviens papa).	TAMA
Nkari nanak sktama mu ka nii.	這些是我已故父親（所說）的話。	These are the words (among the words) of my late father.	Ce sont là les paroles (parmi les paroles) de feu mon père.	TAMA
Tanah tunux.	外族人（紅頭之人？）。	The foreigners (the red heads?).	Les étrangers (Les têtes rouges ?).	TANAX
Ga tmangug ka nhuma mu qhuni da!	我種的樹已經長出嫩芽了。	The tree I planted already bears young shoots.	L'arbre que j'ai planté porte déjà de jeunes pousses.	TANGO
Tai ka nhmaan mu qhuni o, meudus bi da! Ga mtangug da!	（你知道）我種的那棵樹……它活得很好（生機盎然）！已經長出嫩芽了。	(You know) the tree I planted. It has taken well (it is truly alive)! It already has young shoots.	(Tu sais) l'arbre que j'ai planté. Il a bien pris (il est bien vivant) ! Il a déjà de jeunes pousses.	TANGO
Wada mapa towkan.	（＝他背著 TAOKAN 出門了），這幾乎肯定意味著：他去打獵了。	(= He has left carrying the TAOKAN), this means, almost for certain: He has gone hunting.	(=Il est parti en portant le TAOKAN), cela signifie, presque à coup sur : Il est allé à la chasse.	TAOKAN
Tmapaq baga.	拍手。	To clap the hands.	Frapper des mains.	TAPAK
Tmapaq qsiya.	游泳。	To swim.	Nager.	TAPAK
Babaw buhug do, wada mtapaq kana pnhuma dha.	颱風過後，人們所有的作物都被壓倒在地上。	After the typhoon all the people's crops are flattened to the ground.	Après le typhon toutes les plantations des gens sont aplaties au sol.	TAPAQ
Biqi ku kingal mtapaq bi qcinuh!	給我一塊很扁平的板子（又寬又薄）。	Give me a good flat board (wide and thin).	Donne moi une planche bien plate (large et mince).	TAPAQ
Lala bi tasil mtapaq (ska) qmpahan mu.	我的田裡有很多扁平的石頭。	In my field there are many flat stones.	Dans mon champ il y a beaucoup de pierres plates.	TAPAQ
Ptpaqi cicih ka hma pucing su.	把你刀子的刀刃稍微壓扁一點。	Flatten out the blade of your knife a little.	Aplatis un peu la lame de ton couteau.	TAPAQ
Taqi nhari da! Ma su smeuwit bi seejiq!	快去睡覺！你是怎麼了，把大家都累壞？	Hurry up and sleep! What's got into you, wearing everyone out?	Dépêche toi de dormir ! Qu'est-ce qui te prend de fatiguer le monde ?	TAQE
Malu ka malu hari! Ida mtaqi mkan ka hiya!	是啊！他好一點了！但他還是躺著吃（他還得躺著吃飯）。	Yes! He's a bit better! But he still eats lying down (he must still stay lying down to eat).	Oui ! Il est un peu mieux ! Mais il mange encore couché (il doit encore rester couché pour manger).	TAQE
Mtaqi ku tnqian mu snduray duri.	我還是睡在我最近睡的地方。	I still sleep where I slept recently.	Je dors encore où j'ai dormi dernièrement.	TAQE
Ini taqi ka laqi mu.	我的孩子沒去睡覺。	My child has not gone to bed.	Mon enfant n'est pas allé se coucher.	TAQE
Suyang bi ka tnaqi mu skeeman.	我昨晚睡得好極了！	My sleep last night was wonderful!	Mon dormir de cette nuit passée a été merveilleux !	TAQE
Malu balay ka tnqian mu skeeman.	昨晚我睡的地方真好。	I really had a good bed last night.	J'avais vraiment un bon lit, la nuit dernière.	TAQE
Aji suqi bsiyaq ka tnqian su skeeman hu?	你昨晚是不是睡得太久了？	Wouldn't you have slept too long last night?	N'aurais tu pas dormi trop longtemps la nuit dernière ?	TAQE
Sapah tqian.	睡覺的房間（臥室）。	The room (bedroom) where one sleeps.	Local (chambre) où l'on dort.	TAQE
Kingal nanak ka tqian dha.	他們有一種特別的睡覺（就寢）方式。	They have a special way of sleeping (of lying down).	Ils ont une façon spéciale de dormir (de se coucher).	TAQE
Pllayun mu musa ptaqi laqi mu.	我先去把我的孩子哄睡。	I'll start by going to put my kid to bed.	Je commencerai par aller mettre au lit mon gosse.	TAQE
Ptqiun su knuwan ka rbnaw su.	你什麼時候要哄你的寶寶睡覺（放上床）？	When are you going to put your baby to sleep (to bed)?	Quand est-ce que tu feras dormir (tu mettras au lit) ton bébé ?	TAQE
Mtasaw sayang ka qsiya yayung da.	今天溪水很清澈。	Today the water of the torrent is clear.	Aujourd'hui, l'eau du torrent est limpide.	TASAO
Malu bi saan ta trima ka mtasaw bi yayung.	水很清澈的溪流是個很適合去洗澡的好地方。（在溪裡洗澡很舒服……）	A torrent with really clear water is a fine place to go bathing. (It is pleasant to go bathing in a torrent.)	Le torrent (avec une eau bien) claire est un bel endroit pour aller se baigner.(C'est agréable d'aller se baigner dans un torrent.)	TASAO
Sinaw su nii o, asi ka ptasaw kika mha suyang bi.	你這酒，只要讓它沉澱澄清，就會變得非常好。	This wine of yours here will become wonderful on condition that you let it settle/decant.	Ton vin que voici, il deviendra merveilleux a condition de le faire décanter.	TASAO
Ttakun mu kana ka saw msbreenux daya qmpahan mu.	我想把我田地上方那整片平坦的角落都清理乾淨。	I want to clear all the flat patch that is higher up than my field(s).	Je veux débroussailler tout le coin plat qui est plus haut que mon (mes) champ.	TATAQ
Aji su tduwa miyah sntuku saman hu? Lmnglung ku musa tmatak.	你明天能不能來幫我做一天工？我想去開墾清理草木。	Couldn't you come and give me a day's work tomorrow? I feel like going to clear brush.	Ne pourrais tu pas venir me rendre une journée de travail demain ? J'ai envie d'aller débroussailler.	TATAQ
Mha ku tmatak tudu qmpahan payi mu.	我要去割我岳母（婆婆）田地四周田埂上的草。	I'm going to cut the grass on the little ridges/dikes around my mother-in-law's fields.	Je vais couper l'herbe sur les diguettes qui sont autour des champs de ma belle mère.	TATAQ
Baka bi ttaqan ka sayang da!	正是時候去開墾伐林了（之後還要燒墾）。（＝正是季節。）	It's just the time to go do the clearing (which will then have to be burned). (= It's the season).	Il est temps d'aller faire les abattis (qu'il faudra ensuite brûler).(= C'est la saison).	TATAQ
Nsaan mu mita ka tntakan su; malu balay!	我去看了你開墾伐林的成果（或：你清理草木的地方）；做得很好（或：那是塊很好的地）。	I went to see how you had done your clearing (var. the place where you cleared the brush); it's very well done (var. it's an excellent patch).	Je suis allé voir comment tu avais fait ton abattis (vl. l'endroit où tu as débroussaillé) ; c'est très bien fait (vl. c'est un coin excellent).	TATAQ
Tmeetu ku ppajiq ka yaku; Ttui hiyi rudux ka isu.	我把菜切成小塊；你把雞（肉）切開。	Me, I cut (into small pieces) the vegetables; you, cut up the (meat of the) chicken.	Moi, je coupe (en petits morceaux) les légumes ; toi, découpe la (viande de) poule.	TA'TO
Aji ttuun ka nadas su hiyi siyang hu?	你帶來的豬肉不是該切割（難道不用切割）嗎？	Isn't the pork you brought to be cut up (mustn't it be cut up)?	N'est-elle pas à (ne faut-il pas) découper la viande de porc que tu as apportée.	TA'TO
Ini ku tatuk lungaw ka yaku (= Ini mu ttuki ka lungaw), hmut mgrung nanak.	我沒碰撞瓶子，它自己（自行）破了。	I do not strike (I did not strike) the bottle, it breaks (it broke) all by itself.	Je ne heurte (Je n'ai pas heurté) pas la bouteille, elle se casse (elle s'est cassée) toute seule.	TATOQ
Wada tmatuk kani ka Hidi.	Hidi 去敲鐘（Hidi 敲了鐘）。	Hidi went to ring the bell (Hidi rang the bell).	Rhidé est allée sonner la cloche (Rhidé a sonné la cloche).	TATOQ
Ga tmatuk pucing ka Tain.	Tain 正在鍛造一把刀（幾把刀）。	Tain is forging a knife (some knives).	Tainne est en train de forger un couteau (des couteaux).	TATOQ
Wada mtatuk tasil ka tunux niya.	他的頭撞到一塊（那塊）石頭。	His head struck a (the) stone.	Sa tête a heurté une (la) pierre.	TATOQ
Mntatuk dha pucing paru shiga ka Tain (=Tmnucing dha pucing paru shiga ka Tain)	Tain 昨天鍛造了兩把大砍刀。	Tain forged two big cutlasses yesterday.	Tainne a forgé hier deux grands coutelas.	TATOQ
Mnttatuk ka tunux (ttunux) dha.	他們的頭互相撞在一起。	Their heads knocked against each other.	Leurs têtes se sont entrechoquées.	TATOQ
Uxay seejiq, bgihur nanak ka ptatuk ppusu djima.	不！那不是人，只是風使竹子互相碰撞。（＝使竹子彼此相擊。）	No! It's not people, it's only the wind that makes the bamboos knock against each other.(= that strikes the bamboos one against the other).	Non ! Ce ne sont pas des personnes, ce n'est que le vent qui fait s'entrechoquer les bambous.(= qui frappe les bambous les uns contre les autres).	TATOQ
Miyah taxa bi hiyi ni kiya da!	再一個就夠了（＝就好了）。	One more single one and that will be enough (= and it will be fine).	Encore un seul et cela suffira (= et ce sera bien).	TAXA
Ntaxa hiyi ka nii.	這是另一個人的。	This belongs to another person.	Ceci est à une autre personne.	TAXA
Tntaxa namu hiyi ka naqih.	你們當中有一個是壞的（＝你們當中只有一兩個是壞的）。	It is (There is) one among you who is bad (= There is only one or another among you who is bad).	C'est (Il-y-a) l'un d'entre vous qui est mauvais (= Il n'y a que l'un ou l'autre d'entre vous qui est mauvais).	TAXA
Ida mu txaun powsa.	我會一個一個地送（讓他們一個一個離開）。	I will send (them) (I will let them go) one by one.	Je (les) enverrai (je les laisserai partir) un par un.	TAXA
Mha mtahu ka kuyuh mu.	我太太要去生火。（註：這是否是 TAXOT＝炭火的變形或衍生形（？）？）	My wife is going to light the fire. (n.b. is it a distortion, a derivative (?) of TAXOT = Ember?).	Ma femme va allumer le feu. (nb. est-ce une déformation, un dérivé (?) de TAXOT = Braise ?).	TAXO
Saay mu mangal thuun hu?	你要我去（我很想去）撿柴火嗎？	Do you want me to go (I would like to go) fetch some fuel?	Veux tu que j'aille (j'aimerais bien aller) chercher du combustible ?	TAXO
Sai ku mangal thuun hu?	你願意去幫我撿柴火嗎？	Would you go fetch me some fuel?	Voudrais tu aller me chercher du combustible ?	TAXO
Mskuy bi ka sayang, nta malah tahut da!	今天很冷，來烤火取暖吧（我們來烤火取暖）。	It's really cold today, come and warm yourself (let's warm ourselves) by the fire.	Il fait bien froid aujourd'hui, viens donc te chauffer (allons nous chauffer) au feu.	TAXOT
Tayal knmalu (kmalu (?)) ka trabus su!	你的花生多麼漂亮（好）啊！	How beautiful (good) your peanuts are!	Comme elles sont belles (bonnes) tes arachides !	TAYAI
Tayal bi ka knmalu trabus su!	你的花生品質（好處）真是非凡！（註：常聽到說成 TAYAL！）	The quality (goodness) of your peanuts is extraordinary! (n.b. Very often heard: TAYAL!)	Elle est extraordinaire la qualité (la bonté) de tes arachides ! (nb. Très souvent entendu : TAYAL !)	TAYAI
Tayal bi knmalu (kmalu (?)) taan!	哦！看起來多麼美妙啊！	Oh! How marvelous it is to see!	Oh ! Comme c'est merveilleux à voir !	TAYAL
Wada mtbagu kana ka elealang mtqiri.	周圍所有的村莊都被完全燒毀了。	All the surrounding villages were completely burned.	Tous les villages alentour ont été complètement brûlés.	TBAGO
Nasi empdhuq alang ta ka pais do, na emptbagun dha kana ka spsapah ta da!	如果敵人打到我們的村子，他們就會把我們所有的房子都燒毀。	If the enemies reach our village, then they will burn down all our houses.	Si les ennemis parviennent jusqu'à notre village, alors, ils brûleront toutes nos maisons.	TBAGO
Naqih hari ka mkan lumak .	抽菸（＝吃菸草）是相當不好的。	Smoking (=eating tobacco) is rather bad.	Fumer (=manger du tabac) c'est plutôt mauvais.	TBAKO
Naqih hari ka saw mkan lumak .	抽菸的人是相當壞（惡劣）的。	Those who smoke are rather bad (wicked).	Ils sont (il est) plutôt mauvais (méchants) ceux qui fument.	TBAKO
Sapah Sibal o, ana manu ida stbaku kana da!	在 Sibal 家，一切都有菸味。	At Sibal's place, everything smells of tobacco.	Chez Sibal, tout sent le tabac.	TBAKO
Asi ka mtbnaw mbarig ku babuy su.	我買你的豬，前提是牠要肥（很豐滿）。	I'll buy your pig, provided it is fat (nice and plump).	Je l'achète ton cochon, à condition qu'il soit gras (bien dodu).	TBNAO
Mtbnaw bi kana hiyi na.	他的身體全都胖嘟嘟的。	His body is all plump.	So corps est tout potelé.	TBNAO
Ini ktbnaw ka babuy mu.	我的豬不肥。	My pig is not fat.	Mon cochon n'est pas gras.	TBNAO
Qtaun mu nanak ka kntbnaw na.	我想親自看看牠有多肥（豐滿）。	I want to see for myself how fat (plump) it is.	Je veux me rendre compte personnellement combien (il) est gras (dodu).	TBNAO
Huya mu ksun ptbnaw cicih laqi mu?	我該怎麼做（怎麼著手）才能讓我的孩子胖一點？	What should I do (how should I go about it) to fatten up my child a little?	Que dois-je faire (comment m'y prendre) pour engraisser un peu mon enfant ?	TBNAO
Wada mu ngalun biyuq unuh mirit sptbnaw mu laqi.	我用羊奶來把我的孩子養胖。	I used goat's milk to fatten up my child.	J'ai employé le lait de chèvre pour engraisser mon enfant.	TBNAO
Biyuq unuh ka sktbnaw bi lqlaqi.	就是奶讓孩子們變得豐滿。	It is milk that makes children plump.	C'est le lait qui rend les enfants potelés.	TBNAO
Ini kla tmbus ka lqlaqi embarah (mnbarah)	（新一代的）年輕人不會（用簸箕）簸揚。	Young people (of the new generation) do not know how to winnow (to use the winnowing basket for winnowing).	Les jeunes (de la nouvelle génération ne savent pas (se servir du van pour) vanner.	TBUS
Tnbsan mu shiga ka payay gaga; nii ka ini mu tbusi.	我昨天簸揚了那些稻穀；這一份是我沒簸揚的。	I winnowed that paddy yesterday; this is the one I did not winnow.	Je l'ai vanné hier ce paddy là, c'est celui-ci que je n'ai pas vanné.	TBUS
Wana bi yaku ka ini tjiyal wana dha.	我真的是唯一沒落入他們陷阱的人。	I am truly the only one not to get caught in their traps.	Je suis vraiment le seul à ne pas me faire prendre à leurs pièges.	TDIAL
Ga mtjiras bi lmingis paah mgrbu ka laqi su.	你的孩子從今天早上就一直在痛哭。	Your child has been crying his eyes out since this morning.	Ton enfant est en train de pleurer à chaudes larmes depuis ce matin.	TDILAS
Mtjiras (Tjiras (?)) bi msaang.	大聲叫罵威脅（或：責備）。	To bawl out threats (var. reproaches).	Vociférer des menaces (vl. des reproches).	TDILAS
Ana mksipaw ida bhangun dha ka tdrasan su.	連住在對面山上的人也一定（能）聽見你的喊叫！	Even those who live on the mountain opposite must (can) hear your shouts!	Même ceux qui habitent sur la montagne en face doivent (peuvent) entendre tes cris !	TDILAS
Ana mksipaw ida bhangan dha ka tdrasan (vl. Tndrasan) su.	連住在對面山上的人也（確實）聽見你發出的喊叫（或：你發出過的喊叫）。	Even those who live on the mountain opposite (actually) hear the shouts you let out (var. that you let out).	Même ceux qui habitent sur la montagne en face entendent (de fait) les cris que tu pousses (vl. que tu as poussés).	TDILAS
Ana mu psai wana o, ini bi tjiyal ka huling kiya.	不管我怎麼放陷阱，那隻狗就是抓不到（不肯落網）。	No matter how many traps I set, that dog does not get (does not let itself be) caught.	J'ai beau tendre des pièges, ce chien là ne se fait (ne se laisse) pas prendre.	TDIYAL
Nasi namu tmjiyal o, na empksaang balay ka drudan namu, kaway binaw!	如果你們動手打起來（或：如果你們被抓），你們的父母會很生氣，你們等著瞧！	If you come to blows (var. if you get caught), then your parents will be furious, you'll see!	Si vous en venez aux mains (vl. si vous vous faites prendre), alors vos parents seront furieux, vous allez voir !	TDIYAL
Tmjiyal ku wana mqdgiyaq ni, kiya ka sknarux papak mu da!	我在山上落入陷阱，這就是我腳受傷的原因。	I got caught in a trap in the mountains and that is what caused my foot injury.	Je me suis fait prendre dans un piège en montagne et voilà ce qui a provoqué mon mal au pied.	TDIYAL
Mntjiyal ku mimah sinaw truma kika ini ku iyax nhari.	我在下面貪杯喝酒，所以才遲遲沒來。	I let myself get drawn into drinking wine down there, that is why I was late in coming.	Je me suis laissé prendre à boire du vin là en bas c'est pourquoi j'ai tardé à venir.	TDIYAL
Sai nita aji mtjiyal daya ka bowyak hu.	去看看那頭山豬是不是落入了上面的陷阱。	Go see whether the wild boar hasn't got caught in the trap up there.	Va voir si le sanglier ne s'est pas fait prendre dans le piège là haut.	TDIYAL
Mkyayung daya nii ka tnjyalan dha seuxal.	就是在這上面、沿著溪流，他們從前在此打過仗。	It is here higher up, along the torrent, that they fought long ago.	C'est ici plus haut, le long du torrent qu'ils se sont battus autrefois.	TDIYAL
Ini ku tduwa matas; tduwa su ka isu hu?	我沒有權利（或：我沒有辦法）寫字；你呢，你有權利（有可能、有時間……）做嗎？	I have no right (var.: I have not the means) to write; you, do you have the right (the possibility, the time.) to do it?	Je n'ai pas le droit (vl. je n'ai pas les moyens) d'écrire ; toi, as-tu le droit (la possibilité, le temps.) de le faire ?	TDOA
Ini ku kla matas; mkla su ka isu hu?	我不會寫字；你呢，你會嗎？	I don't know how to write; do you know how, you?	Je ne sais pas écrire ; sais-tu, toi ?	TDOA
Mha ku ngangut, tduwa hu?	我要出去，可以嗎？	I'm going outside, is it permitted?	Je vais dehors, est-ce permis ?	TDOA
Ini tduwa gmeeguy	偷竊是不被允許的。	It is not permitted to steal.	Il n'est pas permis de voler.	TDOA
Ana ima ida mtduwa.	任何人都有權利。	Anyone has the right.	N'importe qui a le droit.	TDOA
Ana ima ida tduwa.	任何人都行，都一樣（不論是誰都可以）。	Anyone, it makes no difference (whoever it is, it will be fine).	N'importe qui, c'est égal (qui que ce soit ce sera bien).	TDOA
Ana ini tduwa qmpah qahur hiya ka sayang o, ida mu ptduwaun hici.	即使今天不准在那片碎石地上耕作，我也會設法讓它日後成為可能。	Even if it is not permitted today to work there in that stony ground, I will make it so that it becomes possible later.	Même s'il n'est pas permis aujourd'hui de travailler là dans cette rocaille, je ferai en sorte que ce soit possible plus tard.	TDOA
Klaun su bi kntduwa na hu?	你確定了他的能耐（能力）了嗎？	Have you made sure of his possibilities (of his capacities)?	T'es-tu bien assuré de ses possibilités (de ses capacités) ?	TDOA
Qling balay ka tduling su.	你的手指很細。	Your fingers are very slender.	Tes doigts sont très minces.	TDOLING
Tduling qling ka mnarux.	疼的是小指。	It is the little finger that hurts.	C'est le petit doigt qui fait mal.	TDOLING
Tdruy kacing.	水牛車。	Buffalo cart.	Voiture à buffle.	TDOLOI
Tdruy qrngul.	火車（＝冒煙的車）。	Train (= smoke vehicle).	Train (= voiture à fumée).	TDOLOI
Papa tdruy.	上車。	To board / get into a vehicle.	Monter en voiture.	TDOLOI
Mnusa ku papa tdruy.	我搭車去的。	I went there by vehicle.	J'y suis allé en voiture.	TDOLOI
Kuwi cipiq.	蟯蟲－腸道寄生蟲。	Pinworms - intestinal worms.	Oxyures - vers intestinaux.	TEPYAQ
Ma su tgaguh bi musa da!	你這麼急著要走是怎麼了？	What's got into you that you're in such a hurry to go?	Qu'est-ce qui te prend d'être pressé d'aller ?	TGAOX
Mntutuy ka Lihang tgaguh muda mqdgiyaq.	Lihang 動身，匆匆穿過山區。	Lihang set out and passed hurriedly through the mountains.	Lirhang se mit en route et passa en hâte dans la montagne.	TGAOX
Wana sayang ka tgaguh su balay nhapuy.	偏偏就今天你才真的急著要煮湯！	It is only today that you are really in a hurry to cook the soup!	Il n'y a qu'aujourd'hui que tu sois vraiment pressé de cuire la soupe !	TGAOX
Ana su mtgaguh balay ka sayang o, jyagi ku cicih!	雖然你現在很趕，還是幫我一下吧！	Even though you are in a great hurry right now, do help me a little!	Bien que tu sois très pressé en ce moment, aide-moi donc un peu !	TGAOX
Ga tnegiya ubal mirit ka kuyuh mu.	我太太正在紡山羊毛（羊毛？）。（註：麻的紡則稱為 MNOQEX。）	My wife is spinning goat hair (wool?). (n.b. For hemp, 'to spin' is said: MNOQEX).	Ma femme est en train de filer du poil de chêvre (de la laine ?).(nb. Pour le chanvre, filer se dit : MNOQEX).	TGIYA
Riqu mu bi mita ini su tgla sapah mu; ida bi ini su skila hini!	我很惱火（很討厭）看到你不肯在我家多待；也許你不喜歡這裡吧！	I am furious (I hate) to see that you don't linger at my house; perhaps you don't like it here!	Je suis furieux (je déteste) de voir que tu ne t'attardes pas chez moi ; peut-être tu ne te plais pas ici !	TG'LA
Ida niqan duma ka mtgla sapah uqan.	有些人會在餐館裡逗留。	There are some who linger in restaurants.	Il y en a certains qui s'attardent dans les restaurants.	TG'LA
Asi bi tgtmaq dxgal ka ddhiya da.	以致（或：隨即）眾人全都趴平（躺）在地上。（註：同義亦作 TITMAQ。）參見 TMAQ。	To such a point that (var.: as soon as) they all flatten themselves (lie down) on the ground. (n.b. One also finds, with the same meaning: TITMAQ). See TMAQ.	A tel point que (vl. aussitôt) tous s'aplatissent (se couchent) par terre. (nb. On trouve aussi, dans le même sens : TITMAQ). Vr. TMAQ.	TGTMAQ
Tgmalu (TGMALU (?))	那個好的（好的那位，不是另一個）。	The good one (the one that is good, not the other).	Le bon (Celui qui est bon, pas l'autre).	TI
Jyagi ku tmikan cicih masu uuqun ta idaw masu ka ska hidaw kiya.	幫我舂一點小米，好讓我們待會兒中午吃小米（整粒煮的）。	Help me husk a little millet so that we may eat millet (cooked in the grain) presently at midday.	Aide-moi à décortiquer un peu de millet pour que nous mangions du millet (cuit en grains) tout à l'heure à midi.	TIKAN
Sapah tkanan.	去殼的場所。	The place where one husks.	Local où l'on décortique.	TIKAN
Lala bi buwax ka tnkanan mu snii bi.	我最近去殼了非常大量的稻穀。	I husked a very large quantity of paddy quite recently.	J'ai décortiqué une très grande quantité de paddy tout dernièrement.	TIKAN
Ana rbagan o, ini kcilux ka sayang.	雖然是夏天，此刻卻不熱。	Although it is summer, right now it isn't hot.	Bien que ce soit l'été, en ce moment il ne fait pas chaud.	TILUX
Mcilux ka hidaw.	太陽很熱（或：太陽在放熱）。	The sun is hot (var. The sun gives warmth).	Le soleil est chaud (vl. Le soleil chauffe).	TILUX
Mcilux hidaw ka sayang.	今天太陽很烈（＝炎熱的太陽）。	Today the sun is shining (= the hot sun).	Aujourd'hui le soleil brille (= le soleil chaud).	TILUX
Ini kcilux hidaw ka misan.	冬天太陽不放熱。	In winter the sun does not give warmth.	En hiver le soleil ne chauffe pas.	TILUX
Saw ska hidaw ka balay bi mrana ka kncilux hidaw.	正午時分太陽的熱度才真正增強。	It is at midday that the sun's heat really increases.	C'est à midi que la chaleur du soleil augmente vraiment.	TILUX
Ida kiya ka kncilux na.	它的熱度始終如一。	It always has the same heat.	Il a toujours la même chaleur.	TILUX
Mqriqu bi smpung ka kntlxan hidaw.	太陽的熱度很難測量。	The sun's heat is very difficult to measure.	La chaleur du soleil est bien difficile à mesurer.	TILUX
Tayal bi kntlxan na ka jiyax siida.	那一天好熱啊！！	What heat that day!!	Quelle chaleur ce jour-là !!	TILUX
Hidaw ka empscilux ana manu nbabaw dxgal.	是太陽使地上萬物溫暖。	It is the sun that warms everything upon the earth.	C'est le soleil qui réchauffe toute chose sur la terre.	TILUX
Pstlxun mu idaw kiya uuqun su kiya.	我要把那飯（＝kia）加熱，好讓你待會兒（＝kia）吃。	I am going to reheat that rice (= kia) so that you eat it presently (= kia).	Je vais réchauffer ce riz-là (= kia) pour que tu le manges tout à l'heure (=kia).	TILUX
Timin balay ka wada ku na biqun.	他只給了我一丁點兒。	He gave me only a very tiny bit of it.	Il ne m'en a donné qu'un tout petit peu.	TIMIN
Jiyax jiyax o, wana cimu ni ppajiq bbuyu ka sndmatan mu bunga.	日復一日，我只用鹽和野菜當佐料來配我的地瓜吃。	Day after day, I used only salt and wild vegetables as condiments to eat my sweet potatoes.	Jour après jour, je (ne me suis servi) que de sel et de légumes sauvages comme condiments pour manger mes patates douces.	TIMU
Mscimu nanak (vl. scimu nanak) ka samat su.	你的獵物只有鹹味。	Your game meat tastes only of salt.	Ton gibier n'a que le goût du sel.	TIMU
Ini ku scimu sari ka yaku; naqih hari uqun tuhuy cimu.	我不給芋頭加鹽；加了鹽反而不太好吃。	As for me, I don't salt taros; with salt they are not very good to eat.	Moi je ne sale pas les taros ; avec du sel ils ne sont pas très bons à manger.	TIMU
Ana manu tnunan o, Utux mcinun ka tninun.	凡存在之物（被創造－被織成），都是上帝（織造之靈）所創造（織成）的。	Everything that exists (has been created - has been woven), it is God (the weaving Spirit) who created (wove) it.	Tout ce qui existe (a été créé - a été tissé) c'est Dieu (L'esprit tisserand) qui l'a créé (tissé).	TINUN
Kana kykuyuh o, Lubyak ka mkla bi tminun pala.	在所有女人當中，Lubyak 最擅長織 PALA（裙子）。	Among all the women, it is Lubyak who is the most skilled at weaving PALA (skirts).	Parmi toutes les femmes, c'est Lubyak qui est la plus habile à tisser les PALA (jupes).	TINUN
Mtabug mirit ka snaw ni mcinun pala ka kuyuh.	丈夫是（山羊的）牧人，妻子是（裙子的）織女。	The husband is a herdsman (of goats) and the wife is a weaver (of skirts).	Le mari est berger (de chêvres) et la femme est tisserande (de jupes).	TINUN
Tnunan seejiq ka nii, uxay hmut niqan nanak.	這是人工製造的（出自人手），它不是自己憑空織成的！	This is manufactured (made by human hand); it did not make (weave) itself all by itself!	Ceci est fabriqué (fait de main d'homme), cela ne s'est pas fait (tissé) tout seul !	TINUN
Tnunan ima ka pala ni qabang nii?	這條裙子和這條被子是誰織的？	By whom were this skirt and this blanket woven?	Par qui ont-elles été tissées cette jupe et cette couverture ?	TINUN
Uxay tntunan payi mu sbiyaw ka qabang su.	（依語調而定）：1° 你的被子從前不是我祖母織的。2° 你的被子從前難道不是我祖母織的嗎？3° 你明明知道你的被子是我祖母從前織的！	(according to intonation): 1° Your blanket was not woven by my grandmother long ago. 2° Would your blanket not have been woven by my grandmother long ago? 3° You know very well that it was my grandmother who wove your blanket in the old days!	(selon intonation) ; 1° Ta couverture n'a pas été tissée par ma grand-mère autrefois. 2° Ta couverture n'aurait-elle pas été tissée par ma grand-mère autrefois ? 3° Tu sais bien que c'est ma grand-mère qui a tissé ta couverture dans le temps !	TINUN
Ya imah sinaw, msa ku! … Ana ququ! Cipiq balay ka mahun mu!	別喝酒，我說！……一滴也不行！你頂多只能……	Don't drink wine, [said I]! … Not even a drop! Only a very little is what you may …	Ne bois pas de vin, que …	TIPYAQ
Sapuh nii o, asi ka pncipiq mkan.	這種藥必須少量服用（食用）。	This medicine must be taken (eaten) in small doses.	Ce médicament, il s'agit de le prendre (de le manger) à petites doses.	TIPYAQ
Bilaq bi ka nadas mu! Ana ququ ta pncipiq!	我只帶了一點點來！沒辦法！大家分著用（就算每人只分到一小份也沒辦法）。	I brought only very little of it! Never mind! We'll share it (Never mind if each of us gets only a tiny share).	Je n'en ai apporté que très peu ! Tant pis ! On partagera (Tant pis si on en a une toute petite part chacun).	TIPYAQ
Nduwa bi stcipiq mkan; stcipiqun mu nimah sinaw uri.	你設法減少食物的份量，我則會少喝一點酒。	Try to reduce the amount of food and I will drink a smaller dose of wine.	Tâche de réduire la quantité de nourriture et moi je boirai une plus petite dose de vin.	TIPYAQ
Ana su mhuya o, ya bi tgsa ana manu ka isu.	無論你遭遇什麼，都要小心切勿透露一絲一毫！	Whatever happens to you, take good care not to reveal the slightest thing!	Quoi qu'il t'arrive, garde toi bien de révéler la moindre chose !	TISA
Malu bi ka tmgsa kari ta nanak; kmtgsa ku bi ka yaku uri; huya mu ksun ka ungat ka emptgsa!	教導我們自己的語言是件好事；我也很想教；（但是）既然沒有人願意學習（接受教導），我又能怎麼辦（如何是好）呢。	It is a good thing to teach our own language; and I would very much like to teach it too; (but) what can I do (how can I go about it) since there is no one who wants to learn (to be taught).	C'est une bonne chose d'enseigner notre propre langue ; et j'aimerais bien l'enseigner moi aussi ; (mais) que puis-je faire (comment faire) puisqu'il n'y a personne qui veuille apprendre (se fasse enseigner).	TISA
Mssli sayang sapah mu pnaah elealang ka kana ntgsa.	今天各村的老師都聚集在我家。	Today all the teachers of the various villages are gathering at my house.	Aujourd'hui tous les maîtres des divers villages se réunissent chez moi.	TISA
Yaku ka mtgsa lqlaqi dha.	是我在教（為他們的）孩子（辦學）。	It is I who teach the (run the school for their) children.	C'est moi qui enseigne les (fais l'école à leurs) enfants.	TISA
Ya su wada psaan tunux kana ka tnegsaan mu?	我希望（我想）你已把我所教的一切都好好記住（記在腦中）了！	I hope (I suppose) that you have well recorded (put in your head) everything I have taught!	J'espère (je suppose) que tu as bien enregistré (mis dans ta tête) tout ce que j'ai enseigné !	TISA
Kingal ntnegsaan mu ka Iban.	以班是我從前的學生（門徒）之一。	Iban is one of my former pupils (disciples).	Ibanne est l'un de mes anciens élèves (disciple).	TISA
Ana ungat ka mtgsa ta da o, endwai bi mttgsa nanak ka yamu.	雖然我們已經沒有老師了，你們要努力互相教導。	Although we no longer have our teacher, you others make an effort to teach one another.	Bien que nous n'ayons plus notre professeur, vous autres efforcez vous de vous enseigner mutuellement.	TISA
Suyang bi ka mtgsa nii! Kmusa ku bi ptgsa smais lukus ka yaku uri!	這位老師真的很好；我也很想去學（讓人教我）縫紉！	This teacher is really good; I really feel like going to learn (to get myself taught) sewing too!	Il (elle) est vraiment bien ce professeur ; J'ai bien envie d'aller apprendre (me faire enseigner) la couture moi aussi !	TISA
Kkla su balay bi ptpusu ka ndaan su ptgsa.	好讓你知道你所學到的（你讓人教你的）一切都是真正可靠、有根據的。	So that you may know that everything you have learned (had yourself taught) is truly authentic, well-founded.	Pour que tu saches que c'est vraiment authentique, fondé, tout ce que tu as appris (tu t'es fait enseigner).	TISA
Mahay ta cicih qsiya su hu?	我們很想喝一點你的水。	We would gladly drink a little of your water.	Nous boirions bien un peu de ton eau.	TITYEX
Ya bi ciyu seejiq; naqih taan (qtaan?) ka kiya!	不要用手指指著別人，這樣不好看！	Don't point at people with your finger It's not nice (to look at)!	Ne montre pas les gens du doigt Ce n'est pas beau (à voir) !	TIU (TIYU?)
Hmut su tmiyu seejiq o, siqa bi!	你毫不客氣地用手指指著別人，真丟臉！	You point at people with your finger without any manners, it's shameful!	Tu montres les gens du doigt sans façon, c'est honteux !	TIU (TIYU?)
Manu bi ka cyuan na?	他用手指指著什麼？	What is he pointing at with his finger?	Qu'est-ce qu'il montre du doigt ?	TIU (TIYU?)
Ki do, dsun na baraw ni asi na cyaani kana elealang mtquri.	他隨即把他帶（帶）到最高處，指給他看（好從那裡讓他看）周圍所有的地方。	At once he led (carried) him right up to the top and showed him (in order to show him from there) all the surrounding country.	Aussitôt il l'à conduit (porté) tout en haut et lui montra (pour lui montrer à partir de là) tout le pays environnant.	TIU (TIYU?)
Ma su taan bi cihung ka ga dowriq mnswayi ni ini su qlahang bnaang ka ga dowriq su?	為什麼你能清楚看見你弟兄眼中的草屑，卻不留意自己眼中的樹幹呢？	Why do you see perfectly the wisp of straw in your brother's eye without paying attention to the tree trunk that is in your own eye?	Pourquoi vois tu parfaitement le brin de paille dans l'oeil de ton frère sans faire attention au tronc d'arbre qui est dans ton oeil ?	TIXONG
Suqi knliwang na o, msriyu kana ka tkrang niya.	由於太瘦（他瘦到）所有的肋骨都突出來了。	From being so thin (he is so thin that) all his ribs stick out.	A force d'être maigre (il est tellement maigre que) toutes ses côtes sont saillantes.	TKLANG (TK'LANG)
Yahi ku dmayaw tnkmu (ttkmu) lklukus mu.	你得來幫我摺（收拾）衣服。	You must come help me fold (put away) my clothes.	Il faut que tu viennes m'aider à plier (à ranger) mes habits.	TK'MU
Tqnay ta da hu?	我們一起去，好嗎？	Let's go together, shall we?	Allons ensemble, veux-tu ?	TK'NAI
Mnusa ku tqnay laqi Jiyan.	我和迪揚的兒子一起去了那裡。	I went there in the company of Jiyan's son.	J'y suis allé en compagnie du fils de Djian.	TK'NAI
Tqnay ta kana kika malu.	我們大家一起去，這樣會好得多！	Let's all go together, it will be much better!	Allons tous ensemble, ce sera bien mieux !	TK'NAI
Wada mtqnay ka dhiya.	他們一起出發了。	They left together.	Ils sont partis ensemble.	TK'NAI
Wana bi Mikat ka tqnayan mu kjiyax.	每次都只有Mikat陪伴我。	Mikat is each time my only company.	Mikatz est chaque fois ma seule compagnie.	TK'NAI
Tmnabuy ka hiya stqnay na rsrisaw dha musa ngrig.	他（她）下去和其他男孩一起跳舞了。	He (she) went down to go dance in the company of the other boys.	Il (elle) est descendu pour aller danser en compagnie des autres garçons.	TK'NAI
Tqrii liwas ka dngdang su.	把你的滾水倒進鍋裡（罐裡）。	Pour your boiling water into the pot (into the jar).	Verse ton eau bouillante dans la marmite (dans la jarre).	TKULI
Tqriun su manu ka ttrabus su?	你要把花生裝進什麼裡面？	What are you going to put your peanuts into?	Dans quoi vas-tu mettre tes arachides ?	TKULI
Dha baket sngari ka tnqrian (tqrian?) liwas mu.	我的罐子可裝兩桶以上。	My jar holds more than two buckets.	Ma jarre contient plus de deux seaux.	TKULI
Bnhangan mu kari dha ka pntkumax lnglungan mu.	正是我聽別人說的話把我攪得心煩意亂！	It is what I heard others say that has completely upset me!	C'est ce que j'ai entendu dire par les autres qui n'a tout retourné !	TKUMAX
Mtkuni kana ka tunux mu!	我整個頭都在轉－我頭暈目眩！	My whole head is spinning - I am all dizzy!	J'ai toute la tête qui tourne - Je suis tout étourdi !	TKWINI
Paru bi tnrqilan dtruku ka seuxal.	從前太魯閣人彼此使對方深受痛苦。	In the old days the Taroko made each other suffer bitterly.	Autrefois les Taroko se faisaient durement souffrir entre eux.	TLAQEL
Pusu tlahi.	柚子樹。	Pomelo tree.	Pamplemoussier.	TLAXE
Dndangi ni tleetu do, imah da!	把它煮沸，等它冷了就喝！	Boil it and when it is cold, drink!	Fais bouillir et quand ce sera froid, bois !	TLA'TO (TL"TO)
Uqi nhari! Mtleetu kiya ka damat su!	快吃！你的菜要涼了！	Eat quickly! Your vegetables are going to get cold!	Mange vite ! Tes légumes vont devenir froids !	TLA'TO (TL"TO)
Pktleetuun mu cicih ka dndangan su qsiya.	我要把你煮沸的水弄涼一點。	I am going to cool a little the water that you have boiled.	Je vais refroidir un peu l'eau que tu as bouilli.	TLA'TO (TL"TO)
Ini triya ka tdruy mu, mtriya bi ka nisu; tai! Ga tmriya sayang da!	我的車不會轉，你的會轉；看！它現在轉起來了！	My car doesn't roll, yours rolls; look! There it is now turning!	Ma voiture ne roule pas, la tienne roule ; tiens ! La voilà maintenant qui tourne !	TLIA (TLIYA)
Trima dqras … Baga … Papak.	洗臉……洗手……洗腳。（註：洗餐具、洗表面、洗堅硬之物時，說 SMINAO；洗衣服時，說 MAXO。）	To wash one's face … The hands … The feet. (n.b. To wash, for dishes, surfaces, and things that are hard, one says: SMINAO; for clothes, one says: MAXO).	Se laver la figure … Les mains … Les pieds. (nb. Laver, pour la vaisselle, les surfaces, ce qui est dur, on dit : SMINAO ; Pour les habits, on dit : MAXO).	TLIMA
Hbaraw bi snaah isil alang ka mtrima siyaw gsilung.	有許多從別處來的人在海邊洗澡。	There are many who have come from elsewhere who bathe at the seaside.	Ils sont nombreux venus d'ailleurs qui se baignent au bord de la mer.	TLIMA
Matrima ku saman ka yaku.	我呢，我明天要洗澡。	As for me, I will wash myself tomorrow.	Moi, je me laverai demain.	TLIMA
Ungat trmaan sapah mu! … Manu ungat! Aji sapah trmaan ka gaga hu?	我家沒有洗澡的地方！……怎麼會沒有！那不就是一間浴室嗎？	At my house there's no place to bathe! … What do you mean there isn't! Isn't that a bathroom right there?	Chez moi il n'y a pas d'endroit pour se baigner ! … Comment il n'y en a pas ! N'est-ce pas une salle de bains que voilà ?	TLIMA
Naqih bi trmaan ka tunux mu.	我的頭很難洗。	My head is very difficult to wash.	Ma tête est très difficile à laver.	TLIMA
Mmha ku alang paru o, ptrmaun mu kana tunux mu ni tunux laqi.	我進城時，要讓人洗我的頭，也洗我孩子的頭。	When I go to town, I'll have my head washed and my child's too.	Quand j'irai en ville, je ferai laver ma tête et celle de mon enfant.	TLIMA
Tru ni maxal tru o, maxal mataru da.	三加十三，就是十六。	Three and thirteen, that makes sixteen.	Trois et treize, celà fait seize.	T'LO
Mntru ka nsaan mu thmuku hyaan!	我去問候他（向他鞠躬）三次了！（註：T'lo ka saon mo txmoqo xeaan＝我有三個理由去問候他；或：我有三個請求要向他提出。）	Three times that I went to greet him (to bow before him!). (n.b. T'lo ka saon mo txmoqo xeaan = I have three reasons to go greet him; var. I have three favours to ask of him).	Trois fois que je suis allé le saluer (m'incliner devant lui !). (nb. T'lo ka saon mo txmoqo xeaan = J'ai trois motifs pour aller le saluer ; vl. J'ai trois faveurs à lui demander).	T'LO
Tgtru nanak ka ngalun mu.	我只要拿第三個。	I will take (I want to take) only the third one.	Je ne prendrai (je ne veux prendre) que le troisième.	T'LO
Mha ku mktru sapah tama da.	我要在父親家住三天。	I'm going to spend three days at my father's.	Je vais passer trois jours chez mon père.	T'LO
Mnktru ku rabi sapah na.	我只在他家住了三夜。	I only spent three nights in his house.	Je n'ai passé que trois nuits dans sa maison.	T'LO
Pntru nami bi blbul.	每人只有三根香蕉（要收、要給）	Three bananas only for each (to receive, to give)	Trois bananes seulement chacun (à recevoir, à donner)	T'LO
Pntrui (?) bi lqlaqi muda elug.	你要讓孩子們三個一組在路上行走。	You will put the children in threes to travel on the road.	Tu mettras les enfants par trois pour voyager sur la route.	T'LO
Ida ku sntru mhilaw ka yaku, misu ku bi knskiyan!	無論如何我都蓋三層，我很怕冷（我非常怕冷）。	Whatever the case, I cover myself with three layers, I am very sensitive to cold (I'm very afraid of the cold).	Comme qu'il en soit je me couvre de trois épaisseurs, je suis très frileux (j'ai très peur du froid).	T'LO
Mnhuqil sntruan ka tama baki mu.	我岳父的父親（或：我的曾祖父）三天前去世了。	My father-in-law's father (var. my great-grandfather) died three days ago.	Le père de mon beau-père (vl ; mon arrière grand père) mourrait il-y-a trois jours.	T'LO
Miyah su knuwan? … Ima kla (vl. ima mkla)! Aji saman hu? Aji kntruan hu?	你什麼時候來？……誰知道呢？明天？三天後？	When will you come? … Who knows? Tomorrow? In three days?	Quand viendras tu ? … Qui sait ? Demain ? Dans trois jours ?	T'LO
Yahun misu dmayaw mkaxa ni kntruan.	我想後天和接下來那天來幫你。	I want to come help you the day after tomorrow and the following day.	Je veux venir t'aider après demain et le jour suivant.	T'LO
Mtrul ku rima hngkawas.	我三十五歲。	I am thirty-five years old.	J'ai trente cinq ans.	T'LO
Mnusa tktrul dmurun.	他第三次去祈求（請求）。	He went to pray (to ask) for the third time.	Il est allé prier (demander) pour la troisième fois.	T'LO
Sai bi mita truma tskui mu.	去看看我桌子底下！	Go look under my table!	Va donc voir sous ma table !	TLOMA
Truma hu? Daya hu? Inu bi ka saun su?	下面？上面？你到底要去哪裡？	Below? Above? Where on earth do you want to go?	En bas ? En haut ? Où est-ce donc que tu veux aller ?	TLOMA
Ana manu nbaraw ni ntruma.	上面的一切和下面的一切。	All that is above and all that is below.	Tout ce qui est en haut et tout ce qui est en bas.	TLOMA
Ana manu nbabaw ni ntruma dxgal.	地上的一切和地下的一切。	All that is on the earth and under the earth.	Tout ce qui est sur terre et sous la terre.	TLOMA
Ana ungat sntruma su o, plkusi bi ana ribul su nanak.	就算你沒有內褲，至少也把褲子穿上！	Even if you have no underpants, at least put on your trousers!	Même si tu n'as pas de caleçon, enfiles au moins ton pantalon !	TLOMA
Pstrmai cicih ka harung su!	把你的燈調低一點。	Lower your lamp a bit.	Baisse un peu ton falot.	TLOMA
Ya bi tlung baga ka isu! Tmlung su do, mha naqih da!	千萬別用手碰！你一碰它就會壞掉。	Above all don't touch it with your hand! If you touch it, it will be damaged.	Surtout ne touche pas avec ta main ! Si tu le touches, il sera abîmé.	T'LONG
Paah ka tmnlung su baga laqi mu do, wada malu da!	自從你用手摸了我的孩子，他就好轉了。	Since you touched my child with your hand, he has gotten better.	Depuis que tu as touché mon enfant avec ta main, il a été mieux.	T'LONG
Smalu su sapah knuwan? … Ax! Tmlung ku saman da!	你什麼時候蓋房子？……喔！我明天開始！	When are you building the house? … Oh! I'm starting tomorrow!	Quand construis tu la maison ? … Oh ! Je commence demain !	T'LONG
Ini ku kngungu kntlxan ka yaku, ana embanah bi tahut o, ida mu tleengun.	我呢，我不怕熱，就算是燒得通紅的炭火，我也想抓住它們（用手拿）。	As for me, I don't fear heat, even bright-red embers; I want to grasp them (take them in my hands).	Moi, je ne crains pas la chaleur, même des braises bien rouges ; je veux les empoigner (les prendre dans mes mains).	T'LONG
Snaw? Kuyuh ka laqi na? … Dnuuy laqi na o asi trurul ka hiya da!	她的孩子是男孩？還是女孩？……她生的是雙胞胎！	Her child, is it a boy? A girl? … She gave birth to twins!	Son enfant, c'est un garçon ? Une fille ? … Ce sont des jumeaux qu'elle a mis au monde !	TLOOLOL
Miyah su da (= su da)? Sapah! Tluung!	你來了？進來（進屋）吧！坐下！	There you are? Come in (into the house)! Sit down!	Te voilà ? Entre (dans la maison) ! Assied-toi !	TLOONG
Bsiyaq ta bi tluung do, sknarux (vl. mnarux) hwinuk da!	久坐時，腰會痛（或：腰部疼痛）。	When one stays sitting for a long time, it hurts the lower back (var. the lower back aches).	Quand on reste longtemps assis, cela fait mal aux reins (vl. les reins font mal).	TLOONG
Ita kingal tleengan su da!	那就遞給我一張你的椅子吧！	Pass me one of your chairs then!	Passe moi donc une de tes chaises !	TLOONG
Ptlngi cicih ka baki ta da.	讓我們的爺爺坐一下吧！	Do have our grandfather sit down a bit!	Fais donc un peu s'asseoir notre grand père !	TLOONG
Mnusa ku sapah na o, ana tluung ini bi ptluung!	我去了他家，他連讓我坐都沒讓（＝他甚至沒讓我坐下）。	I went to his house and, even as for sitting, he didn't make me sit (= He didn't even have me sit down).	Je suis allé chez lui et, même s'asseoir il ne m'a pas fait asseoir (= Il ne m'a même pas fait asseoir).	TLOONG
Ini ku tduwa pnpusal mtreura mtmay alang dha da!	我不能再公然冒險進入他們的村子了！	I must not venture openly into their village again!	Il ne faut plus que je recommence à m'aventurer ouvertement dans leur village !	TLUULA
Ana su lmiing ka sayang o, ungat bi ka ini ptllayun.	你現在儘管隱藏，但沒有什麼是（有朝一日）不會被顯明（公開）的。	You may hide it now, but there is nothing that will not (one day) be revealed (made public).	Tu as beau cacher maintenant, il n'y a rien qui ne soit (un jour) manifesté (rendu public).	TLUULA
Hmuya bi ka ini su tmay sapah da!	你為什麼不再進屋了（不再來我家了）？	Why do you no longer come into the house (Do you no longer come to my place)?	Pourquoi ne rentres tu plus dans la maison (Ne viens tu plus chez moi) ?	TMAI
Ini tduwa hmut mtmay sapah dha.	不可隨意闖入別人的家。	It is not permitted to enter as one pleases into other people's houses.	Il n'est pas permi de s'introduire comme on veut dans la maison des autres.	TMAI
Naqih bi tmayan ka gnluban dha.	要進入他們的群體並不容易。	It is not easy to get into their community.	Ce n'est pas facile de s'introduire dans leur communauté.	TMAI
Aji su bi dhqun ptmay biyi rudux su ka knparu kacing su nii.	你肯定沒辦法把你那頭巨大的水牛趕進雞舍！	You certainly won't manage to get that enormous buffalo you have there into the henhouse!	Tu n'arriveras certainement pas à faire entrer dans le poulailler cet énorme buffle que tu as là !	TMAI
Ini na bi tduwai pstmai sapah na ana kingal snaw ka Rabay, ya sa wada bbuyu ka snaw na nanak.	Rabay無權讓任何一個男人進她家，因為她自己的丈夫去打獵了。	Rabay has no right to let a single man into her house, seeing that her own husband has gone hunting.	Rabay n'a pas le droit de laisser entrer chez elle un seul homme, vu que son propre mari est parti à la chasse.	TMAI
Ya bi psai kukul su ka qlupas nii! Mha mstmaq kana da!	別把那些桃子放進口袋！它們全都會被壓爛！參見 STMAQ。	Don't put those peaches in your pocket! They're all going to get crushed! See STMAQ.	Ne mets pas ces pêches dans ta poche ! Elles vont toutes s'écraser ! Vr. STMAQ.	TMAQ
Misu ku bi musa mtaqi hyaan! Knriwa bi tmaqu sapah na!	我怕去他家過夜！他家滿是跳蚤！	I'm afraid to go sleep at his place! His house is full of fleas!	J'ai peur d'aller coucher chez lui ! Sa maison est pleine de puces !	TMAQO
Tmiyay kana ka pnlaq silung (gsilung) (vl. ka siyaw silung).	在海邊（在海岸上）滿是貝殼。	At the seaside (on the shore of the sea) it is all full of shellfish.	Au bord de la mer (sur le rivage de la mer) c'est tout plein de coquillages.	TMIAI
Tnsapah.	屬於這房子的－房子的主人。	Of the house - who belongs to the house, owner of the house.	De la maison - qui est de la maison, propriétaire de la maison.	TN
Tnpusu.	原住者－所有者。	Native / indigenous - owner.	Autochtone - propriétaire.	TN
Tnwawa.	生產（某些動物：水牛、山羊等）。	To give birth (for certain animals: buffalo, goat etc.)	Mettre bas (pour certains animaux : buffle, chèvre etc.)	TN
Tnbalung.	產卵（下蛋）。	To lay eggs.	Pondre.	TN
Tnbru.	已生產（母豬）。	To have given birth (sow).	Avoir mis bas (truie).	TN
Ini ktngi ka mrmirit su.	你的羊沒有吃飽。	Your goats have not eaten enough.	Tes chèvres n'ont pas assez mangé.	TNGI
Mtngi su da (=su da)? … Ini na!	你飽了嗎？……還沒！	Are you full? … Not yet!	Es-tu rassasié ? … Pas encore !	TNGI
Pktngiyun mu kacing ka tlealay (= Tlealay o, Kacing ka pktngiyun mu, vl. Tlealay o, pktngiyun mu ka kacing)	我想先讓水牛吃飽。（或：句序調換。）	I want to feed the buffalo to satiety first. (var. of the sentence order.)	Je veux d'abord rassasier le buffle.	TNGI
Ini hari sktngi sjiqun ka pang.	麵包不太營養（不太能讓人吃飽）。	Bread is not very nourishing (does not satiate people much).	Le pain n'est pas très nourrissant (ne rassasie pas beaucoup les gens).	TNGI
Pnapa ku asu pida bi paru tnpngan silung siida!	我正好在海浪很大的時候上了船。	I took the boat just at the moment when the sea was very rough.	J'ai pris le bateau juste au moment où la mer était très houleuse.	TNPONGAN
Kmsalu ku bi sapah ni, ini hari tuku ka pila mu!	我很想蓋一間房子，可是（偏偏）我的錢不太夠。	I'd really like to build a house and (there it is) I don't have quite enough money.	J'aimerais bien construire une maison et (voilà) que je n'ai pas tout à fait assez d'argent.	TOKO
Nasi miyah maxal bnkiyan gnsal o, mha mtuku djiyan ssalu mu sapah.	如果我再找到（再加上）十捆稻草，我就有足夠的材料蓋房子了。	If I find ten more sheaves of straw (if one adds them), I'll have enough materials to build the house.	Si je trouve encore (si on ajoute) dix gerbes de paille j'aurai les matériaux suffisants pour construire la maison.	TOKO
Mttuku kana elealang ka hangan niya.	他的名聲傳遍各處（到處都知道）。	His name fills everywhere (is known everywhere).	Son nom remplit partout (est connu partout).	TOKO
Miyah ku ptuku hiyi emphuma slaq su.	我來補足要幫你插秧的人數（＝我來讓插你秧田的人手足夠）。	I come to make up the number of those who are going to plant your rice field (= I come so that there will be enough people to plant your rice field).	Je viens faire le complément du nombre de ceux qui vont planter ta rizière (= Je viens pour qu'il-y-ait assez de monde pour planter ta rizière).	TOKO
Ptkui bi (ka) nnamu nanak.	你們要滿足於（讓它足夠）自己所擁有的。	Be content (make it enough) with what you have.	Contentez-vous (faites que ce soit assez) de ce que vous avez.	TOKO
Hmuya su bi? Ana tmunguh ini su tunguh!	你到底是怎麼了？連嚐一口都不肯嚐！	What on earth is the matter with you? You don't even want to taste a taste!	Qu'est-ce qu'il t'arrive donc ? Même goûter tu ne veux pas goûter !	TONGOX
Tai ka emphapuy o, ida luhay na bi tmunguh ana manu pshdaan na uqun.	對廚師（無論男女）而言，嚐一嚐自己準備的食物是一種習慣。	For a cook (male or female), it is a habit to taste whatever food he/she prepares.	Pour un cuisinier (une cuisinière), c'est une habitude de goûter la nourriture qu'il prépare.	TONGOX
Msibus balay ka nii; tnguhi binaw!	這個很甜；嚐一點看看！	This is very sweet; just have a taste!	Ceci est très sucré ; goûte voir un peu !	TONGOX
Tmunguh ka tmunguh; bilaq balay ka tnguhan niya!	他是嚐了（要嚐是嚐了），但他只嚐了一點點！	He did taste it (as for tasting, he tasted), but he tastes only a tiny little bit of it!	Il l'a goûté (pour goûter il a goûté), mais il n'en goûte qu'un tout petit peu !	TONGOX
Ini biyaw teuqu ka Sikat! Bilaq bi lhbun na!	Sikat 很容易生氣！她的脾氣非常急！	Sikat takes offense easily! She is very quick (-tempered)!	Sicatz se vexe facilement ! Elle est très prompte !	TOOQO
Paah qsahur bi ka kari mu; ya bi teuqu!	我的話發自內心；你不要生氣（不要見怪）。	My words come from the heart; you must not take offense (be affronted).	Mes paroles viennent du coeur ; il ne faut pas te vexer (te formaliser).	TOOQO
Ini bi shungi ana kingal tneuqan na ka baki.	祖父連一次所受的冒犯都不會忘記！	Grandfather does not forget a single offense he has received!	Grand-père n'oublie pas une seule offense reçue !	TOOQO
Ya manu bi ka teuqan su?	你究竟受了什麼冒犯？	What then is the offense that you have suffered?	Quelle est donc l'offense que tu as subie ?	TOOQO
Paru bi teuqan ka kiya!	那是很嚴重的冒犯！	That is a serious offense!	Cela est une offense grave !	TOOQO
Nasi su mshaya do, na, su pteuqun kana ka rsrisaw da!	你若這樣做，（那麼）你會冒犯所有的年輕人！	If you act in this way, (then) you will offend all the young people!	Si tu agis de la sorte, (alors) tu vexeras tous les jeunes gens !	TOOQO
Kaway su! Mha su bi pteuqu hyaan da!	小心！你最後會惹他生氣的！	Watch out! You'll end up offending him!	Prends garde ! Tu vas finir par le vexer !	TOOQO
Kiya! Pteuqan su kana (vl. wada pteuqan su kana) ka drisaw ni dwauwa da!	你看！你終於冒犯了所有的年輕男女。	There! You have ended up offending all the young men and all the young women.	Voilà ! Tu as fini par vexer tous les jeunes gens et toutes les jeunes filles.	TOOQO
Paru bi pnteuqan su seejiq ka shiga!	昨天你深深地冒犯了眾人。	Yesterday you deeply offended people.	Hier tu as très profondément vexé les gens.	TOOQO
Ya sprang wada su rmngaw saw kiya spteuqu su rudan su?	我猜你是故意這樣說話來冒犯（惹惱）你的父母吧？	I suppose you spoke like that on purpose to offend (vex) your parents?	Je suppose que tu as fait exprès de parler ainsi pour offenser (vexer) tes parents ?	TOOQO
Tucing nhari!	快下來！	Come down quickly!	Descends vite !	TÖTING
Ana ini tucing ka hiya.	他不必下來。	It is not necessary that he come down.	Il n'est pas nécessaire que lui descende.	TÖTING
Mntucing shiga ka laqi na.	他的孩子昨天出生了（落地了）。	His child was born (fell) yesterday.	Son enfant est né (est tombé) hier.	TÖTING
Hmut su mkaraw qhuni o, emptucing su kiya da!	你（毫無理由地）老愛爬樹，最後會摔下來的（你等一下就會摔下來）！	With your habit (for no reason) of climbing trees, you'll end up falling (you'll fall any moment now)!	Avec ta manie (sans raison) de grimper aux arbres, tu vas finir par tomber (tu tomberas tout à l'heure) !	TÖTING
Saw bi mtucing kana karat da!	彷彿整個天都要塌下來了！	It is as if the whole sky were falling!	C'est comme si tout le ciel tombait !	TÖTING
Kmtucing ku bi ka yaku ni ungat tcingan!	我很想下去，可是沒有地方（沒有路）可以下去！	As for me, I'd really like to come down but there's no place to (by which to) come down!	Moi, je voudrais bien descendre mais il n'y a pas d'endroit pour (par où) descendre !	TÖTING
Tcingan rnabaw ka sayang.	現在是落葉的時節。	It is now the season of the falling of the leaves.	C'est maintenant le temps de la chute des feuilles.	TÖTING
Ptcingi bi kana ka bnuwar, saun mu lmamu kiya.	把所有的李子都打下來，我隨後去撿。	Knock down all the plums thoroughly, I'll go and gather them afterwards.	Abats bien toutes les prunes, j'irai les ramasser ensuite.	TÖTING
Ga ptucing kingal laqi kuyuh ka Rabay.	Rabay 正在生一個小女孩。	Rabay is in the process of giving birth to a little girl.	Rabay est en train de donner naissance à une petite fille.	TÖTING
Aji paah pntcingan na laqi ka mnarux bi Putuh?	Potox 不是從生產之後才真的病了嗎？	Isn't it since her childbirth that Potox (Potorh) has been really ill?	N'est-ce pas depuis son accouchement que Potorh est vraiment malade ?	TÖTING
Ita tucing su binaw; spngun mu tmucing paah hini!	把你的鐵鎚遞給我看看；我要試著從這裡用它（來敲打）。	Pass me your hammer to have a look; I'm going to try to use it (to hammer) from here.	Passe-moi voir ton marteau ; je vais essayer de m'en servir (pour taper) depuis ici.	TOTING
Usa tmucing kani nhari.	快去敲鐘。	Go quickly and ring the bell.	Va vite sonner la cloche.	TOTING
Tutu kalat.	鳳梨（罐頭）罐。	A (tin) can of pineapple.	Boîte (de conserve) d'ananas.	TOTOX
Tuhuy quyux miyah ka bgihur uri.	隨著雨，風也一起來了。	With the rain comes the wind as well.	Avec la pluie vient aussi le vent.	TOXOI
Mha ku tuhuy alang.	我要去村子裡逛一圈。	I'm going to take a stroll around the village.	Je vais faire un tour au village.	TOXOI
Ya slhbun! Ga ku tuhuy sapah Seguq.	別擔心！我在 Segoq 家作客。	Don't worry! I'm visiting at Segoq's place.	Sois sans soucis ! Je suis en visite chez Segoq.	TOXOI
Tuhuy ku tama musa bbuyu.	我和父親一起去森林（打獵）。	I'm going into the forest (hunting) in the company of my father.	Je vais dans la forêt (à la chasse) en compagnie de mon père.	TOXOI
Tuhuy ta han!	1°再陪我一會兒！2°等我，我們一起去。（MTTOXOI＝彼此往來、交往）。	1° Stay with me a little longer! 2° Wait for me, let's go together. (MTTOXOI = to keep company with / associate with one another).	1° Reste encore un peu avec moi ! 2° Attends-moi, allons ensemble. (MTTOXOI = se fréquenter).	TOXOI
Ima ka tghuy Lubaq?	誰和 Lubaq 一起（同行）？（註：某些說話者通常不區分 TOXOI 與 TGOXOI。）	Who is it that is (who goes) with Lubaq? (n.b. Most often certain speakers make no distinction between: TOXOI and TGOXOI).	Qui est-ce qui est (qui va) avec Lubaq ? (nb. Le plus souvent certains locuteurs ne font pas de distinction entre : TOXOI et TGOXOI).	TOXOI
Pgealu ku bi! Ungat thiyan mu da!	我好可憐！我再也沒有同伴（沒人作伴）了。	Poor me! I no longer have a companion (any company).	Pauvre de moi ! Je n'ai plus de camarade (de compagnie).	TOXOI
Naqih hari thiyan ka dbsukan.	與醉漢為伍不是好事。	It is not very good to be in the company of drunkards.	Il ne fait pas très bon être en compagnie d'ivrognes.	TOXOI
Malu bi thiyan ka Mikat.	Mikat 是個令人愉快的同伴。	Mikat is cheerful company.	Mikatz est de joyeuse compagnie.	TOXOI
Ttguhuy nami mkan.	我們大家一起吃飯。	We all eat together.	Nous mangeons tous ensemble.	TOXOI
Lnglungan dha: Ungat hini o, ga stghuy ssjiqun, msa ka dhiya.	他們心裡想：「他不在這裡，是因為他（想要）跟別人在一起」，他們這樣自忖。	In their thoughts: 'He isn't here; it's because he is (wanted to be) in the company of the other people,' they say to themselves.	En pensée : Il n'est pas ici, c'est qu'il est (a voulu être) en compagnie des autres gens, se disent-ils.	TOXOI
Pthiyun mu laqi su Watan ka Wili mu.	我希望我的兒子 Wili 和你的兒子 Watan 來往。	I want my son Wili to keep company with your son Watan.	Je veux que mon fils Wili fréquente ton fils Watan.	TOXOI
Ini bi ptuhuy laqi na ana inu ka Lautan.	Lautan 不准他的兒子到任何地方去閒逛。	Lautan does not allow his son to go walking anywhere at all.	Laotanne ne permet pas à son fils d'aller se promener où que ce soit.	TOXOI
Tayal bi tqral su!	哎呀！你怎麼這麼想睡覺！	Oh my! How drowsy you can be!	Oh la ! Ce que tu peux être somnolent !	TQ'LAL
Mha ku sapah da! Mtqral ku da (=ku da)!	我要回家了！我想睡覺了！	I'm going home! I'm sleepy!	Je rentre chez moi ! J'ai sommeil !	TQ'LAL
Ma saw bi stqral ka sntgan dha!	他們的談話實在令人昏昏欲睡（簡直像安眠藥！）。	Their conversations are really soporific (they are like sleeping pills!).	Leurs conversations sont vraiment endormantes (elles sont comme des somnifères !).	TQ'LAL
Mnarux kana tkrang mu da!	我全身的肋骨都痛。	All my ribs hurt.	Toutes mes côtes me font mal.	TQ'LANG
Tahut ini tqudak.	撲不滅的火。	An inextinguishable fire.	Un feu inextinguible.	TQODAP
Aji tmquli laqi ka Masa?	Massa 沒有孩子（要照顧、要撫養）嗎？	Doesn't Massa have children (to care for, to raise)?	Est ce que Massa n'a pas d'enfants (à soigner, à élever) ?	TQULI
Ungat hiyi ka trabus mu (vl. Ungat hiyi na ka trabus mu)	我的花生沒有結果實（或：我的花生還沒有結果實）。	My peanut plants have no fruit (var. My peanut plants have no fruit yet).	Mes arachides n'ont pas de fruits.	TRABUS
Ungat hiyi (na) ka trabus mu na!	我的花生還沒有結果實。	My peanut plants have no fruit yet.	Mes arachides n'ont pas encore de fruits.	TRABUS
Malu bi uqun ka buwax trabus.	花生仁很好吃。	Peanut kernels are delicious to eat.	Les grains d'arachides sont délicieux à manger.	TRABUS
Gntrabus mu shkawas ka dnamux sapah mu sayang.	我家現在的屋頂是靠我去年的花生（換來的）。	The current roof of my house is the product of (= thanks to) my peanuts from last year.	Le toit actuel de ma maison est le produit (= grâce à) de mes arachides de l'an passé.	TRABUS
Mnlatat ka hiya suusa na csngiya tunux bbuyu.	他出去到大自然中透透氣。	He went out to go get a bit of fresh air out in nature.	Il est sorti pour aller prendre un peu l'air dans la nature.	TS'NGIYA
Babaw snbtan ku dha o, wada ku tksuraw bi mksa.	被他們打了之後，我走路搖搖晃晃。	After being beaten by them, I staggered as I walked.	Après avoir été battu par eux, je titubais en marchant.	TSULAO
Paah kntlxan hiyi mu ka tksuraw ku mksa skeeman.	就是因為我發燒，昨晚我才像夢遊般走來走去。	It was because of my fever that I walked about like a sleepwalker last night.	C'est à cause de ma fièvre que je marchais en somnambule la nuit dernière.	TSULAO
Balay bi ka kari mu! Uxay mu seiyax!	我說的話很認真，不是開玩笑！	What I say is very serious, it is not a joke!	C'est très sérieux, ce que je dis, ce n'est pas une plaisanterie !	TS'YEX
Ya su seiyax nanak!	你在開玩笑吧！	You must be joking!	Tu veux rire !	TS'YEX
Stuq ku msaang ka yaku o, asi mtutuy seiyax ka hiya da!	我一直在爭吵，他卻只顧著開玩笑！	I keep on quarrelling and he just jokes around!	Je n'arrête pas de disputer et lui plaisante !	TS'YEX
Ma ini su kla mita! Mseiyax ka Tumi!	你怎麼看不出來！Tomé 在開玩笑！（她愛開玩笑）。	How do you not see it! Tomé is joking! (she likes to joke).	Comment ne sais tu pas voir ! Tomé plaisante !(elle aime à plaisanter).	TS'YEX
Ini snkuxul ana manu seiyaxan ka Aman.	Aman 不喜歡任何一種玩笑。	Amanne doesn't like any kind of joking.	Amanne n'aime aucune sorte de plaisanterie.	TS'YEX
Naqih bi seiyaxan ka kiya.	那是個很糟糕的玩笑（低級趣味）。	That is a bad joke (in poor taste).	Cela est une mauvaise plaisanterie (de mauvais goût).	TS'YEX
Riqu mu bi mita knseiyaxan na kdjiyax.	我討厭看他老是開玩笑！	I hate seeing him joking around all the time!	Je déteste de le voir toujours plaisanter !	TS'YEX
Ana pnais bi! Ttama cicih, Ki!	就算只是一下下，也坐一會兒吧，Aki！	Even if only very briefly, do sit down a little, Aki!	Même si ce n'est que très brièvement, assieds toi donc un peu, Aki !	TTAMA
Mniyah ttama pusu kliyut ka kjiraw.	老鷹飛來停在桑樹上。（＝老鷹來了…）	The eagle comes to perch on the mulberry tree. (= The eagle has come.)	L'aigle vient se poser sur le mûrier.(= L'aigle est venu.)	TTAMA
Ana ququ! Ya slhbun! Mha ku tmtama dxgal ka yaku.	沒關係，別擔心！我坐在地上就好！	It doesn't matter; don't worry! I'll sit on the ground!	Cela ne fait rien ; ne t'en fais pas ! Je vais m'asseoir par terre !	TTAMA
Ini bi kla ttama ka sinpu.	神父待不住！	The father (priest) can't stay put!	Le père (prêtre) ne sait pas rester en place !	TTAMA
Bhangi bi kana ka yamu mttama (vl. kana yamu ka mttama) dxgal.	你們這些坐在地上的人，都好好聽我說！	Listen to me well, all of you who are sitting on the ground!	Ecoutez moi bien tous vous qui êtes assis par terre !	TTAMA
Adas nanak ka ttmaan namu nanak tttama namu kska sapah.	每個人都自己帶座位，好在屋裡坐下。	Let each one bring their own seat to sit on inside the house.	Que chacun apporte son propre siège pour s'asseoir à l'intérieur de la maison.	TTAMA
Bsiyaq bi ka tntmaan mu; meuwit ku da.	我坐了很久，累了。	I stayed seated for a long time, I am tired.	Je suis resté assis pendant longtemps je suis fatigué.	TTAMA
Wada sayang ka Paras; Nii ka tntmaan na bitaq sayang.	Paras 剛離開；這就是他剛才一直坐著的地方。	Paras has just left; This is where he was sitting until just now.	Paras vient de partir ; Voilà où il était assis jusqu'à maintenant.	TTAMA
Knteetu mkksa ka uwa su; nduwa bi pttama hyaan cicih!	你女兒一直滾來滾去；設法讓她安分一下吧！	Your daughter won't stop rolling about; try to make her stay put a little!	Ta fille n'arrête par de rouler ; tâche de la faire rester un peu en place !	TTAMA
Mqriqu bi ttuan ka hiyi babuy! Asi ka embaga!	豬不容易切割；得靠手藝。	A pig is not easy to cut up; it takes the hand (skill).	Un cochon ce n'est pas facile à découper ; il y faut la main.	T"TO
Jyagi ku tmeetu ppajiq hu?	你願意幫我切菜嗎？	Will you help me cut up the vegetables?	Veux tu m'aider à couper les légumes ?	T"TO
Akay bu! Knriwa mnarux tudu mu da!	哎喲媽呀！我的背好痛！	Ouch, mama! My back hurts so much!	Aïe maman ! J'ai très mal au dos !	TUDO
Uda nanak tudu qmpahan.	只走田埂（走在田埂上）！	Just go along the (on the) ridges of the fields!	Passe seulement par les (sur les) diguettes des champs !	TUDO
Mntutuy ka Kawas uusa na tmukuy masu niya.	Kawas 出發去撒播他的小米。	Kawas has set off to go sow his millet.	Kawas s'est mis en route pour aller semer son millet.	TUKWI
Nta da! Baka bi tkuyan masu ta da!	來吧（走吧）！正是播種我們小米的季節。	Come (let's go)! It's the season to sow our millet.	Viens (allons) ! C'est la saison pour semer notre millet.	TUKWI
Truma tnkuyan mu masu shkawas kika qmpahan niya da!	比我去年播種小米的地方更低處，就是他的田。	Lower down than the place where I sowed my millet last year, that's where his field is.	Plus bas que l'endroit où j'ai semé mon millet l'an passé, c'est là qu'est son champ.	TUKWI
Mniyah kmsiyuk ghak sapah mu stukuy na mnsngari qmpahan na daya.	他來向我借種子，好播種在他上面那塊剩下的田裡。	He came to borrow seed from me to sow it in what remains of his field up there.	Il est venu emprunter des semences chez moi pour les semer dans ce qui lui reste de champ là-haut.	TUKWI
Malu tunux.	聰明。	Intelligent.	Intelligent.	TUNUÇ
Paru tunux.	有學問。	Learned / knowledgeable.	Savant.	TUNUÇ
Naqih tunux.	資質差－固執。	Not gifted - stubborn.	Peu doué - têtu.	TUNUÇ
Tunux tasil.	石頭的表面。	The face of the stone.	Face de la pierre.	TUNUÇ
Tunux dha.	他們的首領。	Their chief.	Leur chef.	TUNUÇ
Tunux unuh.	乳頭。	The nipple of the breast.	Mamelon du sein.	TUNUÇ
Mangal tunux.	砍下（取）頭顱（＝Smlyeq tunux！）。	To cut off (take) the head (= Smlyeq tunux!).	Couper (prendre) la tête (= Smlyeq tunux !).	TUNUÇ
Knteetu ida nkiya ka kari su o, ma su saw bi sntunux!	你老是說同樣的話，真是吵死我了！（＝好像你跟我的耳朵過不去似的？？）。	You never stop saying the same thing over and over, you really split my ears! (= It's as if you have a grudge against my ears??).	Tu n'arrêtes pas de dire toujours la même chose, tu me casses vraiment les oreilles ! (= On dirait que tu en veux à mes oreilles ??).	TUNUÇ
Tutuy nhari da.	現在，快起來！（從躺著、坐著的姿勢；從不好的處境、從無所事事的狀態。）	And now, get up quickly! (from a lying or seated position; from a bad situation, from a state of inactivity).	Et maintenant, lève toi vite ! (d'une position couchée, assise ; d'une situation mauvaise, d'un état d'inactivité).	TUTWI
Ini su tlealay tutuy ka isu o, ungat ka empdayaw sunan da!	如果你不先開始（不先動手），就沒有人會幫你！	If you don't begin (if you don't set to it first), there will be no one to help you!	Si tu ne commences pas (si tu ne t'y mets pas d'abord), il n'y aura personne pour t'aider !	TUTWI
Ya lnglung! Saun misu tmutuy kiya.	別想了（別擔心）！我會來（我想來）叫醒你。	Don't think about it (don't worry)! I'll come (I want to come) to wake you.	N'y pense pas (ne te fais pas de souci) ! Je viendrai (je veux venir) te réveiller.	TUTWI
Mntutuy suni ka hidaw.	太陽已經升起一段時間了。	The sun rose some time ago.	Le soleil s'est levé il-y-a un certain temps.	TUTWI
Mtutuy rmngaw ka Pihu do, asi mmlux kana da.	Pihu 一開口說話（發言－起身講話），大家就都注意起來（豎起耳朵－專心聆聽）。	As soon as Pihu starts to speak (takes the floor - rises to speak), everyone takes notice (pricks up their ears - becomes attentive).	Dès que Perho se met à parler (prend la parole - se lève pour parler), tout le monde prend conscience (dresse les oreilles - est attentif).	TUTWI
Ungat ttuyan mu da.	我再也起不來了。	I no longer have the means to get up.	Je n'ai plus le moyen de me lever.	TUTWI
Baka bi ttuyan da!	該起床了。	It's time to get up.	Il est temps de se lever.	TUTWI
Pida bi ttuyan hidaw sida.	正當日出的時刻。	Right at the moment of sunrise.	Juste au moment du lever du soleil.	TUTWI
Ana su mtucing o, ida misu pttuyun.	就算你跌倒，我也會來扶你起來（我會把你扶起來）。	Even if you take a fall, I will come to raise you up (I will lift you back up).	Même si tu fais une chute, je viendrai te relever (je te relèverai).	TUTWI
Ima ka pnstutuy mtgsa nii?	是誰發掘（引進、聘用）這位老師的？	Who is it that discovered (brought in, hired) this teacher?	Qui est-ce qui a découvert (soulevé, embauché) ce professeur ?	TUTWI
Ya bi pstutuy pusu kari.	別去挑起（或：喚起）（爭端的）緣由。	Don't go stirring up (var. reawakening) causes (of discord).	Ne va pas provoquer (vl. réveiller) des motifs (de discorde).	TUTWI
Ini tduwa hmut tmuyuq ana inu.	不可以隨便吐口水！	It is not permitted to spit just anywhere!	Il n'est pas permi de cracher n'importe où !	TUYOQ
Tuyuqan dha kana ka dqras niya.	［頁面下方切斷，譯文從缺］。	[gloss cut off at the bottom of page 320]	[gloss coupé en bas de la page 320]	TUYOQ
Manu bi ka yahan su knan sayang? … Aji! Miyah nanak thmuku sunan!	你今天來我這裡到底是什麼意思？……沒什麼！我只是來向你問候而已。	What exactly does your coming to my house today mean? … Nothing! I simply came to greet you.	Qu'est-ce que veut bien dire ta venue chez moi aujourd'hui ? … Rien ! Je venais simplement te saluer.	TXMOQO
Thmuku cicih! Bilaq bi ka uda!	頭低一點（彎一下腰）！通道很窄！	Lower your head a little (bend down a bit)! The passage is small!	Baisse un peu la tête (courbe toi un peu) ! Le passage est petit !	TXMOQO
Balay bi pusu qhuni nii ka tmhkuan namu?	你們敬拜的真的是這棵樹嗎？	Is it really this tree that you venerate?	Est-ce vraiment cet arbre que vous vénérez ?	TXMOQO
Sapah tmhkuan.	廟宇－祈禱所－教堂（敬拜的場所）。	Temple - oratory - church (where one venerates)	Temple - oratoire - église (où l'on vénère)	TXMOQO
Balay bi tmhkuun ka seejiq kiya.	真的必須向那個人行禮致敬！	One really must bow before that person there!	Il faut vraiment qu'on s'incline devant cette personne là !	TXMOQO
Jyagi ku pthmuku sida qhuni nii.	幫我把這根樹枝壓低一點（幫我使它彎下來）。	Lower this tree branch for me a little (help me to bend it down).	Baisse moi un peu (aide moi à faire baisser) cette branche d'arbre.	TXMOQO
Ga mthngay ka lubuy su da.	你的袋子已經滿了。	There now, your sack is full.	Voilà que ton sac est plein.	T'XNGAI
Aji thngayun ka liwas su?	你的甕不是應該裝滿嗎？	Shouldn't your jar be full?	Est-ce que ta jarre ne doit pas être pleine ?	T'XNGAI
Mthngay ka Rpun su? … Ini kthngay sayang!	你的穀倉裝滿了嗎？……目前還沒裝滿。	Is your granary full? … At the moment it is not full.	Ton grenier est-il rempli ? … En ce moment il n'est pas plein.	T'XNGAI
Pthngayun mu kana ka spat brunguy su.	我想把你那四個背簍全都裝滿。	I want to fill all four of your carrying-baskets.	Je veux les remplir toutes les quatre tes hottes.	T'XNGAI
Ma su thulang!	好像你是首領一樣！	As if you were the chief!	Comme si c'était toi le chef !	TXOULANG
Rngagi bi thlangan.	好好地告訴首領、負責人（或：清楚地向首領說明）。	Tell it clearly to the chief, to the person in charge (var. Speak clearly to the chief).	Dis le bien au chef, au responsable (vl. Parle en clairement au chef).	TXOULANG
Acih ku mhuqil siida (vl. acih ku huqil siida)	我那時候差點就死了！	I very nearly died at that moment!	J'ai bien failli mourir à ce moment là !	TYEX
I cih pila su hu?	可以請你給我一點你的錢嗎？	Would you kindly give me a little of your money, please?	Voudrais tu me donner un peu de ton argent, s'il te plaît ?	TYEX
Risaw ni uwa.	男孩與女孩。	Boys and girls.	Garçons et filles.	UA
Malu bi thiyan ka uwa nii.	和這位少女作伴真是愉快。	It is really pleasant in the company of this young girl.	Il fait vraiment bon en compagnie de cette jeune fille.	UA
Yamu drisaw ni dwauwa o, yahi bi kana saman.	你們這群男孩女孩，明天你們一定都要來！	You there, the group of boys and girls, you absolutely must all come tomorrow!	Vous autres le groupe des garçons et filles, il faut absolument que vous veniez tous demain !	UA
Aji biyaw maauwa ka laqi su.	你的孩子不久就會長成少女了！	Before long your child will become a young girl!	Avant peu ton enfant va devenir jeune fille !	UA
Mskluwi ku nita knuwa su bi da ka sayang.	我很驚訝，看到你如今竟已是個大姑娘了！	I am quite surprised to see how much (how) you are a young girl today!	Je suis tout surpris de voir combien (comme) tu es aujourd'hui une jeune fille !	UA
Ya bi sliqi ka knuwaan su.	不要浪費你的貞潔（你的青春）。	Do not squander your virginity (your youth).	Ne gaspille pas ta virginité (ta jeunesse).	UA
Ini ku duuy ana manu; wana knuwaan mu.	我一無所有，只有我的貞潔（我的青春）。	As for me, I possess nothing (other than) only my virginity (my youth).	Moi, je ne possède rien (d'autre que) seulement ma virginité (ma jeunesse).	UA
Ubal tunux.	頭上的毛＝頭髮。	Hairs of the head = hair (of the head)	Poils de la tête = cheveux.	UBAL
Ubal sneunux.	頭髮。	Hair (of the head)	Cheveux.	UBAL
Ubal rungay.	猴毛＝汗毛（遍布全身的細毛）。	Monkey hair = down (which is over the whole body)	Poils de singe = duvet (qui est sur tout le corps)	UBAL
Ubal dowriq.	睫毛、眉毛（眼睛的毛）。	Eyelashes, eyebrows (hairs of the eyes)	Cils, sourcils (poils des yeux)	UBAL
Ubal mirit.	山羊毛（羊毛？＝以前不為人所知）。	Goat hair (Wool? = unknown in former times)	Poils de chèvre (Laine ? = inconnue autrefois)	UBAL
Ubal kacing.	馬鬃（鬃毛）。（太魯閣人的毛髮詞彙系統貧乏。）	Horsehair / bristle. (The Taroko's system of hair terms is poor.)	Crin.(Le système pileux des taroko est pauvre).	UBAL
Niqan uda bitaq sapah su ka sayang hu?	現在有沒有通道、道路可以去你家？	Is there at the moment a passage, a road, to go to your house?	Est-ce qu'en ce moment il-y-a un passage, une route, pour aller chez toi ?	UDA
Muda su inu uusa su sipaw?	你從哪裡經過到對岸去？	By which way do you pass to go to the other side?	Par où passes tu pour aller de l'autre côté ?	UDA
Aji su muda sapah mu?	你不順道來我家（繞一下）嗎？	Won't you pass by (drop in) at my house?	Tu ne passes pas) faire un tour) chez moi ?	UDA
Dai bi alang su hini saw ana manu bnhangan nami ndaan su isil alang.	那就在你家這裡做出所有我們聽說你在別處做過的事吧。	Do here, at your own home, everything that we have heard you did elsewhere.	Fais donc ici Chez toi tout ce que nous avons entendu dire que tu as fait ailleurs.	UDA
Malu bi daan ka elug sapah su.	通往你家的路很好走。	The road that goes to your house is very easy.	La route qui va chez toi est très facile.	UDA
Lnglung bi ndaan dha seuxal!	好好想想他們昔日所經歷的一切（他們走過的路）！	Think carefully about all that they lived through, (where they passed) in the old days.	Pense bien à tout ce qu'ils ont vécu, (par où ils sont passés) !autrefois.	UDA
Ana mu si lnglungi ka ndaan mu o, ungat bi ka naqih!	無論我怎麼回想我的過去，都找不到任何不好（邪惡）的事。	However much I reflect on all my past, I find nothing bad (there is nothing) wicked in it.	J'ai beau réflechir à tout mon passé, je n'y trouve rien (il n'y a rien) de mauvais (de mal).	UDA
Mha su inu? … Niqan nanak ddaun mu!	你要去哪裡？……我有我自己的目標（要辦的事）。	Where are you going? … I have my own goals (matters to accomplish).	Où vas tu ? … J'ai mes propres buts (affaires à réaliser).	UDA
Peuda kari.	命令（＝透過話語傳達？）。	To command (= to make pass by the word?).	Commander (= Faire passer par la parole ?).	UDA
Peuda hangan tama.	藉父之名（＝透過父親的名字－以父之名）。	To invoke the father (= to pass by the father's name - in the father's name).	Se recommander du papa (= passer par le nom du père - au nom du père).	UDA
Empeuda ku hangan tama. Dmurun.	我以父之名祈求……（我藉父親的名字……而祈求（為了祈求、為了向你祈禱……））。	I ask. In the name of the father (I pass by the father's name. And ask (to ask, to pray to you.)).	Je demande. Au nom du père (Je passe par le nom du père. Et demande (pour demander, pour te prier.).	UDA
Hyaun su ka hakaw? … Uuda mu yayung ddhuq sipaw.	你要那座橋做什麼？……用來過激流、抵達對岸！	What do you want to do with the bridge? … To cross the torrent and reach the far side!	Que veux tu en faire du pont ? … Pour passer le torrent et arriver en face !	UDA
Mnarux muda ka Iwal.	Iwal 得了流感（感冒）了。	Iwal has the flu.	Iwal est grippée.	MUDA
Aji manu ka sknarux tunux su: Muda nanak.	讓你頭痛的不過就是感冒罷了。	It is nothing other than the flu that makes your head hurt.	Ce n'est rien d'autre que la grippe qui te fait mal à la tête.	MUDA
Uwin, dha, tru, spat.	一、二、三……四。（註：此詞僅由老人使用；年輕人以表示「一」的 KINGAL 取代之。）	One, two, three. Four. (n.b. This term is used only by the elders; the young replace it with KINGAL, which denotes the unit 'one'.)	Un, deux, trois. Quatre. (nb. Ce terme n'est employé que par les anciens ; Les jeunes le remplacent par KINGAL qui désigne l'unité.).	UIN
Nta Uray da! Aji kika mha skmalu kmnarux su hu?	我們去泡溫泉吧！說不定那就是能治好你病的東西呢？	Let's go to the hot springs! Perhaps that is what will cure your illness?	Allons aux sources chaudes ! Peut être que c'est celà qui va guérir ta maladie ?	ULAE
Akay uray!	哎呀！我好餓啊！	Oh my! How hungry I am!	Oh la ! Ce que j'ai faim !	ULAE
Mha ku mkan nhari! Meuray ku bi da!	我要趕快吃！我真的好餓！	I'm going to eat quickly! I'm really hungry!	Je vais vite manger ! J'ai vraiment faim !	ULAE
Ini ku kuray ka yaku.	我，我並不挨餓。（或：我不餓。）	As for me, I am not famished. (var. I am not hungry).	Moi, je ne suis pas affamé. (vl. je n'ai pas faim).	ULAE
Ma su lnglung pkeuray knan da!	這樣看來，你是打算餓死我啊！	Well then, it seems you intend to starve me!	Alors, on dirait que tu as l'intention de m'affamer !	ULAE
Paru bi krayan alang nami ka shkawas.	去年我們部落發生了大饑荒！	Last year there was great famine among us!	L'an passé c'était chez nous grande famine !	ULAE
Urat kana ka hiyi bowyak nii.	這塊山豬肉全都是筋！	This wild-boar meat is nothing but sinew!	Cette viande de sanglier n'est que du nerf !	ULAT
Urat dara.	靜脈（血管）。	Veins (blood vessels).	Veines.	ULAT
Urat kacing.	牛筋。	Ox sinew (bull's pizzle).	Nerf de boeuf.	ULAT
Naqih bi ka meurat papak pida muda ta dowras siida!	攀爬岩石時抽筋是非常危險的！	It is very dangerous to get a cramp when one is climbing among the rocks!	C'est très dangereux d'attraper une crampe quand on grimpe dans les rochers !	ULAT
Ini su urus sapuh slaq ka isu?	你不打算在你的水田裡撒肥料嗎？	You're not going to spread fertilizer in your rice paddy, then?	Tu ne vas pas semer des engrais dans ta rizière, toi ?	ULUS
Kiya do, hcian na murus kska sapah ka pila ni, qduriq, mnusa tbsqur da!	然後，他把錢撒在屋子中央之後，就逃走並上吊自盡了。	Then, after having thrown (scattered) his money in the middle of the house, he fled and hanged himself.	Puis, après avoir jeté (répandu) son argent au milieu de la maison, il se sauva et se pendit.	ULUS
Ana naqih slusan o, ida mu slusun kiya ka radax gaga.	雖然那根木頭很難拖，我還是得把它拉動！	Even though it is hard (to drag), I must manage to pull that log!	Bien qu'elle soit malaisée (à traîner), il faut que j'arrive à tirer cette grume !	ULUS
Qbling! Tru bi pada ka buan su! Ma su umal!	吹牛的人！你只打（殺）了三隻羚羊，何必再多說（多加）？	Braggart! You only shot (killed) three chamois; why add more?	Blagueur ! Tu n'as tiré (tué) que trois chamois ; Pourquoi en rajouter ?	UMAL
Nasi su mumal knqrinutan su o (vl. Nasi mrana ka qngqrinut su o), na, yahun misu dmayaw da!	萬一你的貧困加劇（或：你變得更窮），那我就會來幫你。	In case you should increase your state of poverty (var. you should become poorer), then I would come to help you.	Au cas où tu augmenterais ton état de pauvreté (vL. tu deviendrais plus pauvre) alors je viendrais t'aider.	UMAL
Numal mu nanak ka tru nii.	這三個，是我自己加上去的。	These three, it is I who added them myself.	Ces trois, c'est moi qui les ai ajoutés de moi-même.	UMAL
Aji mrana knlala ka meysa su pila? … Uxay nmalan su nanak shiga!	你要求的錢數不是一直在增加嗎？……可是（你明明知道）昨天是你自己加上去的！	Doesn't the sum of money you are asking for keep increasing? … But (you know very well that) it is you yourself who added to it yesterday!	Est-ce que la somme d'argent que tu demandes n'augmente pas. … Mais (tu sais bien que) c'est toi même qui en a ajouté hier !	UMAL
Ana ini ksibus ka sapuh nii o, ida sapuh mulun.	雖然這種藥不甜，但它仍是含著吸的藥！	Although this medicine is not sweet, it is nevertheless a medicine to be sucked!	Bien que ce médicament ne soit pas sucré, c'est pourtant un médicament à sucer !	UMUL
Ini usa ka tama o, usa nhari ka isu da!	（如果）爸爸不去，那你就快去吧！	(If) dad doesn't go, then you go quickly!	(Si) papa ne va pas, va donc vite, toi !	USA
Ungat usa ka sayang da!	今天已經不必去了（今天已經沒有要去了！）。	Today there is no more question of going (there is no more going, today!).	Aujourd'hui il n'est plus question d'aller (Il n'y a plus d'aller, aujourd'hui !).	USA
Musa ku tmaan.	我去我父親那裡。	I am going to (my) father's.	Je vais auprès (chez) mon père.	USA
Musa sjiqun	結婚。	To get married.	Se marier.	USA
Ini usa ka uqun.	食物下不去（我沒有食慾）。	The food doesn't go down (I have no appetite).	La nourriture ne descend pas (Je n'ai pas d'appétit).	USA
Manu bi ka saan su tuhuy sapah dha kdjiyax?	你為什麼總是去他們家（別人家）呢？	What is the reason you always go to their place (to others' places)?	Quelle est la raison pour laquelle tu vas toujours chez eux (chez les autres) ?	USA
Kiya ka saan mu nangal.	那就是我（確實）要去拿的。	That is what I am (indeed) going to fetch.	C'est cela que je vais (de fait) chercher.	USA
Kiya ka saun mu nangal.	那就是我想去拿的。	That is what I want to go and fetch.	C'est cela que je veux aller chercher.	USA
Saw kiya o, saun misu nita saman da!	如果是這樣，我明天就去看你！	If that's how it is, I will go to see you tomorrow!	S'il en est ainsi, j'irai te voir demain !	USA
Usa nanak ssaun su.	只去你該去的（路、目標）。	Go only (the paths, the goals) where you must go.	Va seulement (les chemins, les buts) où tu dois aller.	USA
Mnusa su inu?	你去過哪裡（哪些地方）？	Where have you been (to what places)?	Où es tu allé (dans quels lieux) ?	USA
Mnusa su inu?	你當時要去哪裡？（例如：在某些情況下）。	Where were you going? (e.g. in such circumstances).	Où allais tu ? (vgr. Dans telles circonstances).	USA
Mnusa ku sapah su shiga o, paru bi qmuyux.	昨天我去你家時，下著傾盆大雨。	Yesterday when I was going to your place it was pouring rain.	Hier quand j'allais chez toi il pleuvait à torrents.	USA
Tayal knlbuan su! Hyaun su? … Uusa mu bbuyu!	哎呀！你起得真早！怎麼會這樣？……（是）為了去打獵！	Oh my! How early you are up! How come? … (It's) to go hunting!	Oh la ! Comme tu es matinal ! Comment cela se fait-il ? … (C'est) pour aller à la chasse !	USA
Mkmusa ku bi ka yaku uri.	我也是想去的人。	I too am one who desires to go.	Moi aussi je suis celui qui désire aller.	USA
Psai sapah nhari ka baki su.	快把你岳父（公公）送回家。	Send your father-in-law back home quickly.	Renvoie vite ton beau père à la maison.	USA
Psaun mu babaw dnamux sapah ka lubuy su.	我要把你的袋子放到屋頂上。	I will put (I want to put) your bag on the roof of the house.	Je mettrai (je veux mettre) ton sac sur le toit de la maison.	USA
Ungat sapah shmkan ka Lihaw da, wada dha psaan da!	Lirhao 已經不在監獄裡了，他們已經把他放出來了。	Lirhao is no longer in prison, they have already released him.	Lirhao n'est plus dans la prison, Ils l'ont déjà relâché.	USA
Kmpowsa ku bi laqi mu musa paru ptasan.	我很想把我兒子送去大學。	I really want to send my boy to the university.	J'ai bien envie d'envoyer mon garçon à l'université.	USA
Mnusa ku kmsiyuk kacing dha seusa mu blbil radax.	我去借了一頭水牛，好去拖木頭（樹幹）。	I went to borrow a buffalo in order to go and haul logs (tree trunks).	Je suis allé emprunter un buffle pour aller tirer des grumes (des troncs de bois).	USA
Manu bi ka seusa na?	是什麼原因讓它去的？	What is the reason that makes it go?	Quelle est la raison qui le fait aller ?	USA
Suqi nihur ka usik su! Ini ku kmkan!	你的辣椒太辣了！我不想吃。	Your chili is far too strong (spicy)! I don't care to (have no desire to) eat any.	Ton piment est bien trop fort (piquant) ! Je ne tiens pas (je n'ai pas envie) d'en manger.	USIK
Usik qapal.	薑。	Ginger.	Gingembre.	USIK
Mhuma usik qapal paah snii bi ka dtruku.	太魯閣人是近來才開始種薑的。	The Taroko have only recently begun to cultivate ginger.	Les Taroko ne cultivent le gingembre que depuis peu.	USIK
Ini na psai usux ka baga na.	他不把（不願把）手臂穿進袖子裡。	He does not put (does not want to put) his arms through the sleeves.	Il n'enfile pas (il ne veut pas enfiler) ses bras dans les manches.	USUK
Knteetu mutaq ka laqi mu; ya saw bi manu ka sknarux hyaan?	我的孩子一直嘔吐不停；到底是什麼讓他生病的呢？	My child won't stop vomiting; what on earth could have made him sick?	Mon enfant ne cesse pas de vomir ; qu'est-ce qui peut bien l'avoir rendu malade ?	UTAQ
Uxay isu ka tama Laun?	你不就是 Hlaon 的父親嗎？	Aren't you Hlaon's father?	N'est-ce pas toi le père de Hlaon ?	UXAI
Uxay yaku!	不是我！	It's not me!	Ce n'est pas moi !	UXAI
Isu ka mniyah sapah mu skeeman? … Uxay!	昨晚是你來我家嗎？……不是！	Is it you who came to my house last night? … No!	C'est toi qui es venu chez moi la nuit dernière ? … Non !	UXAI
Nuxay biyax tama o, qani ku usa!	若不是我父親的力量（堅持），我就不會去了。	If it hadn't been for the strength (insistence) of my father, I would not have gone.	S'il n'y avait pas eu la force (l'insistance) de mon père, je ne serais pas allé.	UXAI
Nuxay isu o, na, ini na sai matas ka laqi!	若不是你出面，我兒子就不會去上學了。	If you had not intervened, my son would not have gone to school.	Si tu n'étais pas intervenu, mon fils ne serait pas allé à l'école.	UXAI
Akay wa!	哎唷！	Ouch!	Aïe !	WA
Acih, wa!	唉呀！好險！	Well! It was a close call!	Eh bien ! Il s'en est fallu de peu !	WA
Nhari wa!	那就快點吧！	Hurry up then!	Dépêche toi donc !	WA
Wada ka tama mu da.	我父親已經走了。	My father has already left.	Mo père est déjà parti.	WADA
Wada qmpahan ka tama mu.	我父親去田裡了（他現在在那裡）。	My father has gone to the fields (he is there right now).	Mo père est allé aux champs (il y est en ce moment).	WADA
Wada na ngalun ka hukut su.	他已經拿走你的拐杖了。	He has already taken your stick.	Il a déjà pris ton bâton.	WADA
Wada wada ka hngkawas da!	歲月就這樣一年又一年地過去（不間斷地流逝）。	And the years passed, passed (went by without interruption).	Et les années passaient, passaient (ont passé sans interruption).	WADA
Usa weela ka isu, niyah ku kiya da.	你先走在前面吧；我晚點來。	You, go on ahead; I will come later.	Toi, va en avant ; je viendrai plus tard.	WA'LA
Manu ka sgiying su hyaan! Ga empweela ka hiya!	你找他做什麼？他在前面呢！	Why are you looking for him? He's up ahead!	Qu'est-ce que tu as à le chercher ? Il est devant, lui !	WA'LA
Mnusa ku pweela (empweela?) dhyaan kkaraw dha dowras daya.	我去帶領他們，好讓他們攀上那更高處的岩石。	I went to guide them so that they could climb the rocks that are higher up there.	Je suis allé les guider pour qu'ils grimpent les rochers qui sont là plus haut.	WA'LA
Ima ka empweela dhyaan.	是誰帶領他們（誰是他們的嚮導）？	Who is it that leads them (who is their guide)?	Qui est-ce qui les conduit (qui est leur guide ?) ?	WA'LA
Usa tweela ka isu ni empsnegul sunan kana ka dhiya da!	你走在前面，其他所有人都會跟著你。	You go in front and all the others will follow you.	Toi va devant et tous les autres te suivront.	WA'LA
Musa ka hiya do niqan ka mtweela ni niqan ka msnegul uri.	他移動時，有些人走在前面，有些人跟在（他）後面。	When he moves about, there are some who walk in front and some who follow (him).	Quand il se déplace, il y-en a qui marchent devant et il-y-en a qui (le) suivent.	WA'LA
Ita waray su binaw; siisun mu kingal butang.	把你的線遞給我一點；我想縫一顆鈕扣。	Pass me a bit of your thread; I want to sew on a button.	Passe moi un peu ton fil ; je veux coudre un bouton.	WALAE
Nta mkan waray hu?	那麼，我們要吃細麵嗎？	So, are we going to eat vermicelli?	Alors, On va manger des vermicelles ?	WALAE
Ya aji saku bsqrun waru hu!	我希望你不會（不想）勒死我（掐我脖子）！（註：請注意與 Wa"lo＝蜜蜂之區別！）。	I hope you're not going to (don't want to) strangle me (squeeze my neck)! (n.b. note the difference from: Wa"lo = bee!).	J'espère que tu ne vas (veux) pas m'étrangler (me serrer le cou) ! (nb. à noter la différence avec : Wa"lo = abeille !).	WALO
Wana mkan ka klaun su!	你只會吃！	All you know how to do is eat!	Tu ne sais que manger !	WANA
Wana spat bi hiyi ka mniyah.	只有四個人來了。	Only four people have come.	Il n'y a que quatre personnes qui sont venues.	WANA
Niqan lukus kana; wana isu ka ungat.	他們都有衣服；只有你沒有。	They all have clothes; you are the only one who has none.	Ils ont tous des habits ; tu es le seul à ne pas en avoir.	WANA
Ga qmpah kana, wana isu ka ini.	他們都在工作，只有你不（工作）。	They are all working, except you (you are the only one who does not (work)).	Ils travaillent tous, sauf toi (tu es le seul à ne pas (travailler).	WANA
Waqit bowyak.	山豬的獠牙。（＝用來稱象牙之詞，此外別無他稱）。	Wild boar's tusk. (= the name given to ivory, otherwise unknown).	Défense de sanglier. (= nom donné à l'ivoire, inconnu par ailleurs).	WAKAT
Ga snwaqit ka dxgal da.	土地正在冒出嫩芽。	The earth is in the process of sending out young shoots.	La terre est en train de faire sortir de jeunes pousses.	WAKAT
Wawa kacing.	小牛。	Calf.	Veau.	WAWA
Wawa mirit.	小山羊。	Kid (young goat)	Cabri.	WAWA
Wawa rudux.	小雞。	Chick.	Poussin.	WAWA
Wawa quyu.	小蛇。	Young of the snake.	Petit du serpent.	WAWA
Tatat.	狗的幼崽－小狗。	The young of the dog - puppy.	Le petit du chien - chiot.	WAWA
Bru.	豬的幼崽－小豬。	The young of the pig - piglet.	Le petit du cochon.	WAWA
Mha twawa knuwan ka kacing su?	你的母水牛什麼時候生產？	When is your buffalo cow going to give birth?	Quand est-ce que ta bufflonne va mettre bas ?	WAWA
Tnwawa sknuwan ka kacing su?	你的母水牛什麼時候生的？	When did your buffalo cow give birth?	Quand est-ce que ta bufflonne à mis bas ?	WAWA
Mkan wawaq.	吃肉。	To eat meat.	Manger de la viande.	WAWAQ
Niqan rwahan tutu su?	你有開罐器嗎？	Do you have a can opener?	As tu un ouvre-boîtes ?	WAXAN
Rwahan lungaw.	開瓶器。	Bottle opener.	Ouvre bouteilles.	WAXAN
Ga rwahan ka sapah dha.	他們的房子是開著的。	Their house is open.	Leur maison est ouverte.	WAXAN
Biyuq walu.	蜂蜜（蜜蜂的汁液）。	Honey (bee juice).	Miel (jus d'abeille).	WA"LO
Kuhat walu.	蜂巢（蜜脾）。	Honeycomb.	Rayon de miel.	WA"LO
Win, dha, tru.	一、二、三……	One, two, three …	Un, deux, trois …	WIN
Npaan su shjil bi seuxal, kika (kiya ka) sknarux hwinuk su.	是因為你從前背負沉重的負擔，才使你患上這腰痛。	It is from having carried heavy loads in the past that you get this lower-back pain.	C'est d'avoir porté de lourdes charges autrefois qui te provoque ce mal de reins.	WINUK
Akay uwit!	哎呀！多累啊！	Oh my! What fatigue!	Oh la ! Quelle fatigue !	WIT
Paah ka ndaan mu pkrut hiyi ka meuwit ku bi da.	自從我動了手術，我就真的很累！	It is since my operation that I am really tired!	C'est depuis mon opération que je suis vraiment fatigué !	WIT
Meuwit hari ka lnglungan na.	他快要讓步了（他的心思有點疲乏－他快要改變主意了！）。	He is about to give in (His mind is a bit weary - he is about to change his mind!).	Il est sur le point de céder (Sa pensée est un peu fatiguée - il est sur le point de changer d'avis !).	WIT
Meuwit bi ka erut sapah mu.	我家的樑有點不牢固。	The beams of my house are a bit weak.	Les poutres de ma maison sont un peu faibles.	WIT
Ana kingal jiyax ka ksaan mu, ini ku keuwit.	即使走了一整天的路，我也不累。	Even after a whole day of walking, I am not tired.	Même après un jour entier de marche, je ne suis pas fatigué.	WIT
Ya bi keuwit!	撐住！（別累倒！）。	Hold on! (don't get tired!).	Tiens bon ! (ne sois pas fatigué !).	WIT
Saw bi smeuwit seejiq ka tmabun!	去翻鬆（鋤）土地是很累人的！	It is very tiring to go break up (hoe) the ground!	C'est très fatiguant d'aller défoncer (piocher) le terrain !	WIT
Pskrci cicih ka habuk su.	把你的腰帶繫緊一點吧。	Do tighten your belt a bit.	Serre donc un peu ta ceinture.	XABUK
Aji qraqil ka habuk su? … Kiya! Qraqil kacing.	你的腰帶莫非是皮製的？……是的！是水牛皮做的。	Wouldn't your belt be made of leather? … Yes! Of buffalo leather.	Est-ce que ta ceinture ne serait pas en cuir ? … Oui ! En cuir de buffle.	XABUK
Hbki binaw ka ribul su!	給你的褲子繫上腰帶吧！	Do put a belt on your trousers!	Mets donc une ceinture à tes pantalons !	XABUK
Wada na jiyun wahir bbuyu shabuk na ribul niya.	他用野生的藤蔓來做成腰帶。	He used wild lianas to make a belt out of them.	Il s'est servi de lianes sauvages pour en faire une ceinture.	XABUK
Tai mhada do, mha ta da!	一準備好，我們就出發。	As soon as it is ready, we leave.	Dès que c'est prêt, nous partons.	XADA
Mhada ka pajiq ni ana ana manu damat; idaw ka ini khada.	青菜和所有的菜餚都好了；就是飯還沒好！	The greens and all the dishes are ready; it's the rice that isn't!	La verdure et tous les plats sont prêts ; c'est le riz qui ne l'est pas !	XADA
Nta mkan; mhada ka idaw da!	來吃飯；飯煮好了。	Come eat; the rice is cooked.	Viens manger ; le riz est cuit.	XADA
Ini khada ka payay mu.	我的稻子還沒成熟。	My rice is not yet ripe.	Mon riz n'est pas encore mûr.	XADA
Mha mkrima. Mkpitu! Ida empkhada ka blbul mu uri!	得要五天……七天！無論如何我的香蕉也會成熟。	It will take five days. Seven days! In any case my bananas too will ripen.	Il faudra cinq jours. Sept jours ! De toute façon mes bananes aussi mûriront.	XADA
Paru hidaw do, ini biyaw mshada ka hiyi qlupas.	若是大太陽，桃子很快就成熟。	If it is very sunny, the peaches ripen quickly.	S'il fait grand soleil, les pêches mûrissent vite.	XADA
Tluung nanak! Ga mshada nanak ka idaw!	你只管坐著！飯正在自己煮著呢。	Just sit down! The rice is cooking all by itself.	Assieds toi seulement ! Le riz est en train de se préparer tout seul.	XADA
Usa nama pshada (= usa psnama) idaw ka isu.	你先去準備飯（餐食）	You, go on ahead and prepare the rice (meal)	Toi, va en avant préparer le riz (repas)	XADA
Hidaw bi ka empshada ana manu uqun.	確實是太陽使所有食物成熟。	It is indeed the sun that ripens all the food.	C'est bien le soleil qui fait mûrir toute la nourriture.	XADA
Isu hu ka empshada uqun?	難道是你（有能力）使穀物成熟的嗎？	Could it by chance be you who (is able to) makes the cereals ripen?	Serait-ce par hasard toi qui (est capable de faire) fait mûrir les céréales ?	XADA
Luus ku bi ka yaku! Ungat bi ka empshada uqun mu da!	我是個很孤單的單身漢！沒有人替我做飯吃！	I am a very lonely bachelor! There is no one to prepare my meals!	Je suis un célibataire bien seul ! Il n'y a personne qui me prépare à manger !	XADA
Mqriqu (mkriqu) bi ka pshdaan ta blayan.	我們煮扁豆（的準備）真是很複雜！	Our preparation (cooking) of lentils is really complicated!	Elle est bien compliquée notre préparation (cuisson) de lentilles !	XADA
Mnangal ku tunux siida do, pasi miyah mssli kana ka djyami hhadur dha tuxan kingal bru babuy.	我獵回一顆首級的那天，我的族人全都聚集起來，向神靈獻上一頭小豬作祭。	The day I brought back a head, all my people gathered to offer the Spirit the sacrifice of a piglet.	Le jour où j'ai rapporté une tête, tous les miens se sont réunis pour offrir à l'Esprit le sacrifice d'un porcelet.	XADOL
Niqan ka mhadur sayang alang namu? … Niqan kiya!	如今在你們的村子裡，還有人獻祭（xadol）嗎？……有的！還有！	Are there still, nowadays, in your village, people who offer the sacrifice (xadol)? … Yes! There are still some!	Y-a-t-il encore de nos jours, dans votre village, des gens qui offrent le sacrifice (xadol) ? … Oui ! Il y en a encore !	XADOL
Sapah haduran.	教堂（基督宗教）。	Church (Christian).	Eglise (chrétien).	XADOL
Nasi mu hlayun do, hadun misu nhari da!	如果我能把它找回來，我會立刻帶回來給你。	If I manage to find it again, I will bring it back to you at once.	Si j'arrive à le retrouver, je te le ramènerai aussitôt.	XADUN
Saun misu hmadut, hu?	你要我去陪你嗎？	Do you want me to go accompany you?	Veux tu que j'aille t'accompagner ?	XADUT
Hbaraw bi seejiq mniyah hmadut kman mnusa ku papa asu skaya siida.	當我去搭飛機時，他們來了很多人（來了非常多人）陪我！	They came in great numbers (very many people came) to accompany me when I went to take the plane!	Ils sont venus très nombreux (de très nombreuses personnes sont venues) m'accompagner quand je suis allé prendre l'avion !	XADUT
Muda namu hakaw hu?	你們是走橋過去的嗎？	Do you cross by the bridge?	Est-ce que vous passez par le pont ?	XAKAO
Hakaw utux.	彩虹（神靈之橋）。	Rainbow (bridge of the Spirit).	Arc-en-ciel (pont de l'Esprit).	XAKAO
Asi ka hakaw tduwa ta mkaraw dnamux sapah su! Suqi bbaraw da!	要有梯子才能爬上你家的屋頂！它太高了！	You need a ladder to be able to climb onto the roof of your house! It is so high!	Il faut une échelle pour pouvoir monter sur le toit de ta maison ! Elle est tellement haute !	XAKAO
Mntakur smqit yayung ka pusu sakus o, malu bi ka kiya! Wada mhakaw nanak ka hiya!	樟樹橫倒在溪流上：真是太好了！它就那樣像橋一樣橫在那裡（它變成了橋）！	The camphor tree fell across the torrent: it's wonderful! It set itself there like a bridge (it became a bridge)!	Le camphrier est tombé en travers du torrent : c'est merveilleux ! Il s'est placé là comme un pont (il est devenu pont) !	XAKAO
Aji su hkagun ka yayung.	你不想在那條溪流上架一座橋嗎？	Don't you want to make a bridge over that torrent there?	Ne veux tu pas faire un pont sur ce torrent là ?	XAKAO
Ana pxal balay ini ku bi sruwa!	即使（只有）一次，我也絕對不允許！	Even (for) a single time, I absolutely do not allow it!	Même (pour) [une] seule fois, je ne permets absolument pas !	XAL
Ppxal ku bi musa pslihaw ka yaku.	我只是偶爾才去照鏡子而已！	It's only from time to time that I go look at myself in the mirror!	Ce n'est que de temps à autre que je vais me regarder dans la glace (le miroir), moi !	XAL
Empxal bi musa mita.	這是我唯一一次去看。	It's the only time I will go see.	C'est l'unique fois où je vais voir.	XAL
Mnpiya su da? … Mnpxal ku balay!	這對你來說已經是第幾次了？……只有一次！	How many times does that make for you already? … Only once!	Cela te fait déjà combien de fois ? … Une seule [fois] !	XAL
Balay bi snxalan su mapa kana ka nii?	你真的一次就把這些全揹了嗎？	Did you really carry all this in a single trip?	Tu as vraiment porté tout cela en une seule fois ?	XAL
Pnxalan su miyah siida.	在你想要成為唯一一次的那時候（＝在你來的第一次也是唯一一次（？）。）。	At what you wanted to be the only time (= At the first and only time you came (?).).	Lors de ce que tu as voulu être la seule fois (= Lors de la première et unique fois où tu es venu (?).).	XAL
Ungat bi ka mknxal ta sayang!	我們這些同時代的人真的一點也不值錢！	Our contemporaries really aren't worth much!	Ils ne valent vraiment pas cher nos contemporains !	XAL
Rudan knxalan.	長老的群體（＝年紀最長、同齡因而具有相同權威的一群人？？）。	The group of elders (= The group of the oldest ones who are the same age, and who therefore have the same authority??).	Le groupe des anciens (= Le groupe des plus âgés qui ont le même âge, qui donc ont la même autorité ??).	XAL
Aji misu shngiyun ana bitaq nxal!	我永遠不會忘記你（＝甚至直到最後）。	I will never forget you (= even until the very end).	Je ne t'oublierai jamais (= même jusqu'à la fin).	XAL
Embiyax hari.	稍微強一點－（病人）稍微好一點－。	A little stronger - a little better (of sick people)	Un peu plus fort - un peu mieux (malades)	XALI
Ini ku hari kmusa.	我不太想去。	I am not very inclined to go.	Je ne suis pas très disposé à aller.	XALI
Ini hari tuku.	還差一點點才夠。	It's a little short of being enough.	Il en manque un petit peu pour être assez.	XALI
Siqa hari!	矜持一點！	Be a little reserved!	Sois un peu réservé !	XALI
Tai binaw! Halus kana lukus su! Seesu (ssu) bi!	你看看！你的衣服全是口水！真丟臉！	Just look! All your clothes are covered in drool! It's shameful!	Vois un peu ! Tous tes habits sont pleins de bave ! C'est honteux !	XALÖS
Paah bilaq ni, ana jiyan ana keeman o, ida nhalus kdjiyax ka laqi nii!	從很小的時候起，無論白天黑夜，這個孩子一直不停地流口水。	Since he was very small, day and night, this kid never stops drooling.	Depuis tout petit, le jour comme la nuit, ce gosse n'arrête pas de baver.	XALÖS
Ya sa ga hmaluy biyax pkmalu mnarux ka hiya.	因為他被賦予（披上）了醫治病人的力量（能力）！	Given that he is endowed (clothed) with the strength (the power) to heal the sick!	Etant donné qu'il est doué (habillé) de la force (du pouvoir) de guérir les malades !	XALWI
Iyax nhari, msa! … Han!	他說：快來！……啊！好！	Come quickly, he said! … Ah! Good!	Viens vite, dit-il ! … Ah ! Bon !	XAN
Biqi ku cicih han hu?	給我一點，好嗎？	Give me a little, will you?	Donne m'en un peu, veux tu ?	XAN
Biqi ku cicih han!	先給我一點！	Give me a little first!	Donne moi d'abord un peu !	XAN
Hana dhuq o, asi su msaang da!	你才剛到就在吵架！	You've barely arrived and here you are already quarrelling!	Tu es à peine arrivé et voilà que tu disputes !	XANA
Hana ku nkla!	我才剛剛知道！	I've only just learned it!	Je viens tout juste de l'apprendre !	XANA
Ini ku kla hangan pusu qhuni nii!	我不知道這棵樹的名字。	I don't know the name of this tree.	Je ne sais pas le nom de cet arbre.	XANGAN
Niqan hangan.	有名的（＝有名氣）。	Famous (= to have a name).	Célèbre (=avoir un nom).	XANGAN
Ima ka hangan su = hangan su o, ina.	（似乎較為粗俗）	(seems more coarse)	(semble plus grossier)	XANGAN
Manu ka hangan su.	你叫什麼名字？	What is your name?	Comment t'appelles tu ?	XANGAN
Emptquli kingal laqi ka kuyuh su ni, Seguk ka thnganun.	你的妻子將會有（生下、需要照顧）一個孩子，他將取名為 Segok。	Your wife will have (will give birth to - will have to care for) a child, and he will be named Segok.	Ta femme aura (enfantera - aura à soigner) un enfant et il s'appellera Segok.	XANGAN
Pthnganun su manu ka laqi su?	你要給你的孩子取什麼名字？	What will you name your child?	Comment appelleras tu ton enfant ?	XANGAN
Empshjil su ni empgdurug su kingal laqi snaw pthnganun su Yisu.	你要懷孕，生下一個男孩，並給他取名叫耶穌。	You will conceive and will give birth to a male child, and you will name him Jesus.	Tu seras enceinte et tu enfanteras un enfant mâle et tu l'appelleras Jésus.	XANGAN
Ya bi shangan ka isu!	你可要小心，別亂給人取綽號（別嘲笑人）。	You, be careful not to give nicknames (not to mock).	Toi, garde toi bien de donner des sobriquets (de te moquer).	XANGAN
Ma su smhangan seejiq!	你是怎麼了（為什麼？怎麼會！！）要詆毀別人、給人取綽號！	What has got into you to (why? How!!) run people down, to give people nicknames!	Qu'est-ce qui te prend de (pourquoi ? Comment !!) décrier, de donner des sobriquets aux gens !	XANGAN
Nasi su shnganun ka seejiq duri o, ida misu psruun duri, kaway binaw!	如果你再嘲笑（給人取綽號）別人，我會再處罰你，你等著瞧！	If you mock (give nicknames to) people again, I will punish you once more, you'll see!	Si tu te moques (dis des sobriquets) encore des gens, je vais te punir à nouveau, tu vas voir !	XANGAN
Balay bi hangan na ka kiya? … Aji! Shnganan dha!	那真的是他的本名嗎？……不是！那是別人給他取的（惡毒）綽號！	Is that really his real name? … No! It's the (nasty) nickname that has been given to him!	Est-ce bien là son vrai nom ? … Non ! C'est le sobriquet (méchant) qui lui est donné !	XANGAN
Hapuy nhari!	快煮。	Cook quickly.	Cuis vite.	XAPWI
Hapuy nhari ka nuqaw nii.	快把這些小豌豆煮了！	Cook these little peas quickly!	Cuis vite ces petits pois !	XAPWI
Ga ku nhapuy idaw!	我正在煮飯。	I am cooking rice.	Je suis en train de cuire du riz.	XAPWI
Miyah ku dnayaw nhapuy sementu.	我來幫忙攪拌水泥砂漿。	I've come to help make the mortar.	Je viens aider à faire le mortier.	XAPWI
Qmpah su manu ka isu? … Ga ku nhapuy kusuy.	你在做什麼工作？……我在蒸餾香茅！	What work do you do? … I'm distilling citronella!	Quel travail fais tu, toi ? … Je distille de la citronelle !	XAPWI
Nhapuy su kana ka kusuy su daya?	你把上面那些香茅都蒸餾完了嗎？	Have you distilled it all (have you finished distilling) your citronella from up there?	L'as tu toute distillée (as tu fini de distiller) ta citronelle de là-haut ?	XAPWI
Nta nkan nhapuy da, tgaguh ku balay!	我們去吃飯吧，我很趕。	Let's go eat; I'm in a great hurry.	Allons manger ; je suis très pressé.	XAPWI
Baka bi puyan da!	該煮湯（做飯）了。	It's time to prepare the soup (to cook).	Il est temps de préparer la soupe (de cuire).	XAPWI
Mkuung bi ka sapah puyan mu.	我的廚房很暗。	My kitchen is very dark.	Ma cuisine est très sombre.	XAPWI
Mkuung bi ka puyan sapah mu.	我家的廚房很暗。	The kitchen of my house is very dark.	La cuisine de ma maison est très sombre.	XAPWI
Malu bi puyan ka pngusul.	蝸牛很容易料理（烹煮）。	Snails are easy to prepare (to cook).	Les escargots sont faciles à préparer (à cuire).	XAPWI
Miyah ku phapuy sunan; meuwit ku bi da!	我來你這裡讓你幫我做飯；我很累了。	I've come to have a meal made for me at your place; I'm very tired.	Je viens me faire faire à manger chez toi ; je suis très fatigué.	XAPWI
Ungat jiyax su do, sai phapuy Dluan da!	如果你沒空，就去 Jiru家讓人幫你做飯吧！	If you don't have time, go and have a meal made for you at Jiru's!	Si tu n'as pas le temps, va te faire faire à manger chez Djiro !	XAPWI
Mnusa marig ana manu sapah brigan sphapuy na dhyaan.	她（他）去市場買齊了所有東西，為了給他們做飯。	She (he) went to do all her shopping at the market in order to make food for them.	Elle (il) est allée faire tous ses achats au marché pour leur faire à manger.	XAPWI
Ima ka emphapuy uqun ray sapah su?	誰要為你家的客人準備飯菜（食物）？	Who will prepare the meal (the food) for the guests of your house?	Qui est-ce qui préparera le repas (la nourriture) pour les hôtes de ta maison ?	XAPWI
Hawan bi ka sapah mu!	我的家真可惜）（沒了……毀了……）。	What a pity for my house) (lost. Destroyed...).	Dommage pour ma maison) (perdue. Détruite...).	XAWAI
Wana haya ka biyax mu!	我只能做到這樣（＝我的力氣就只有這麼多！）。	That's all I can do (= That's all the strength I have!).	C'est tout ce que je puis faire (= Voilà tout ce que j'ai comme forces !).	XAYA
Ana khaya ka knnarux su o, ida nisu pkdusun.	儘管你病得這麼重，我還是想醫好你。	Although you are so seriously ill, I still want to heal you.	Bien que tu sois aussi gravement malade, je veux quand même te guérir.	XAYA
Ma mshaya ka laqi nii!	啊！這個（討厭的）孩子就是這樣行事！	Ah! That's how this (nasty) kid behaves!	Ah ! C'est comme cela qu'il agit ce (sale) gosse !	XAYA
Snruwa su bi ana manu pnteuqan dha! Ini bi kshaya kana!	你饒恕一切（對你的）冒犯！這不是一般人會做的事！	You forgive all the offenses (done to you)! That's not what people generally do!	Toi tu pardonnes toutes les offenses (qui te sont faites) ! Ce n'est pas ce que font les gens en général !	XAYA
Ksnani haya (= Ksi nami haya!)	使我們也一樣！（註：這個詞綴（？！）與它通常所影響的詞分開，並非獨一無二的現象：例如 Npa-so paro tunuç xeti＝你日後將成為一位首領（一位權威、一位「先生」）；在這些用法中，該前綴表現得彷彿是一個帶有自身訊息的獨立語素，或至少是一個影響整個語句的詞綴。）	Make us be the same! (n.b. This affix (?!) separated from the term it normally affects is not a unique occurrence: e.g. Npa-so paro tunuç xeti = You will later become a chief (an authority, a “gentleman”); in these realizations, the prefix behaves as if it were an autonomous moneme with its own message, or at least an affix affecting an utterance taken as a whole.)	Fais nous être de même ! (nb. Cet affixe (?!) séparé du terme qu'il affcte normalement n'est pas un fait unique : par. Ex. Npa-so paro tunuç xeti = Tu deviendras plus tard un chef (une autorité, un « monsieur ») ; dans ces réalisations, le préfixe se comporte comme s'il était un monème autonome avec un message propre, ou du moins un affixe affectant un énoncé pris comme un tout.)	XAYA
Ana su mnpiya: aji ku bi da o, ini su bi alix snhaya ana pxal!	你儘管說了那麼多次（你說了無數次）：不！結束了！但你卻一次也沒有停止像以前那樣做！	No matter how many times you've said (you've said so many times): No! It's over! You have not once stopped doing as before!	Tu as beau avoir dit tant de fois : (tu as dit tant de fois) : Non ! C'est fini ! Mais tu n'as pas cessé une seule fois de faire comme avant !	XAYA
Ida hbaraw bi seejiq ka ini kla snpug patas.	不識字的人仍然很多。	The people who cannot read are still numerous.	Ils sont encore nombreux les gens qui ne savent pas lire.	XBALAO
Ini khbaraw mniyah shiga ka laqi (vl. lqlaqi) matas.	昨天學生來得不多。	The pupils did not come in large numbers yesterday.	Les élèves ne sont pas venus nombreux, hier.	XBALAO
Mnusa ku mrmux hbragan seejiq.	我去混入（擠進）人群之中。	I went to mingle (to make my way into) the multitude of people.	Je suis allé me mêler (m'introduire dans) à la multitude des gens.	XBALAO
Saw bi ini su kla knhbragan na hiyi ka pais!	看來你不知道敵人有多少（……的群體……）。	It seems you don't know how numerous the enemies are (the multitude of.).	On dirait que tu ne sais pas combien les ennemis sont nombreux (lamultitude des.).	XBALAO
Snkukul su pila hu? … Ungat ana kingal hbangan mu!	你身上有錢嗎？……我一毛錢也沒有！	Do you have any money on you? … I don't have a penny!	As-tu de l'argent sur toi ? … Je n'ai pas un sou !	XBANGAN
Ga hmbuy ka dnamux sapah mu da!	我家的屋頂漏水了（有漏處）。	Now the roof of my house is leaking (has a leak).	Voilà que le toit de ma maison coule (a une gouttière).	XBUI
Gimi kingal lubuy duri; ga hmbuy ka kingal nii!	找另一個袋子；這個破了。	Look for another bag; this one is holed.	Cherche un autre sac ; celui-ci est percé.	XBUI
Ya bi ga inu ga hbiyan?	那漏水的地方到底在哪裡呢？	But wherever can the leak be?	Mais où donc peut bien être la gouttière ?	XBUI
Uxay nslubuy ka lubuy su nii? … Balay bi! Tai! Ga empruq sulay na! Ya lala bi hnbiyan na nuda elug ka pay i na!	你那個袋子是不是有點軟塌塌的？……喔！真的！你看！底部破了！（底端穿孔了）！想必牠的稻穀（粟）一路上撒了不少出去！	Isn't your bag (there) a bit slack? … Oh! It's true! Look! It's holed at the bottom! (its bottom is pierced)! No doubt a lot of its rice (paddy) has spilled out along the way!	Ne serait-il pas un peu flasque ton sac (là) ? … Oh ! C'est vrai ! Regarde ! Il est percé au fond !(ses fesses sont percées) ! Sans doute beaucoup de son riz (paddy) s'est répandu en route !	XBUI
Ana kingal bi hnbiyan sinaw ini ku bi tunguh!	我連一滴酒都不喝！	I don't drink even a single drop of alcohol!	Je ne bois même pas une seule goutte d'alcool !	XBUI
Hbraw su bi ka mnarux?	真的是你的下腹（骨盆部位）在痛嗎？	Is it really your lower abdomen that hurts you?	C'est vraiment ton bas-ventre qui te fait mal ?	XBULAO
Adas cicih hdayu aji su kslaan nuda elug.	帶點乾糧，免得路上肚子餓！	Take a snack so you won't get ravenous along the way!	Emporte un casse-croûte pour ne pas avoir la fringale en cours de route !	XDAYO
Jyagi ku phdayu tama su mmha bbuyu.	幫我準備（幫我做）你父親的乾糧，他要上山（打獵）！	Prepare for me (help me prepare) the snack for your father who is going to the mountains (hunting)!	Prépare-moi (aide-moi à préparer) le casse-croûte de ton père qui va partir en montagne (à la chasse) !	XDAYO
Sai hmjil ttahut! Ga nsqrul ka idaw da!	去把火移開（拿走）！飯要燒焦了！	Go move (take away) the fire! The rice is burning!	Va déplacer (retirer) le feu ! Le riz est en train de brûler !	XDIL
Usa mhjil cicih ka isu! Manu ka yahan su truma papak mu!	你往旁邊挪一點吧！你為什麼跑來擋在我腳下？	Move a bit further away, you! Why do you come and put yourself under my feet?	Va donc un peu plus loin, toi ! Pourquoi viens tu te mettre sous mes pieds ?	XDIL
Qmaya bi ddaan mu ka erut su gaga; phjili cicih hu? … Iq! Phjilun mu saman!	你的樑木（你的木料）擋住了我的路；把它們搬遠一點吧，好嗎？……好！我明天叫人把它們搬走！	Your beams (your pieces of wood) block my passage; have them moved a little (further away), will you? … Fine! I'll have them moved tomorrow!	Tes poutres (tes pièces de bois) entravent mon passage ; fais les donc transporter un peu (plus loin), veux tu ? … Bien ! Je les ferai transporter demain !	XDIL
Sknuwan ka thjilan dha sipaw?	他們什麼時候搬（他們的搬遷是何時發生的）到對面去的？	When did they move (did their relocation take place) (to go) to the place opposite?	Quand est-ce qu'ils ont déménagé (a eu lieu leur déménagement) (pour aller) en face.	XDIL
Hnjilan na bi hiyi ka Rabay.	Rabay 懷孕了。	Rabay was pregnant.	Rabay était enceinte.	XDIL
Mniyah ku ka mniyah ni ini ku hjiyal (vl. ini mu hjyali ka) ana manu.	我確實來了（就來而言，我來了），可是我什麼都沒找到！	I did indeed come (as for coming, I came) but I find nothing!	Je suis bien venu (pour ce qui est de venir, je suis venu) mais je ne trouve rien !	XDIYAL
Ya uxay hnjyalan su yayung ka tasil kiya?	你發現（你所說的）那塊石頭，該不會是在溪流裡吧？	Surely it wasn't in the torrent that you found that stone (the one you speak of)?	Ce n'est sans doute pas dans le torrent que tu as découvert cette pierre (dont tu parles) ?	XDIYAL
Qnduriq ka hiya ni wada thjiyal elug nkyayung da!	他以為能逃走，結果在沿著溪流的小徑上被人發現了。	He thought he would escape and he was discovered on the path along the torrent.	Il pensait s'enfuir et il a été découvert sur le sentier le long du torrent.	XDIYAL
Ya han! Ga ku hndu qmpah kingal lituk nii ka sayang.	等一下！我正在把這塊田（一塊（＝LITOK）地）鋤完。	Wait a moment! I am just finishing working (hoeing) this field (a plot (=LITOK) of land).	Attends un peu ! Je suis en train de finir de travailler (piocher) ce champ (un coin (=LITOK) de terrain).	XDO
Qhduun su knuwan ka pptasun su? … Mhdu da! (vl. mhdu ku da!)	你什麼時候才會把要寫的都寫完？……寫完了！（或：我寫完了！）	When will you finish writing all that you have to write? … It's done (var. I've finished!).	Quand finiras tu d'écrire tout ce que tu as à écrire ? … C'est fini (vl. J'ai fini !).	XDO
Ini qhdu mkan ka dhiya!	他們還沒吃完呢！	They haven't finished eating, those ones!	Ils n'ont pas fini de manger, eux !	XDO
Hndu su kana ka qmpahan trabus su?	你在花生田裡的活兒都做完了嗎？	Is all your work in your peanut fields finished?	Tout ton travail dans tes champs d'arachides est-il fini ?	XDO
Hndu da!	完成了！	It's finished!	C'est fini !	XDO
Hndu ku da (= ku da)	我做完了。	I have finished.	J'ai fini.	XDO
Hndu su da do, yahi ku dmayaw da!	既然你做完了，就來幫我吧。	Since you have finished, come and help me.	Puisque tu as fini, viens m'aider.	XDO
Ungat pnrjingan ungat nhdaan.	無始無終＝永恆。	Without beginning, without end = eternal.	Sans commencement sans fin = éternel.	XDO
Tmhiyaq namu ana manu kmhmutan (knhmtan?) o, kisa (?) (ki sa (?)) balay!	你們摒棄各種淫亂邪行，這很好！	You reject every kind of debauchery, that is very good!	Vous rejetez toute espèce de débauche, cela est très bien !	X'DYEQ
Ya hmuya su bi mthiyaq tluung kdjiyax!	你為什麼老是獨自坐在一旁（退到一邊）呢！	Why then do you always sit apart (withdrawn, off to the side)!	Pourquoi donc restes tu toujours assis à part (retiré à l'écart) !	X'DYEQ
Dmurun ku sunan pgthiyaq (ptthiyaq?) hngali hari.	我請你稍微退到一旁去。	I beg you to withdraw a little bit to the side.	Je te prie de te retirer un petit peu à l'écart.	X'DYEQ
Hiya o, ini usa.	他呀，他不去。	Him, he isn't going.	Lui, il ne va pas.	XEA
Ga su hiya?	你在那裡嗎？	Are you there?	Tu es là ?	XEA
Ana mu si biqi hyaan o, ini na ngali ka hiya.	就算我想把它給他（或：我怎麼給他），他也不肯收！	Even if I wanted to give it to him (var. no matter how I try to give it to him), he does not accept it!	Même si je voulais le lui donner (vl. j'ai beau le lui donner), lui ne l'accepte pas !	XEA
Mnusa ku hyaan.	一、我到他那裡去了；二、我到那邊去了（＝或：Mnsa ko xea）。	1° I went to him; 2° I went (toward) over there (= var. Mnsa ko xea).	1° Je suis allé vers lui ; 2° Je suis allé (vers) là-bas (= vl. Mnsa ko xea).	XEA
Nhiya ka patas embanah.	那本紅書是她的。	The red book is hers.	Le livre rouge est à elle.	XEA
Nima ka lukus? … Nhiya.	這些衣服是誰的？……他的！	Whose clothes are these? … His!	A qui sont ces habits ? … A lui !	XEA
Biqi nanak dhyaan ka ndhiya.	那就把屬於他們的東西給他們吧！	Give them what is theirs, then!	Donnez leur donc ce qui est à eux !	XEA
Mha sapah knuwan ka dhiya?	他們（那些人？）什麼時候回自己家去？	When do they return home, (those ones?).	Quand retournent-ils chez eux, (ceux là ?).	XEA
Wada hiya ka dhiya.	他們到那裡去了（所指或所談論的地方）。	They went there (a place one points to or that is being talked about).	Ils sont allés là (lieu qu'on montre ou dont il est question).	XEA
Ddhiya nanak ka Jiyan.	Jiyan 確實是他們中的一員。	Jiyan is indeed one of them.	Djian est bien l'un des leurs.	XEA
Ddhiya nanak ka djiyan.	Jiyan 的群體（家族）屬於他們那一群。	Jiyan's group (family) is part of their group.	Le groupe (la famille) de Djian fait partie de leur groupe.	XEA
Usa dhyaan, ya sa dhiya nanak ka rngagun su!	那就到他們那裡去吧，既然你想（你該）談話的對象正是他們！	Go to them, then, since it is they to whom you want (you must) speak!	Va donc vers eux, puisque ce sont eux à qui tu veux (tu dois) parler !	XEA
Hyaun su ka laqi?	你要拿（你所要的）那孩子怎麼辦？	What will you do (what do you want to do) with the child (that you are asking for.).	Que feras tu (que veux tu en faire) de l'enfant (que tu demandes.).	XEA
Hyaun su ka qlupas? … Uuqun mu!	你要拿這些桃子做什麼？……吃掉！	What do you want to do with the peaches? … Eat them!	Que veux tu en faire des pêches ? … Les manger !	XEA
Mhibung ka ribul su; ini hari khibung ka naku.	你的褲子是黃色的；我的沒那麼黃！	Your trousers are yellow; mine not very.	Tes pantalons sont jaunes ; les miens pas beaucoup !	XEBONG
Qmuyux kdjiyax o, ya aji wada emphing ka hidaw do!	雖然天天下雨，我希望熄滅的不是太陽！	Although it rains every day, I hope it is not the sun that has gone out!	Bien qu'il pleuve tous les jours, j'espère que ce n'est pas le soleil qui s'est éteint !	XEDAO
Ma su mshaya lnglung! Mhidaw paru ka saman da!	你的想法真奇怪！（或：你怎麼會這麼想！）明天會是大晴天！	You have a strange idea! (var. What has got into you to think like that!) Tomorrow the weather will be very fine!	Tu as une drôle d'idée ! (vl. Qu'est-ce qui te prend de penser ainsi !) Demain il fera grand beau temps !	XEDAO
Hidaw pada.	羚羊的太陽＝日出最初的一縷光，此時唯有高峰（羚羊佇立之處！）開始泛紅！	Chamois sun = the very first light of the sun, when only the high peaks (where the chamois stand!) begin to turn pink!	Soleil du chamois = Toute première lueur du soleil, quand les hautes cimes seules (où se tiennent les chamois !) commencent à rosir !	XEDAO
Ska hidaw.	正午（太陽正中）。	Noon (in the middle of the sun).	Midi (au milieu du soleil).	XEDAO
Babaw skahidaw (= babaw ska hidaw)	下午。	Afternoon.	Après midi.	XEDAO
Rmuxan hidaw.	日落（＝時間與地點（西方））。	Sunset (= time and place (west)).	Le coucher du soleil (= temps et lieu (ouest)).	XEDAO
Brah sapah ka mhidaw bi! Ini khidaw ka uyung na.	屋子前面才曬得到太陽，後面（卻）曬不到！	It is in front of the house that it is sunny, (but) not behind!	C'est devant la maison que c'est ensoleillé, (mais) pas derrière !	XEDAO
Hidaw ka sayang do, sai nhari phidaw payay da!	既然今天出太陽，快去把稻子拿出去曬（把稻子放到太陽下）！	Since it is sunny today, go quickly and dry the rice (put the rice out in the sun)!	Puisqu'aujourd'hui il fait du soleil, va vite faire sécher le riz (mettre le riz au soleil) !	XEDAO
Npkuyuh do, kika saun su phidaw payay da?	偏偏要在快下雨的時候，你才想把稻穀拿去曬（放到太陽下）嗎？	Is it when it's about to rain that you want to dry (put out in the sun) your paddy?	C'est quand il va pleuvoir que tu veux faire sécher (mettre au soleil) ton paddy ?	XEDAO
Phdagi lukus bnhuan mu suni hu? Brahaw su balay!	請你把我剛才洗的衣服拿去曬（晾乾），好嗎？	Could you please hang out in the sun (to dry) the clothes I washed a moment ago?	Pourrais tu étendre au soleil (mettre sécher) les habits que j'ai lavé tout à l'heure, s'il te plaît ?	XEDAO
Ya su wada phdagan ka lukus da?	希望你已經把衣服拿去曬了吧？	I hope you have put the clothes out to dry?	J'espère que tu as mis sécher les habits ?	XEDAO
Paru bi phdagan brah sapah mu ka yahan dha kmsiyuk.	他們來借的是我家門前那塊大（曬）場。	It is the big (drying) yard in front of my house that they came to borrow.	C'est la grande aire (de séchage) devant chez moi qu'ils sont venus emprunter.	XEDAO
Ma thidaw sayang!	瞧，今天出太陽了！	Look, it's sunny today!	Tiens Il fait du soleil aujourd'hui !	XEDAO
Miyah mgrahul siyaw gsilung nami kana ka dkmthidaw pnaah alang paru.	城裡所有想曬黑的人都來我們的海邊聚集。	All the city folk who want to get a tan come and gather on the shore of our sea.	Tous ceux des villes qui veulent se faire bronzer viennent s'attrouper sur le rivage de notre mer.	XEDAO
Miyah ku pphidaw payay.	我來曬稻穀。	I come to dry the paddy.	Je viens pour sécher le paddy.	XEDAO
Miyah ku knsiyuk phdagan su sphidaw mu payay.	我來借你的曬場（用它）來曬我的稻穀。	I come to borrow your yard to (use it to) dry my paddy.	Je viens emprunter ton aire pour (m'en servir pour) sécher mon paddy.	XEDAO
Mnarux kana hiyi mu.	我全身都痛。	My whole body hurts.	Tout mon corps me fait mal.	XEI
Ungat hiyi ka payay mu.	我的稻子沒有結穀粒（果實）。	My rice has no grain (no fruit).	Mon riz n'a pas de grain (de fruit).	XEI
Yaku bi kingal hiyi.	只有我一個人。	I am alone.	Je suis seul.	XEI
Yaku kingal bi hiyi.	只有我孤零零一個人。	There is only me, all alone.	Il n'y a que moi tout seul.	XEI
Hiyi bi ka kari mu.	我說的是真的（＝我的話是實在的、具體的。	What I say is true (= My speech is substantial, is concrete.	Ce que je dis est vrai (= Mon parler est consistant, est concret.	XEI
Uqi ka hiyi na ni qdaani ka buut.	吃肉，把骨頭丟掉。	Eat the meat and throw away the bones.	Mange la viande et jette les os.	XEI
Hiyi kacing.	水牛肉。	Buffalo meat.	Viande de buffle.	XEI
Hiyi babuy.	豬肉。	Pork.	Viande de porc.	XEI
Hiyi qsurux.	魚肉。	Fish flesh.	Viande de poisson.	XEI
Ana manu hyhiyi ana manu o, uxay mu uqun (vl. aji mu uuqun)	無論什麼東西的什麼肉，我都不吃（或：我不想吃）。	Any kind of meat of anything at all, I do not eat it (var. I don't care to eat it).	N'importe quelle sorte de viande de n'importe quoi, je ne la mange pas (vl. je ne tiens pas à la manger).	XEI
Mhiyi ka trabus mu da!	好啦，我的花生結果實（結莢）了。	There we are, my peanuts have grains (fruits).	Ça y est, mes arachides ont des grains (des fruits).	XEI
Nasi aji su sliqun o, ida empaahiyi ka dphpah kiya.	只要你別去糟蹋它們，那些花全都會結成果實。	If you kindly do not damage them, all those flowers will become fruits.	Si tu veux bien ne pas les abîmer, toutes ces fleurs là deviendront des fruits.	XEI
[ … ] kingal tuki da!	如果我們的稻子有好收成，（那麼）我就買一支手錶給你！	If our rice gives a good harvest, (then) I'll buy you a watch!	Si notre riz donne une bonne récolte, (alors) je t'achéterai une montre !	XEI
Ya bi manu ka empghiyi kdjiyax blbul su?	到底是什麼（是誰）讓你的香蕉樹一直結果呢？	What then is the agent (what is it) that keeps making your banana plants bear fruit?	Quel est donc l'agent (qu'est-ce) qui fait toujours produire tes pieds de bananes ?	XEI
Gnhiyi laqi mu ka kingal lituk qmpahan nii!	這塊地是（用）我女兒（的身體）換來的代價（＝聘禮？買賣？）。	This plot of land is the price brought in by (the body of) my daughter (= dowry? Sale?).	Cette pièce de terre est le prix rapporté par (le corps de) ma fille (= dot ? Vente ?).	XEI
Psaun mu quci kacing ka slaq mu spghiyi mu cicih payay da.	我想在我的水田裡放些牛糞，好讓我的稻子多少長些收成。	I want to put some cow dung in my paddy field to make my rice produce a little.	Je veux mettre de labouse de vache dans ma rizière pour faire un peu produire mon riz.	XEI
Ini bi thiyi ka kari mu!	我的話一點用都沒有！	My words are of no use!	Mes paroles ne servent à rien !	XEI
Ngali ni spuhi papak su; Thiyi balay ka sapuh nii!	拿去敷在你的腳上；這藥非常有效！	Take and apply it on your foot; this medicine is very effective.	Prends et applique sur ton pied ; ce médicament est très efficace.	XEI
Ana ini su snhiyi o, ida hiyi bi ka kari mu!	即使你不相信，我說的話也完全是真的！	Even if you don't believe it, what I say is perfectly true!	Même si tu ne le crois pas, c'est parfaitement vrai ce que je dis !	XEI
Hbaraw bi hiyi ka ini snhiyi kari Lauken.	有很多人不相信Laokeng的話。	There are many who do not believe the words of Laokeng.	Ils sont nombreux à ne pas croire aux paroles de Laokeng.	XEI
Ana ini su snhiyi o, ida meudus ka Utux mcinun.	任憑你怎麼不信，造物之靈依然活著。	No matter how much you disbelieve, the Creator Spirit is alive all the same.	Tu as beau ne pas y croire, L'Esprit créateur est quand même vivant.	XEI
Ida nggealu bi ka dbalay bi msnhiyi.	真正的信徒彼此相愛。	True believers love one another.	Les vrais croyants s'aiment entre eux.	XEI
Hlpis ka snhiyan namu, kika ini thiyi ka dnurun namu Tmaan ta baraw.	你們的信心薄弱（微弱），所以你們向神的禱告沒有效！	Your faith is weak (thin), that is why your prayers to God are not effective!	Votre foi est faible (mince), c'est pourquoi vos prières à Dieu ne sont pas éfficaces !	XEI
Ana ququ ini su snhiyi nkari mu! Ya mha psnhiyi sunan ka lntadan quwaq na bi?	你可以不相信我對你說的話！我想至少他親口說的話能夠說服你！	You may not believe the words I have told you! I suppose at least that the words from his own mouth will be able to convince you!	Tu peux ne pas croire aux paroles que je t'ai dites ! Je suppose au moins que les paroles de sa propre bouche pourront te convaincre !	XEI
Utux ka hiya! Mkla bi psnhiyi ana manu ana emaan.	他是一位靈（他非凡啊！）他能夠說服任何人相信任何事！	He is a Spirit (he is extraordinary, he is!) He is capable of convincing anyone of anything!	Il est un Esprit (il est extraordinaire, lui !) Il est capable de convaincre n'importe qui de n'importe quoi !	XEI
Ma su muda rqdgan spsnhiyi su sjiqun.	你是怎麼了，竟用謊言（欺騙）去說服別人？	What has got into you, to use lies (deceptions) to convince people?	Qu'est-ce qui te prend de te servir de mensonges (supercheries) pour convaincre les gens ?	XEI
Saw bi hnigan Sikat ka taan ta gaing hiya!	遠遠看過去，會以為是Sikat（Sikat的身影）。	Seen over there in the distance, you'd say it was Sikat (the silhouette of Sikat).	A voir là bas au loin, on dirait Sikatz (la silhouette de Sikatz).	XEI
Mha su pqita hnigan su o, ini su qsiqa?	你去把身體露給（大家）看，不覺得羞恥嗎？	Aren't you ashamed to go showing your body (to everyone)?	Tu n'as pas honte d'aller montrer ton corps (à tout le monde) ?	XEI
Ini ku kla mhaal ka yaku; ini biyaw mmlux kana hirang mu.	我沒辦法（用扁擔）挑東西；我的兩肩馬上就痛。	I am incapable of carrying (with a shoulder-pole); (all) my shoulders start hurting right away.	Moi, je suis incapable de porter (au fléau) ; (toutes) mes épaules me font tout de suite mal.	XELANG
Rudu hiraw.	痰（咳嗽的巢）。	Sputum (the nest of the cough).	Crachat (le nid de la toux).	XELAO
Mmlux hiraw.	有咳嗽（患咳）。	To have a cough.	Avoir la toux.	XELAO
Saw emblbil bi iraq ka hiraw mu.	我的咳嗽好像要把我五臟六腑都扯出來！	My cough seems to be tearing out all my guts!	Ma toux semble m'arracher tous les boyaux !	XELAO
Saw shiraw ka sknarux bi glu.	真正刺激（傷害）喉嚨的正是咳嗽這個動作。	It is the act of coughing that really irritates (hurts) the throat.	C'est le fait de tousser qui irrite vraiment (fait mal à) la gorge.	XELAO
Ana jiyan ana keeman o, ida mshiraw ka laqi mu; ini bi sangay!	我的孩子日夜咳嗽；一刻不停！	My child coughs day and night; it never stops!	Mon enfant tousse jour et nuit ; c'est sans arrêt !	XELAO
Niqan hilaw su? … Ungat! Wana ssapaw mu nanak ka niqan!	你有被子嗎？……我沒有！我只有鋪在地上（當床墊）用的東西。	Do you have any covers? … I have none! I have only what I need to spread on the ground (as a mattress).	As tu des couvertures ? … Je n'en ai pas ! Je n'ai que ce qu'il me faut pour étendre par terre (comme matelas).	XELAO
Mhilaw ku sndha sntru ka yaku ni ida ini thiyi.	我蓋了兩三層，卻還是不夠（沒用）！	I cover myself with two or three layers and yet it's not enough!	Je me couvre de deux ou trois épaisseurs et pourtant ce n'est pas efficace !	XELAO
Keeman da! Hrui ka harung su da!	天已經黑了！快點燃你的火把吧（你那塊松木）。	It's already night! Light your torch then (your piece of pinewood).	Il fait déjà nuit ! Allume donc ton falot (ton morceau de bois de pin).	XELO
Asi bi hniru kana dowriq na ka hiya!	以至於他（他立刻）把眼睛睜得大大的。	So much so that he (at once he) opens his eyes wide.	A tel point qu'il (Aussitôt il) ouvre tout grands ses yeux.	XELO
Ina ka dmuuy hruan da.	有沒有人有可以照明的東西？	Is there anyone who has something to give light?	Y-a-t-il quelqu'un qui possède de quoi éclairer ?	XELO
Naqih bi hruan ka ayang.	煤油是不太方便的照明方式。（或：煤油很難點燃。）	Petroleum is a rather inconvenient means of lighting. (var. Petroleum is hard to light.)	Le pétrole est un système d'éclairage peu commode.(vl. Le P. Est difficile à allumer).	XELO
Wada su hraan (= Hlayan) ka kacing su da?	你找回你的水牛了嗎？－不過人們會說：。	Have you found your buffalo again? - But one says:	Tu l'as retrouvé ton buffle ? - Mais on dit :	XELO
Paah hraan bitaq rmuxan hidaw.	從東到西（或：從早到晚＝從太陽照耀的時刻、地點，到它落下的時刻、地點）。	From East to West (var. From morning to evening = from the time, the place, where the sun shines until the time, place, where it sets).	De l'Est à L'ouest (vl. Du matin au soir = depuis le temps, le lieu, où le soleil éclaire jusqu'au temps, lieu, où il se couche ;).	XELO
Ga mhing ka denki niya.	他的電燈（＝他的電）熄了。	His electric lamp (= his electricity) is off.	Sa lampe électrique (= son électricité) est éteinte.	XENG
Ga inu ka phngan denki su da!	關掉你的電的開關在哪裡呢？	Where is the button to turn off your electricity?	Où est-il le bouton pour éteindre ton électricité ?	XENG
Ga hini ka tama su hu? … Ga hini.	你父親在這裡嗎？……在，他在這裡！	Is your father here? … Yes, he is here!	Ton père est-il ici ? … Oui, il est ici !	XENI
Iyax hini.	過來這裡！	Come here!	Viens ici !	XENI
Quri hini.	往這邊！	This way!	Par ici !	XENI
Manu ka saun su miing gaing da! Kingal mhini ka malu bi.	你何必跑那麼遠去找！這近處的這一個就很好了！	Why go looking far away! The one that is right here is very good!	Que vas tu chercher au loin ! Celui qui est contre ici est très bien !	XENI
Pnaah su inu ka isu? … Ida ku tnhini ka yaku!	你是哪裡人？……我啊，我是這裡人！	Where are you from? … Me, I'm from here!	D'où es tu, toi ? … Moi, je suis d'ici !	XENI
Hici do, mahaw ta sinaw.	之後，我們來喝（極強祈使）酒吧！	Afterwards, let's drink (very imperative) some wine!	Après, buvons (très impératif) du vin !	XETI
Hici bi.	在最後。	Right at the very end.	Tout à la fin.	XETI
Hmici ku rmngaw munan.	我最後一次對你們說話－我把我的遺願告訴你們。	I am speaking to you for the last time - I am telling you my last wishes.	Je vous parle pour la dernière fois - Je vous dis mes dernières volontés.	XETI
Hmici kari.	遺願（遺囑）。（註：對太魯閣人而言，摯愛之人的臨終遺言－以及能夠說出這些話的恩澤！－是極大的殊榮！例如，當父親去世卻未能表達遺願、未留下話語給親人時，他們會悲痛難抑！）	Last wishes (testament). (n.b. For the Taroko, the last words of a dear one - and the blessing of having been able to say them! - are a very great privilege! For example, they are inconsolable when a father dies without expressing his last wishes, without leaving a message for his own!).	Dernières volontés (testament). (nb. Pour les taroko, les dernières paroles d'un être chèr - et le bienfait d'avoir pu les dire ! Sont un privilège très grand ! Par exemple, ils sont inconsolables quand un papa meurt sans exprimer ses dernières volontés, sans laisser un message aux siens !).	XETI
Hnici kari na ni mnstuq ka sktama da!	他說了（他當時在說）他最後的話（他留下最後的訊息），然後我們的先父就斷氣了。	He said (he was saying) his last words (he gave his last message), then our late father passed away.	Il a dit (il disait) ses dernières paroles (il a dit son dernier message) puis, feu notre papa expira.	XETI
Hnici kari tama ta ka kiya.	這些就是爸爸最後的話了！	Those are papa's last words!	Ce sont là les dernières paroles de papa !	XETI
Kiya ka hncian na kman ka sktama.	這就是我先父留給我的。	This is what my late father left me.	Voilà ce que feu mon père m'a laissé.	XETI
Ya manu bi ka wada su hcian masu.	那麼你最後留下來要分的是什麼呢？	What then is it that you have left to share in the last place?	Qu'est-ce donc ce que tu as laissé pour partager en dernier lieu.	XETI
Nasi su kuxul o, na hciun nisu kana ka ppusu slaq mu da!	如果你高興，我就把我所有的水田地塊（當遺產）留給你。	If it pleases you, I will leave you (as inheritance) all my plots of paddy field.	Si cela te fait plaisir, je te laisserai (en héritage) tous mes lopins de rizière.	XETI
Tnlealay ka yaku; tnhici ka isu.	我是第一個，（而）你是最後一個。	I was the first (and) you were the last.	J'étais le premier (et) tu étais le dernier.	XETI
Pllayun mu mita ka dtnhici.	我會先看最後那一組的人。	I'll begin by seeing those of the last group.	Je commencerai par voir ceux du dernier groupe.	XETI
Psai ka hlhuling su uusa dha pstutuy kingal bowyak uuqun ta keeman kiya.	放開你的狗，讓牠們去趕出一頭野豬，好當我們今晚的一餐。	Let loose your dogs so they go and flush out a wild boar that will serve as our meal this evening.	Lache tes chiens pour qu'ils aillent lever un sanglier qui nous servira de repas ce soir.	XEULING
Mqalux ka huling.	這狗是黑的。	The dog is black.	Le chien est noir.	XEULING
Huling mqalux.	黑狗。	The black dog.	Le chien noir.	XEULING
Kingal huling mqalux.	一隻黑狗。	A black dog.	Un chien noir.	XEULING
Tatat huling.	小狗－狗的幼崽。	Puppies - the young of the dog.	Chiots - petits du chien.	XEULING
Ya bi pnhuling rmngaw rdanan su!	不要像狗一樣對你的父母說話！	Don't speak like a dog to your parents!	Ne parle pas comme un chien à tes parents !	XEULING
Ini su hulis o, hmuya su? Hulis da!	你不笑，你怎麼了？笑一個嘛！	You're not smiling, what's the matter with you? Do smile!	Tu ne souris pas, qu'as tu ? Souris donc !	XEULIS
Aji muutux o? Ma kingal nanak ka hulis na!	他是不是瘋了？他笑得真古怪！	Isn't he crazy? He laughs really oddly!	Ne serait-il pas fou ? Il rit bien drôlement !	XEULIS
Stuq lmingis ka kana seejiq ni mhulis su ka isu da!	大家都在流淚，你卻在笑（或：你卻笑了起來）！	Everyone is in tears and you are laughing (var. and you start to laugh)!	Les gens sont tout en larmes et toi tu ris (vl. et toi tu te mets à rire) !	XEULIS
Uxay bi (jiyax) hlisan ka jiyax sayang!	今天真的不是可以笑的日子！	Today is really not a day for laughing!	Ce jour n'est vraiment pas un jour à rire !	XEULIS
Ungat bi hlisan ka nii.	這裡真的沒有什麼好笑的。	There is really nothing to laugh about here.	Il n'y a vraiment rien à rire, ici.	XEULIS
Mlnglung ku knparu hmlisan dha skeeman.	我想起他們昨晚那場狂笑（瘋狂大笑）。	I'm thinking of their bout of wild laughter (of crazy laughing) last night.	Je pense à leur partie de fou-rire (de rire fou) hier soir.	XEULIS
Uxay bi isu ka hlisan mu.	我笑的並不是你。	It's not you that I'm laughing at.	Ce n'est pas de toi que je ris.	XEULIS
Hhulis dha nanak ka wada dha splawa hyaan.	他們只是為了取笑一番才把他叫來的。	It was just for a laugh that they had him called over.	C'est pour rire un coup qu'ils l'ont fait appeler.	XEULIS
Ya ku bi phlisi! Sngun ku na kiya ka mtgsa!	別逗我笑！我會被老師罵的！	Don't make me laugh! I'm going to get scolded by the teacher!	Ne me fais pas rire ! Je vais me faire disputer par le maître !	XEULIS
Bsiyaq bi pnhlisan dha ka lqlaqi.	他們逗孩子們笑（使孩子們發笑）逗了很長的時間。	It was for a very long time that they amused (made laugh) the children.	C'est pendant très longtemps qu'ils ont amusé (fait rire) les enfants.	XEULIS
Saw bi shulis (mshulis?) ka kari na nii.	他現在說的話真是可笑。	What he is saying right now is really ridiculous.	C'est vraiment ridicule ce qu'il dit actuellement.	XEULIS
Wana snhulis seejiq ka klaun su!	你只會嘲笑別人！	You only know how to mock people!	Tu ne sais que te moquer des gens !	XEULIS
Ya ku bi pshlisi sjiqun (seejiq)	別讓我在眾人面前出醜！	Don't go making me ridiculous in front of people!	Ne va pas me rendre ridicule devant les gens !	XEULIS
Niqan rngaw mu o, ida mu rngagun! Ana ququ muda ku pshulis seejiq!	我有話要說，無論如何都要說出來；就算招來眾人的嘲笑也無所謂！	Having something to say, I want to say it at all costs; too bad if I bring their mockery (people's) upon myself!	Ayant quelque chose à dire, je veux le dire à tout prix ; tant pis si je m'attire leurs moqueries ! (des gens).	XEULIS
Kiya ka nangal dha pusu pshlisan (ka pusu pshlisan?) tana mu!	這就是他們用來使我父親出醜的手段。	That is the means they took to make my father ridiculous.	Voilà le moyen qu'ils ont pris pour rendre mon père ridicule.	XEULIS
Tutuy kana! Hiyu da!	大家都起來！站起來！	All of you get up! Stand up!	Levez vous tous ! Mettez vous debout !	XEYU
Hiya nanak ka mhiyu kska kingal qnpuringan seejiq.	他獨自一人站在人群中間。	He is standing all alone, in the middle of a crowd of people.	Il est debout tout seul, au milieu d'une foule de gens.	XEYU
Mngungu ku bi musa mhiyu brah kana dha!	我很怕在他們所有人面前站起來！	I have stage fright about going to stand up in front of all of them!	J'ai le trac d'aller me mettre debout devant eux tous !	XEYU
Ina ka phiyu sapah su haduran?	是誰建造了你的教堂？	Who built your church?	Qui est-ce qui a construit ton église ?	XEYU
Phyugun ta knuwan ka kaityu ta da.	我們什麼時候選出（設立）我們的主席呢？	When will we elect (establish) our president?	Quand est-ce que nous élirons (établirons) notre président ?	XEYU
Phyugun mu hici ka rpun mu da!	我以後再建我的穀倉。	I will build my granary later.	Je construirai mon grenier plus tard.	XEYU
Hnegluq pucing na ka Jiyan ssipaq na bowyak.	Jiyan 拔出他的刀（出鞘），以刺殺野豬。	Jiyan drew his knife (from its sheath) to strike the wild boar with it.	Djian tira son couteau (du fourreau) pour en frapper le sanglier.	XG'LOQ
Ya aji su hglqun ka pucing su! Mngungu ku bi da!	我希望你不要拔出你的刀！我很害怕！	I hope you're not going to draw your cutlass! I'm afraid!	J'espère que tu ne vas pas dégainer ton coutelas ! J'ai peur !	XG'LOQ
Ya aji su hgliqun ka lukus su bgurah da!	我希望你不會（不想）把你的新衣服撕成碎片！	I hope you don't insist (don't want) on reducing your new clothes to shreds!	J'espère que tu ne tiens pas (que tu ne veux pas) à réduire en lambeaux ton habit neuf !	XG'LYEQ
Babaw nsaan mu bbuyu o, ida mhgliq kjiyax ka lklukus mu!	每次進森林之後，我的衣服總是全都撕破了。	After a trip into the forest, my clothes are always all torn.	Après un voyage en forêt, mes habits sont toujours tout déchirés.	XG'LYEQ
Thgliq lukus niya nanak rnngaw ka mdudul.	首領撕裂了自己的衣服（他自己的衣服已完全撕破）後說：。	Having torn his own clothes (his own clothes being completely torn), the chief said:	Ayant déchiré ses propres habits (ses propres habits étant complètement déchirés), le chef dit :	XG'LYEQ
Nasi saw kiya do na emprinah nrana ka knhgliqan lukus su da!	若是那樣，你衣服的裂縫（撕破的狀況）只會越來越糟！（或：nlana knxglyeqan na ka lukus so da!）。	If it's like that, the tear (the state of being torn) of your clothes can only get worse and worse! (var...nlana knxglyeqan na ka lukus so da!).	Si c'est comme cela, la déchirure (le fait d'être déchiré) de tes habits ne pourra qu'empirer de plus en plus ! (vl...nlana knxglyeqan na ka lukus so da !).	XG'LYEQ
Asi usa smasaw hyaan ka Yisu ni nsaang rnngaw kntlxan do, asi thgut da!	耶穌立刻按手在他身上，並嚴厲地斥責那熱病（高熱）：熱病便立刻退了！	At once Jesus laid his hands on him and, threateningly, commanded the fever (the heat): and the fever withdrew at once!	Aussitôt Jésus lui impose les mains et, menaçant, commande à la fièvre (la chaleur) : et la fièvre se retire aussitôt !	XGUT
Riqu mu bi nita saw nsaang dowriq tluung isil hneghaw ka dhiya!	我最討厭看見他們坐在一旁，眼神惡毒地低聲說話！	I hate to see them sitting apart and speaking in low voices with malicious eyes!	Je déteste les voir assis à l'écart et parler à voix basse avec des yeux méchants !	XG'XAO
Usa snahug qsiya bukuy sapah, niqan hghgan qsiya hiya da!	到屋後去取水，那裡有一處泉源（註：泉源最常說作 PUSU KSIA＝水的源頭）。	Go draw water behind the house, there is a spring there (n.b. Most often, spring is said: PUSU KSIA = Source of the water).	Va puiser de l'eau derrière la maison, il-y-a là une source (nb. Le plus souvent, source se dit : PUSU KSIA = Origine de l'eau).	XG'XO
Ini ku hili seejiq ni, hnuya su nsaang?	我沒有（嘲弄地）用手指指人；那你為什麼還要責罵呢？	I'm not pointing at people with my finger (to mock them); why then are you scolding?	Je ne montre pas les gens du doigt (pour me moquer) ; pourquoi donc ne disputes tu ?	XILI
Bkiyun su xiluy ni qwarux o, lnglungan mu, qwarux ka malu.	如果你要用鐵絲或藤來綁它，依我看藤比較好！（＝我認為你最好用藤來綁，勝過用鐵絲）。	If you want to tie it with iron wire or with rattan, in my opinion rattan is better! (= I think it's preferable that you tie it with rattan, rather than with iron wire).	Si tu veux l'attacher avec du fil de fer ou avec du rotin, d'après moi le rotin c'est mieux ! (= Je pense qu'il est préférable que tu attaches avec le rotin, de préférence au fil de fer).	XILWI
Hkawas ka saun mu msangay.	我要到明年才去度假！	It's next year that I'll go on vacation!	C'est l'an prochain que j'irai en vacances !	XKAWAS
Hkawas hkawas.	一年又一年－一代又一代（從現在起）。	From year to year - from age to age (from now on).	D'année en année - d'âge en âge (à partir de maintenant).	XKAWAS
Piya hngkawas su?	你幾歲？	How old are you?	Quel âge as-tu ?	XKAWAS
Ya bi maxal spat hngkawas da.	他一定有十四歲了！	He must be a good fourteen years old!	Il doit bien y avoir quatorze ans !	XKAWAS
Ya bi su maxal spat hngkawas da.	你一定有十四歲了！	You must be a good fourteen years old!	Tu dois bien avoir quatorze ans !	XKAWAS
Wada wada ka hngkawas da!	歲月一年一年地過去！（或：歲月一年一年地增加、累積…）！	And the years pass, pass! (var. and the years increase, increase (add up.)!	Et les années passent, passent ! (vl. et les années augmentent, augmentent (s'ajoutent.) !	XKAWAS
Tru iyax hngkawas ka nniqan mu hini!	我在這裡住了（前後）三年。	I lived here for (a span of) three years.	J'ai habité ici pendant (l'espace de) trois ans.	XKAWAS
Shkawas seuxal.	從前的那一年（＝很多年以前）。（註：太魯閣人最常說（或似乎說）SKAWAS，而非 SXKAWAS；他們是否藉此表達某種細微差別？）	The year long ago (= many years back). (n.b. Most often the Taroko say (or seem to say): SKAWAS, instead of SXKAWAS; do they intend a nuance by it?	L'année passée autrefois (= il y a bien des années). (nb. Le plus souvent les taroko disent (ou semblent dire : SKAWAS, au lieu de SXKAWAS ; Y mettent-ils une nuance ?	XKAWAS
Knriwa ku bi mnarux! Ana hmkraw baga ini ku bi dhuq!	我病得很重！我連伸手都做不到！	I'm really sick! I can't even manage to stretch out my hands!	Je suis vraiment malade ! Je n'arrive même pas à étendre les mains !	XK'LAO
Jiyax qrqilan na siida o, Hmkraw baga na ka Yisu ddgiyal na hnqilan ni ppqita na pnbrihan meudus;	在祂受難之時，耶穌伸出雙手，以戰勝死亡並彰顯復活。	At the time of His passion, Jesus extended his hands to conquer death and manifest the resurrection.	Au moment de Sa passion, Jésus étendit les mains pour vaincre la mort et manifester la résurection.	XK'LAO
Ini dha bi hlay ana emaan!	他們真的沒找到任何人！	They really didn't find anyone!	Ils n'ont vraiment trouvé personne !	XLAE
Ana su tgliing (ana su musa tliing) o ida misu hlayun.	就算你藏起來（就算你去躲藏），我一定會找到你！	Even if you are hidden (even if you go and hide), I will surely find you!	Même si tu es caché (même si tu vas te cacher), je te trouverai bien !	XLAE
Hlayan su inu ka ramil su?	你的鞋子是在哪裡找到的？	Where did you find your shoes?	Où les as tu trouvées tes souliers ?	XLAE
Gimi binaw! Hlayan su da do, biqun misu pila da!	你就找一找吧！等你找到了，我就給你錢！	Go on, look a bit! When you've found it, I'll give you money!	Cherche donc un peu ! Quand tu l'auras trouvé, je te donnerai de l'argent !	XLAE
Wada misu hlayan da!	我找到你了（重新找到你了）。	I've found you (found you again).	Je t'ai retrouvé (trouvé).	XLAE
Ya hrapas da! Mnarux tunux mu!	別玩了；我頭痛！	Don't fool around; I have a headache!	Ne t'amuse pas ; j'ai mal à la tête !	XLAPAS
Ma su saw sntunux! Hmrapas su do, ini ku dhuq matas da!	唉！你真吵得我頭疼！你一玩耍，我就沒法寫字了！	Oh! How you're driving me crazy! When you play, I can't manage to write!	Oh ! Ce que tu me casses la tête ! Quand tu joues, je n'arrive pas à écrire !	XLAPAS
Ya psai qsahur ka nkari mu! Lnnglung ku hmrapas nanak ka yaku.	別把我的話當真！我只是想玩鬧一下！	Don't take my words seriously! I was only thinking of having fun!	Ne prends pas mes paroles au sérieux ! Je pensais seulement m'amuser !	XLAPAS
Ya bi teuqu! Mhrapas ku nanak.	別生氣！我只是開玩笑！	Don't be offended! I'm only joking!	Ne te vexe pas ! Je plaisante seulement !	XLAPAS
Mhrapas da do, ini kla jiyax ka hiya!	他玩樂時，感覺不到時間流逝（不覺得無聊）。	When he's having fun, he doesn't notice time passing (he doesn't get bored).	Quand il s'amuse, il ne voit pas le temps passer (il ne s'ennuie pas).	XLAPAS
Ngalun mu hrpasan laqi ka ssagan hiya.	我要把那邊那塊陰涼的地方闢成孩子們的遊戲場。	I'll make a playground for the children out of that shady spot over there.	Je vais en faire un terrain de jeux pour les enfants de cet endroit ombragé qui est là.	XLAPAS
Mnusa ku mdawi hrpasan sapah ptasan.	我去學校的操場閒逛。	I went strolling in the schoolyard.	Je suis allé flâner sur la cour de l'école.	XLAPAS
Malu bi hrpasan ka kiya.	那是個有趣的遊戲！	That is an interesting game!	Cela est un jeu intéressant !	XLAPAS
Snkuxul ku bi phrapas laqi (lqlqian) ka yaku.	我自己很喜歡逗孩子們玩。	As for me, I really like making children play.	Moi j'aime bien faire jouer les enfants.	XLAPAS
Hmrinas knpraan tama niya ka hiya.	他的身高（個頭）超過他父親。	He surpasses his father in height (in size).	Il dépasse son père en taille (en grandeur).	XLENAS
Wada hmrinas ka jiyax da!	日子（時間、時辰）已經過了。	The day (the time, the hour) has passed.	Le jour (le temps, l'heure) est passé.	XLENAS
Aji su bi hrnasun ka kngkla niya.	你肯定無法超越他的學識！	You certainly won't manage to surpass his knowledge!	Tu n'arriveras certainement pas à dépasser son savoir !	XLENAS
Wada mu hrnasan kii yayung ka laqi su.	我在溪流旁超過了你的兒子。	I overtook your son near the torrent.	J'ai dépassé ton fils près du torrent.	XLENAS
Malu ka malu ka qndrxan su ni, ida niqan pnkingal tasil ka mhrinas da!	你砌的牆還不錯；不過有一兩塊石頭突出來（沒有對齊）。	The wall you made isn't bad; however there's a stone here or there that sticks out (that isn't aligned).	Le mur que tu as fait n'est pas mal ; cependant il y a une pierre ou l'autre qui dépasse (qui n'est pas allignée).	XLENAS
Glaani bi ka knrdanan mu! Ya bi phrnasi ka biyax mu knshjil mapa.	憐憫我的年老吧！不要讓我背負超過我體力的重擔（不要使我超出我的力量）。	Take pity on my old age! Do not make me carry a load beyond my strength (do not make me exceed my strength).	Prends pitié de ma vieillesse ! Ne me fais pas porter une charge au délà de mes forces (ne fais pas dépasser mes forces).	XLENAS
Ya su sprang wada phrnasan ka kingal erut gaga?	我猜你是故意讓那根樑木超出（伸出太多）的吧？	I suppose you made this beam stick out too far on purpose?	Je suppose que tu as fait exprès de faire dépasser cette poutre ?	XLENAS
Sai hmrig kayu trmaan ka qsiya su.	去把你的水倒進盆裡（以便洗滌）。	Go pour your water into the basin (to wash).	Va verser ton eau dans la cuvette (pour se laver).	X'LI
Ini hru ka nadas su bunga phpah!	你帶來的花的塊莖不發芽。	The flower tubers you brought do not sprout.	Les tubercules de fleurs que tu as apportées ne germent pas.	X'LO
Hmru balay ka nhmaan su ghak.	你所播下的種子發芽得很好。	The seeds you had sown are germinating very well.	Les semences que tu avais semé germent très bien.	X'LO
Smiyah nami bi kuyuh pphru nhmaan ta snduray.	我們正等待（渴望）雨水，好讓我們最近所播種的發芽。	We are waiting for (longing for) the rain to make what we sowed recently sprout.	Nous attendons (désirons) la pluie pour faire germer ce que nous avons semé dernièrement.	X'LO
Hraan hidaw.	（＝東方），可能意指：太陽升起的地方（太陽發芽之處）。	(= East), could mean: the place where the sun rises (where the sun sprouts).	(= Est), pourrait signifier : L'endroit où se lève le soleil (où germe le soleil).	X'LO
Hana mhru sayang ka masu!	小米此刻剛剛發芽。	The millet is just now sprouting.	Le millet germe tout juste en ce moment.	X'LO
Suqi bi hrus ka elug qmpahan ta!	通往我們田地的那條路實在太陡了！	The road that goes to our fields is really too steep!	Elle est vraiment trop abrupte la route qui va dans nos champs !	XLöS
Mhrus o, msbalay o ka qmpahan su trabus?	你的花生田是平的？還是在山坡上的？	Are your peanut fields flat? Or on a hillside?	Tes champs d'arachides sont ils plats ? Ou en coteau ?	XLöS
Uxay su mkla ka knhrsan elug nami!	難道你不知道我們的路有多陡嗎？	Don't you know how steep our road is?	Est-ce que tu ne saurais pas combien notre route est en pente ?	XLöS
Hlpis hari ka malu.	稍微薄一點比較好。	A little thin is better.	Un peu mince c'est mieux.	X'LPIS
Hlpisan na ka ksugun mu balay.	正是因為它薄，我才害怕。	It is because of its thinness that I am afraid.	C'est à cause de sa minceur que j'ai peur.	X'LPIS
Ini pndka knhlpisan dha!	它們的薄的程度並不相同。	Their degree of thinness is not the same.	Leur degré de minceur n'est pas le même.	X'LPIS
Phlpisun su ka qcinuh su hu?	你打算把你的木板削薄一點嗎？	Are you thinking of thinning your planks a bit?	Est-ce que tu penses les amincir un peu tes planches ?	X'LPIS
Tayal bi ka lhlih su seejiq!	你怎麼這麼會說人壞話（或：對人懷恨在心！）。	How you keep speaking ill of people (var. having a grudge against people!).	Qu'est-ce que tu peux dire du mal des gens (vl. avoir les gens en grippe !).	X'LYEX
Wana bi isu ka lmhlih knan kjiyax!	只有你老是恨我（受不了我）（每一次！）。	There is only you who bears me a grudge (who can't stand me)(every time!).	Il n'y a que toi qui m'en veuille (qui ne puisse pas me sentir)(chaque fois !).	X'LYEX
Klaun mu balay, ida su pusu mlhlih ka isu!	我很清楚，你是個十足的誹謗者！	I know it perfectly well, you are an out-and-out slanderer!	Je le sais parfaitement, tu es un fieffé calomniateur !	X'LYEX
Hbaraw bi seejiq ka mlhlih knan da!	有很多人誹謗我、對我心懷惡意。	They are numerous (there are many people) who slander me, who wish me ill.	Ils sont nombreux à (il y a beaucoup de gens qui) me calomnient, qui me veulent du mal.	X'LYEX
Ana manu ka lhlihan dha o, ya bi sku lnglungan ka isu!	無論（別人所造的）誹謗是什麼，你都不要把它放在心裡（別去理會！）。	Whatever the slanders (made by others), you, do not keep that in your heart (pay no attention to it!).	Quelles que soient les calomnies (faites par les autres), toi, ne garde pas cela dans ton coeur. (n'y prête pas attention !).	X'LYEX
Lhlihan su dha.	你是他們誹謗的對象。	You are the object of their slanders.	Tu es l'objet de leur calomnies.	X'LYEX
Saun hu hmaqul tasil kiya.	等一下我要去搬運石頭。	In a little while I will go transport stones.	Tout à l'heure j'irai transporter des pierres.	XMAQOL
Hqulun su knuwan ka taihi su?	你什麼時候要搬運你的肥料？	When will you transport your manure?	Quand est-ce que tu transporteras ton fumier ?	XMAQOL
Naqih hqulan ka tasil.	石頭的搬運非常辛苦（非常費力）。	The transport of stone is very laborious (very difficult).	Le transport de la pierre est très pénible (très malaisé).	XMAQOL
Balay bi hmkrig Banan ka hiya; kika kmptucing na hyaan.	他真的很嫉妒 Ibannne，所以他想要把他扳倒（使他墮落）。	He is truly envious of Ibannne, that is why he would like to bring him down (make him fall).	Il est vraiment envieux de Ibannne, c'est pourquoi il voudrait le faire tomber (déchoir).	XM'QLI
Ga sapah hmkan (= Ga tluung sapah hmkan)	在監獄裡（關閉的房子？）（＝他（坐）在監獄裡。）	In the prison (the closed house?) (= He is (sitting) in the prison.).	Dans la prison (la maison fermée ?) (= Il est (assis) dans la prison.).	XMUK
Ga thmuk sapah hiya bitaq kngkla hidaw pada.	他（他們）待在那房子裡關著，直到山羊的日出（直到破曉的第一道光）。	He stays (they stay) shut in there in the house until the sunrise of the chamois (until the first light of day).	Il se tient (se tiennent) enfermé là dans la maison jusqu'au lever du soleil des chamoix (jusqu'aux premières lueurs du jour).	XMUK
Ana kiya, ana bhgay, ana mqalux, ana embanah, hmut ka yaku.	無論是那個、或白的、或黑的、或紅的；我都無所謂！	Whether it be that, or white, or black, or red; it matters little to me!	Que ce soit celà, ou blanc, ou noir, ou rouge ; peu m'importe !	XMUT
Hmut qmpah o, ini tuku.	只是（漫無目的地）工作，這樣是不夠的！	Merely working (aimlessly), that is not enough!	Simplement travailler (sans but), cela ne suffit pas !	XMUT
Ini ku hmut rmngaw ka yaku!	我不會為說而說（我不會說空話）。	Me, I do not speak just to speak (I do not utter idle words).	Moi, je ne parle pas pour parler (je ne dis pas des paroles en l'air).	XMUT
Aji hmut niqan ka hidaw ni idas ni ana manu hu?	太陽、月亮以及萬物難道會自然而然地存在嗎？	Would the sun and the moon and all things exist spontaneously (of their own accord)?	Est-ce que le soleil et la lune et toutes les choses existeraient spontanément ?	XMUT
Hmut miyah ka knnarux mu.	我的病是自己來的。	My illness came all by itself.	Mon mal est venu tout seul.	XMUT
Mhmut su bi ka isu.	你是個什麼都不在乎的人！	You are someone who doesn't care about anything!	Toi tu es quelqu'un qui s'en fiche !	XMUT
Hmut bi qmpah ka hiya.	他呢，只滿足於工作。	He, for his part, just contents himself with working.	Il se contente de travailler, lui.	XMUT
Mhmut bi qmpah ka hiya.	他呢，胡亂地工作。	He, for his part, works any which way.	Il travaille n'importe comment, lui.	XMUT
Suqi bi kmhmut ka laqi su nii!	你這個孩子實在太放肆了！	This child of yours really takes far too many liberties!	Ton enfant (ci) en prend vraiment trop à son aise !	XMUT
Manu ka saan su kmhmut sapah dha?	你憑什麼跑去別人家裡胡作非為？	What business have you going and behaving any which way at other people's houses?	Qu'est-ce que tu as à aller te conduire n'importe comment chez les gens ?	XMUT
Wana bi knhmtan na nanak ka sknarux hyaan.	正是他自己的疏忽（他的隨便）使他生了病。	It is only his own carelessness (his casualness) that made him ill.	Ce n'est que sa négligence (sa désinvolture) qui l'a rendu malade.	XMUT
Aji bi a saw knhmtan ka qbubur ta!	我們的身體不是為了（用於）不端的行為而生的！	Our body is not made for (destined for) misconduct!	Notre corps n'est pas fait pour (destiné à) la mauvaise conduite !	XMUT
Baka bi ka knhmtan da.	胡鬧夠了！	Enough of this caprice!	La fantaisie, ça suffit !	XMUT
Hmuya bi ka ini su matas!	那你到底為什麼不讀書呢？	But why on earth don't you study?	Mais pourquoi donc n'étudies tu pas ?	XMUYA
Hmuya su? … Ini huya (vl. ini ku huya)	你怎麼了？……沒事！（我沒什麼！）（或：ini ko xoya）	What's the matter with you?...Nothing! (I have nothing wrong!). (var. ini ko xoya)	Qu'est-ce qui te prend ?...Rien ! (Je n'ai rien !).	XMUYA
Huya mu ksun? … Hmuya?	我在做什麼（我怎麼做）？……為什麼？（這是怎麼回事？）	What am I doing (how do I do it)? … Why? (what is it about?).	Qu'est-ce que je fais (comment je fais) ? … Pourquoi ? (de quoi s'agit-il ?).	XMUYA
Suqi paru bi ka hnang tuki mu.	我的錶所發出的聲響實在太大了！	The noise my watch makes is far too loud!	Il est bien trop fort le bruit que fait ma montre !	XNANG
Mhnang balay ka limuk Upix ni malu bi bhangan uri ka hnang niya.	Upix 的 LIMUK（盆、鍋）非常響亮，它發出的聲音很悅耳！	The LIMUK (basin, pot) of Upix is very resonant, and it makes a sound pleasant to hear!	Il est très sonore le LIMUK (bassine, marmite) de Opish, et il fait un bruit agréable à entendre !	XNANG
Ini ta tduwa phnang lapa (= plapa) ka keeman!	夜裡不准吹喇叭！	At night one is not permitted to play the trumpet!	La nuit il n'est pas permi de jouer de la trompette !	XNANG
Ya bi mniyah manu phnang birat mu suni.	剛才到底是什麼敲響了（使……作響）我的耳朵？	What on earth could have struck (made resound in) my ears just now?	Qu'est-ce qui a bien pu frapper (faire résonner) mes oreilles tout à l'heure ?	XNANG
Niqan ka hmut emphnang bngbang dnamux libu babuy ska bi rabi.	有些人竟敢在深夜裡把豬圈的鐵皮弄得叮噹作響！	There are those who take the liberty of making the sheet-metal of the pig-sty clang in the middle of the night!	Il y en a qui se permettent de faire résonner les tôles de la soue à cochons en pleine nuit !	XNANG
Ana sayang ida emphnang birat mu ka lntadan quwaq su!	即使此刻（即使今天）你的聲音仍在我耳邊迴響！	Even now (even today) the sound of your voice resounds in my ears!	Même en ce moment (même aujourd'hui) le son de ta voix résonne à mes oreilles !	XNANG
Wada tnlingis hngali ka Temi.	Témi 稍微退到一旁，痛哭流涕。	Témi withdrew a little apart, weeping hot tears.	Témi s'est un peu retirée à l'écart pleurant à chaudes larmes.	XNGALI
Usa hngali hari ka isu.	你嘛，就走遠一點吧。	You, go a bit further off then.	Toi, va donc un peu plus loin.	XNGALI
Thngali hari sapah Apwi, kika sapah mu.	比 Apwi 的房子再遠一點的那一間，就是我的房子。	The one a little further off than Apwi's house, that one is my house.	Celle qui est un peu plus loin que la maison de Apoui, c'est celle là ma maison.	XNGALI
Msknux bi ka hngak su.	你的口氣很臭。	Your breath is foul.	Ton haleine est fétide.	XNGAQ
Mstuq hngak niya da.	他死了（他的呼吸停止了）。	He is dead (his breathing has stopped).	Il est mort (sa respiration a cessé).	XNGAQ
Wada ka hngak na.	他的生命離去了。	His life has gone.	Sa vie est partie.	XNGAQ
Tai bi, aji mshngak hu.	仔細看，他還有呼吸嗎？	Look closely, is he breathing?	Regarde bien, est-ce qu'il respire ?	XNGAQ
Uxay mhuqil! Mrungay da! Jyagi nhari pshngak da!	不！他沒死！他只是昏過去了！快！幫他呼吸（使他能呼吸）。	No! He is not dead! He has only fainted! Quick! Help him to breathe (to make him breathe).	Non ! Il n'est pas mort ! Il n'est qu'évanoui ! Vite ! Aide le à respirer (à le faire respirer).	XNGAQ
Hiyi bi manu ka nii? … Nii o, … Hnu. Rhluk msa ka kari ta.	這到底是哪種水果？……這是……呃！……是懸鉤子（覆盆子），我們的語言是這麼說的。	What sort of fruit is this, then? … This is … Uh! … Raspberries, as our language says.	Quelle sorte de fruit est-ce donc que ceci ? … Ceci c'est … Euh ! … Des framboises, comme dit notre langue.	XNU
Khnu ka mha tuku uuqun su.	要多少你才有足夠的東西吃？	How much is needed for you to have enough to eat?	Combien faut il pour que tu aies assez à manger ?	XNU
Khnu knbragan na ka rijil su.	你的柄有多長？	What is the length of your handle?	Quelle est la longueur de ton manche ?	XNU
Tayal bi hnuk na ka tuki su!	哎呀！你的手錶價錢真便宜！	Oh my! How low the price of your watch is!	Oh la ! Comme il est bas le prix de ta montre !	XNUK
Sapah brigan truma ka mhnuk bi ana manu ppajiq.	在下面那家店裡，任何蔬菜都真的很便宜。	It is in the shop down below that any vegetable at all is really cheap.	C'est dans le magasin du bas que n'importe quel légume est vraiment bon marché.	XNUK
Mhnuk bi lnglungan na.	他的想法（意圖）不太堅定。	He is not very steady (firm) in his thinking (in his intentions).	Il n'est pas très stable (ferme) dans sa pensée (dans ses intentions).	XNUK
Khnuk hari lnglungan hu!	你就讓自己稍微心軟一點吧！	Do let yourself be a little moved (softened)!	Laisse toi donc un peu toucher (attendrir) !	XNUK
Ini khnuk ka siyang sayang, msa su o, balay bi hu?	你說今天的（豬）肉不便宜，是真的嗎？	You say that (pork) meat today is not cheap, is that true?	Tu dis que la viande (de porc) aujourd'hui n'est pas bon marché, Est-ce vrai ?	XNUK
Huya mu ksun pkhnuk dxgal slaq mu?	我該怎麼做才能把我水田的土鬆軟呢？	How could I go about loosening the soil of my paddy field?	Comment pourrais-je faire pour ameublir la terre de ma rizière ?	XNUK
Psaun su manu tuhuy qalu pkkhnuk su cicih (ka) hiyi bowyak?	你放了什麼跟豬油一起，好讓你的山豬肉更嫩一些？	What do you put in, along with the lard, to make your wild-boar meat a little more tender?	Que mets tu, toi, avec le saindoux pour rendre ta viande de sanglier un peu plus tendre ?	XNUK
Nduwa bi rmngaw pkkhnuk su hari lnglungan tama ta.	好好跟爸爸說話，讓他心軟一點（讓他好說話一點，稍微軟化他的立場、他的決定）。	Speak to papa properly so as to soften him a little (to make him a bit more amenable - to soften his point of view, his decision a little).	Parle comme il se doit à papa pour l'attendrir un peu (pour le rendre un peu plus traitable - pour adoucir un peu son point de vue, sa décision).	XNUK
Ima hu?	是誰？	Who is it?	Qui est-ce ?	XO
Qmpah su hu?	你在工作嗎？	Are you working?	Est-ce que tu travailles ?	XO
Isu hu? Yaku hu? Ima nkla!	是你嗎？是我嗎？誰知道呢！	Is it you? Is it me? Who knows!	Est-ce toi ? Est-ce moi ? Qui sait !	XO
Huway tama ta nanak ka kiya!	那不過是爸爸的善意（慷慨－仁慈）罷了！	That is nothing but the kindness (generosity - goodness) of papa!	Cela n'est que bienveillance (générosité - bonté) de papa !	XOAI (XOWAI?)
Mhuway su balay.	謝謝！（＝你真慷慨！）	Thank you! (= You are very generous!).	Merci ! (= Tu es très généreux !).	XOAI (XOWAI?)
Mhuway namu balay.	謝謝你們！	Thank you (to you all)!	Merci à vous !	XOAI (XOWAI?)
Mhuway balay ka laqi ta nii!	我們這個孩子真慷慨（他很大方！）！	He is very generous, this child of ours here (he gives readily!)!	Il est très généreux notre enfant que voici (il donne facilement !) !	XOAI (XOWAI?)
Khuway cicih! Ma su bsrat!	你就慷慨一點（多給一些）吧！你難道是小氣鬼嗎？	Do be a little more generous (in giving)! Would you be stingy?	Sois donc un peu plus généreux (pour donner) ! Serais tu avare ?	XOAI (XOWAI?)
Ana mu si spuhi o, ini bi khuway ka kmnarux mu na!	我再怎麼吃藥，病還是沒有減輕（還是沒好轉！）！	No matter how much medicine I take, the illness is still not relieved (it's still not getting better!)!	J'ai beau prendre les médicaments mais la maladie n'est pas encore soulagée (ça ne va pas encore mieux !) !	XOAI (XOWAI?)
Ida mu pkhwayun (pkhuwayun) ka kmnarux su!	我一定要（我非治好不可）治好你的病！	I certainly want (I absolutely must cure) to cure your illness!	Je veux certainement (il faut absolument que je guérisse) guérir ta maladie !	XOAI (XOWAI?)
Miyah ku sneghuway sunan da!	我來（這裡）是為了感謝你。	Here I am to thank you.	Me voici pour te remercier.	XOAI (XOWAI?)
Ana ini su sghuway da!	不用再道謝了！	There's no more need to thank (me)!	Ce n'est plus la peine de remercier !	XOAI (XOWAI?)
Uray ni huaw o, wana huaw ka naqih balay!	飢與渴之中，無疑是渴最難受！	Of hunger and thirst, it is unquestionably thirst that is the worst!	De la faim et de la soif, c'est indiscutablement la soif qui est la pire !	XOAO
Knteetu mhuaw ka dmnarux seejiq.	病人總是口渴！	The sick are always thirsty!	Les malades ont toujours soif !	XOAO
Ya ini khuaw ka muda paqan (pkan) hidaw elug hu?	那些在路上趕路、暴露在烈日下的人，難道不會口渴嗎？	Might those who travel along the road, exposed to the blazing sun, perhaps not be thirsty?	Est-ce que par hasard ils n'ont pas soif ceux qui voyagent sur la route exposés aux ardeurs du soleil ?	XOAO
Rbagan do, qnqan bi huda ka seejiq, ya sa mcilux bi!	夏天的時候，人們很喜歡吃冰，因為天氣熱。	In summer, people quite like to eat ices, given (since) that it is hot.	Quand c'est l'été, les gens aiment bien manger des glaces, étant donné (puisqu'il) qu'il fait chaud.	XODA
Jiyax su mhiyu ngangut o, mha su mhuda kiya! Mskuy balay ka sayang!	你一直站在外面，會凍僵（變成冰）的！現在天氣真的很冷！	By dint of standing out there, you're going to freeze (turn to ice)! It's really cold right now!	A force de rester debout là dehors, tu vas te geler (devenir glace) ! Il fait vraiment froid, en ce moment !	XODA
Smhuda do, mssli kana ka seejiq mmalax tahut ska sapah da!	結凍的時候，人們聚在屋裡圍著火取暖。	When it freezes, people gather to warm themselves around the fire inside the house.	Quand il gèle, les gens se rassemblent pour se chauffer autour du feu dans la maison.	XODA
Ya bi hurah ka qndrxan mu seuxal.	千萬不要拆掉我以前砌的那道牆！	Above all, do not demolish the wall that I built long ago!	Ne démolis surtout pas le mur que j'ai construit autrefois !	XOLAX
Hmurah ku sapah sayang ni phyugun mu bgurah kingal duri.	我現在正在拆房子，我想蓋一間新的。	I am demolishing the house now, and I want to build a new one.	Je démolis maintenant la maison et je veux en construire une nouvelle.	XOLAX
Hrahun su kana ka wada su tnunan skeeman?	你要把昨晚織的全部都拆掉嗎？	Are you going to completely undo everything you wove last night?	Vas-tu défaire complètement tout ce que tu as tissé la nuit dernière ?	XOLAX
Wada ka tama o, hnuya bi ka ini su hurit da!	爸爸走了！你為什麼不留住他？	There, papa has left! Why did you not hold him back?	Voilà papa qui est parti ! Pourquoi ne l'as tu pas retenu ?	XOLIT
Ana ini su iyax hmurit!	你不必來挽留（阻止他離開）。	It's not necessary for you to come and hold (him) back (to prevent him from leaving).	Ce n'est pas nécessaire que tu viennes retenir (empêcher de partir).	XOLIT
Hridun mu bitaq mkdha ka laqi su.	我想把你的孩子留（在這裡）兩天。	I want to keep (hold here) your child for two days.	Je veux retenir (garder ici) ton enfant pour deux jours.	XOLIT
Ini mu hriji ka Tasaw!	我沒有挽留 Tasao（我沒必要堅持要他留下）。	I did not hold Tasao back (I had no reason to insist that he stay).	Je n'ai pas retenu (je n'avais pas à insister pour qu'il reste) Tasao.	XOLIT
Ya ima bi ka mhurit sunan da? … Ungat! (= Ungat ana ima)	那到底是誰在挽留你？……沒有人！	So who is it that is holding you back? … No one!	Qui est-ce donc qui te retient ? … Personne !	XOLIT
Ga thurit sapah dha ka tama; wada ku thridun dha ka yaku uri shiga!	爸爸被留在他們那裡；昨天他們也把我留住了。	Papa is being kept at their place; they held me back yesterday too.	Papa est retenu chez eux ; ils m'ont également retenu hier moi aussi.	XOLIT
Hridan ku dha mimah sinaw alang paru shiga, kika ini ku snkla ppaan da!	昨天他們留我在城裡喝一杯（酒），害我趕不上車（趕不上火車、公車！）。	They held me back yesterday to have a drink (of beer) in town; that's what made me late for the car (to catch the train, the bus!).	Ils m'ont retenu hier pour boire un coup (de bierre) en ville, c'est ce qui m'a mis en retard pour la voiture (pour prendre le train, le bus !).	XOLIT
Ga nhuya ka papak su da? … Ax! Paru bi hridan na skeeman ka mnarux!	你的腿怎麼樣了？……昨晚痛得直抽痛！	How is your leg? … The pain was very throbbing last night!	Comment va ta jambe ? … Le mal était très lancinant la nuit dernière !	XOLIT
Ungat bi ixan ka knhridan dha.	根本無法抵擋他們堅持要留（我）、挽留（我）！	There is no way to resist their insistence on keeping (me), holding (me) back!	Il n'y a pas moyen de résister à leur insistence pour (me) garder, (me) retenir !	XOLIT
Huriq ka ksugun mu balay!	被淋濕這件事讓我很害怕（＝我完全受不了被淋濕）。	It is being wet that frightens me a great deal (= I cannot stand being wet at all).	C'est le fait d'être mouillé qui me fait très peur (= Je ne supporte pas du tout d'être mouillé).	XOLYAQ
Sapah nhari! Emphuriq kana lukus su kiya! Laxi bi ka thuun, ana ququ mhuriq da.	快進屋裡！你會把衣服全弄濕的；柴火放下吧，濕了也沒關係！	Get inside the house quickly! You're going to soak all your clothes; drop the firewood, never mind if it gets wet!	Rentre vite dans la maison ! Tu vas mouiller tous tes habits ; laisse tomber le bois de chauffage, Tant pis s'il est mouillé !	XOLYAQ
Spngi bi phuriq kana nbaraw na ni, ida bi emptkeangal nanak ka ruciq niya da!	你就試著把水澆在整個表面上，也許髒污會自己脫落！	Just try pouring water over the whole top of it; maybe the dirt will come off by itself!	Essaye donc de verser de l'eau sur tout le dessus, peut être que la saleté va s'enlever toute seule !	XOLYAQ
Nasi su musa phuriq nhnaan ta phpah o, nduwa bi pkhuriq kana dxgal niya da!	如果你要去澆我們種的花，要讓它們的土全都澆透。	If you go to water the flowers we planted, make sure that all their soil gets thoroughly soaked.	Si tu vas arroser les fleurs que nous avons plantées, fais en sorte que toute leur terre soit bien détrempée.	XOLYAQ
Trajing rbagan do, sntama nami kuyuh (ka) pshuriq qnpahan ta.	夏初我們仰賴雨水來浸透（澆透）我們的田地。	At the start of summer we count on the rain that comes to soak (saturate with water) our fields.	Au début de l'été nous comptons sur la pluie qui vient détremper (imbiber d'eau) nos champs.	XOLYAQ
Ana ini su huma ka isu! Mblaiq su ka isu!	你可以不用種田啊！你（可是）有錢人！	You can do without planting, you! You are rich! (you).	Tu peux te dispenser de planter, toi ! Tu es riche ! (toi).	XOMA
Ana ini su hmai ka trabus su! Msburaw da!	你不用種你那些花生了（不必種）！它們都爛了！	There's no point in you planting your peanuts (you shouldn't plant them)! They are rotten!	Ce n'est pas la peine que tu plantes tes arachides (Il ne te faut pas les planter) ! Elles sont pourries !	XOMA
Hmai bi pajiq uyung sapah su, kika malu!	你就在屋子後面種些菜吧，那樣很好！	Do plant some vegetables behind your house, it would be good!	Plante donc des légumes, derrière ta maison, ce serait bien !	XOMA
Aji! Hmaun mu blbul!	不！我要種香蕉。	No! I want to plant banana trees.	Non ! Je veux planter des bananiers.	XOMA
Hmaan su manu ka kii tasil paru gaga?	你在那邊那塊大石頭旁邊種什麼（那是要種什麼的地？）？	What are you planting (what's this, a plot to plant what?) near that big rock over there?	Que plantes-tu (C'est un terrain à planter quoi ?) près de la grosse pierre là-bas ?	XOMA
Hmaan pajiq.	菜園。	The vegetable garden.	Le jardin potager.	XOMA
Naqih bi ka nhmaan mu trabus.	我種的花生（我種花生的那塊地）非常差！	The peanuts I planted are (the field where I planted the peanuts is) very bad!	Les arachides que j'ai plantées sont (Le champ où j'ai planté les arachides est) très mauvaises !	XOMA
Tmabun mu siyaw yayung hhuma mu trabus nhari.	我在溪邊翻鬆這塊地，好趕快種我的花生。	I am hoeing (breaking up) this ground along the torrent in order to plant my peanuts quickly.	Je pioche (défonce) ce terrain le long du torrent pour planter rapidement mes arachides.	XOMA
Kmphuma ku rbuqil daya pusu djima, kika sduun mu seejiq.	我想在竹林上方種一些 LBOQEL 樹（＝蘋婆 Sterculia platanifolia（？）－油桐 Aleurites cordata（？）），所以我想雇人。	I feel like having some LBOQEL trees (= Sterculia platanifolia (?) - Aleurites cordata (?)) planted higher up than the bamboo grove; that's why I want to hire men.	J'ai envie de faire planter des LBOQEL (= Sterculia platanifolia (?) - Aleurites cordata (?)) plus haut que la bambouseraie, c'est pourquoi je veux embaucher des hommes.	XOMA
Emphuma ku hici ka slaq mu yayung.	我以後會種我在河（邊）的水田。（＝Xmaon no xeti ka slaq…）	I will plant my paddy field by the (edge of the) river later. (= Xmaon no xeti ka slaq.)	Je planterai plus tard ma rizière du (bord du) fleuve. (= Xmaon no xeti ka slaq.)	XOMA
Huqil nhari da! Ma su qnaya da!	快死吧！你為什麼要礙著我們（你明明看得出你妨礙了我們！	Die quickly! Why are you a nuisance to us (you can plainly see you're in our way!	Meurs vite ! Pourquoi nous gênes tu (tu vois bien que tu nous gênes !	XOQEL
Ini ku huqil do, Sgun mu nhari ka qnpahan mu da!	在我死之前（在我還沒死的時候），我想趕快把我的田分掉。	Before dying (before I am dead) I want to divide up my fields quickly.	Avant de mourir (avant que je sois mort) je veux vite partager mes champs.	XOQEL
Mhuqil ka tahut su da.	你的火熄了。	Your fire has gone out.	Ton feu est éteint.	XOQEL
Mhuqil ka tuki su da.	你的錶停了。	Your watch has stopped.	Ta montre est arrêtée.	XOQEL
Mhuqil ka haya su da.	你的車拋錨了。	Your car has broken down.	Ta voiture est en panne.	XOQEL
Mhuqil ka kacing su da.	你的水牛死了。	Your buffalo has died.	Ton buffle est crevé.	XOQEL
Mhuqil ka tama su da.	你的父親過世了。	Your father has died.	Ton père est mort.	XOQEL
Ida ta mhuqil kana!				XOQEL
Balay bi qmhuqil su?	你真的想死嗎？（你真的想死，是真的嗎？）。	Do you really want to die? (Is it really true that you want to die?).	Tu as vraiment envie de mourir ? (C'est bien vrai que tu veux mourir ?).	XOQEL
Dhuq ka hqilan ta o, ida ta (mha) mngungu kana da.	當我們的死亡來臨時，我們大家都害怕是很正常的。	When our death comes, it is normal that we should all be afraid.	Quand notre mort arrivera, c'est normal que nous ayons tous peur.	XOQEL
Jiyax hqilan.	死亡的時刻。	The moment of dying.	Le moment de mourir.	XOQEL
Saw smeisug bi ka hnqilan sktama su.	你已故父親的死很令人害怕！	The death of your late father was frightening!	Elle faisait peur la mort de feu ton père !	XOQEL
Ya su sprang mkan sapuh hhuqil su nhari?	你大概是故意吃這個藥（這個毒）好快點死吧？	No doubt you are taking this medicine (this poison) on purpose in order to die quickly?	Tu prends sans doute exprès cette médecine (ce poison) pour mourir vite ?	XOQEL
Phqili ka kacing su uuqun ta saman!	把你的水牛殺了（你得殺了牠），好讓我們明天吃！	Kill (you must kill) your buffalo so that we may eat it tomorrow.	Tue (il faut que tu tues) ton buffle pour que nous le mangions demain.	XOQEL
Ya usa da! Phqilun su dha!	別去，他們會殺了你！	Don't go, they are going to kill you!	Ne va pas, ils vont te tuer !	XOQEL
Tbgun su ka babuy ni hu? Phqilun su hu?	這頭（你的）豬，你打算養牠嗎？你想殺牠嗎？	This pig (of yours), do you intend to raise it? Do you want to kill it?	Ce cochon (tien), Penses tu l'élever ? Veux tu le tuer ?	XOQEL
Ima ka emphuqil kacing ta da!	誰要殺我們的水牛？	Who is going to kill our buffalo?	Qui est-ce qui va tuer notre buffle ?	XOQEL
Saw bi emphuqil ka qmnaqih kuxul mu!	我傷心得要死（＝我的悲傷之深，彷彿要殺了我一樣）！	I am sad enough to die of it (= My sadness is such that one would say it wants to kill me)!	Je suis triste à en mourir (= Ma tristesse est telle qu'on dirait qu'elle veut me tuer) !	XOQEL
Taan mu o, emphuqil saman ka anay ta da!	依我看（就我所見），我們的姊夫（妹夫）明天就會死。	In my opinion (as far as I can see), our brother-in-law will die tomorrow.	D'après moi (à ce que je vois), notre beau frère mourra demain.	XOQEL
Kmphuqil ku bi kingal rudux.	我真的很想殺一隻雞。	I really feel like killing a chicken.	J'ai vraiment envie de tuer une poule.	XOQEL
Psdraun su knuwan? … Aji mu phqilun ka sayang!	你什麼時候要殺牠（放牠的血）？……我現在不想殺牠。	When will you kill it (make it bleed)? … I don't want to kill it now.	Quand est-ce que tu la tueras (tu la feras saigner) ? … Je ne veux pas la tuer maintenant.	XOQEL
Saw su bi mqmphuqil seejiq (sjiqun) ka isu!	你真像個想殺人的人，你！	One would really say that you are someone who wants to kill somebody, you!	On dirait vraiment que tu es quelqu'un qui veut tuer quelque personne, toi !	XOQEL
Suqi mnarux tunux na ka hiya, mnusa uyung sapah mkan sapuh shuqil na nhari da.	他的頭痛得厲害，於是跑到屋後去拿毒藥好快點死。（＝用毒藥來尋死……）。	His head hurt him so much that he went behind the house to take poison in order to die faster. (= uses the poison in order to die.).	Sa tête lui faisait tellement mal qu'il est allé derrière la maison prendre du poison pour mourir plus vite. (= se sert du poison pour mourir.).	XOQEL
Asi: Hus! Msa ka lnglungan mu!	頓時，我心頭一驚！（頓時，我的思緒、我的情感發出：Xös！）。	All of a sudden, I gave a start (my blood made but a single turn)! (Suddenly, my thoughts, my feelings went: Xös!).	Du coup, mon sang n'a fait qu'un tour ! (Du coup, ma pensée, mes sentiments ont fait : Xös !).	XÖS
Quyu shus.	眼鏡蛇（以其發出的聲音來指稱這種蛇的擬聲詞）。	Cobra (onomatopoeia designating this snake by the sound it emits).	Naja (onomatopée désignant ce serpent par le son qu'il émet).	XÖS
Saw bi mhhuni ka laqi mu!	我的孩子好像被下了咒（中了邪）。	It seems my child has been bewitched (has been the victim of a spell).	On dirait que mon enfant a été ensorcelé (a été victime d'un sort).	XOUNI
Huya mu ksun?	我該說什麼？（或：我該做什麼。）	What must I say? (var. what must I do.)	Que dois-je dire ? (vl. que dois-je faire.)	XOYA
Huya msa ka tama su?	你父親說了什麼？（或：你父親對此怎麼說？）。	What did your father say? (var. What does your father say about it?).	Qu'est-ce que ton père a dit ? (vl. Qu'est-ce que ton père en dit ?).	XOYA
Mhuya su da!	你怎麼樣？－你如何？	How are you doing? - How are you?	Comment fais tu ? - Comment es tu ?	XOYA
Aji mhuya da!	沒有困難（完全沒問題）。	There is no difficulty (there is no problem at all).	Il n'y a pas de difficulté (il n'y a aucune question).	XOYA
Mhuya ka smalu kingal biyi?	蓋一間小屋，你們覺得如何？（＝有什麼異議嗎？）。	Building a hut, what do you think of it? (= Are there any objections?).	Bâtir une cabane, qu'en pensez vous ? (= Y a-t-il des objections ?).	XOYA
Ini khuya ka tama.	關於父親沒有問題（沒有阻礙）。	There is no problem (no obstacle) concerning the father.	Il n'y a pas de question (d'obstacle) à propos du père.	XOYA
Ini huya ka tama.	爸爸什麼也沒做（他沒有設下任何阻礙）。（XOYA＝做什麼；KXOYA＝準備成為什麼。	Papa has done nothing (he puts up no obstacle of any kind). (XOYA = to do what; KXOYA = disposed to be what.	Papa n'a rien fait (il ne met pas d'obstacle d'aucune sorte). (XOYA = faire quoi ; KXOYA = disposé à être quoi.	XOYA
Emphuya nami da.	那我們呢，我們會變成怎樣？（或：我們要怎麼辦？）。	And us, what will become of us? (var. what are we going to do?).	Et nous, qu'allons nous devenir ? (vl. qu'allons nous faire ?).	XOYA
Miyah su hmuya.	你來做什麼？（來幹嘛？）。	What are you coming for? (to do what?).	Tu viens pour quoi ?(pour quoi faire ?).	XOYA
Hmuya ka ini su iyax?	你為什麼不來？	Why don't you come?	Pourquoi ne viens tu pas ?	XOYA
Hmuya su? … Ini huya!(Ini khuya (?))	為什麼（你這樣做）？……沒有任何理由（沒事、白白地！）！	Why (do you act this way)? … There is no reason at all (for nothing!)!	Pourquoi (fais-tu ainsi ?) ? … Il n'y a aucune raison (pour rien !) !	XOYA
Mputuh ka qhuni su nii! Gimi kingal mhuyuq bi.	你那根針鈍了！你得找一根銳利的（很尖的）。	The needle you have is blunt! You must look for a sharp one (nice and pointy).	L'aiguille que tu as est émoussée ! Il te faut en chercher une acérée (bien pointue).	XOYOQ
Ga hmkrig kman ka dhiya, kika hadun ku dha sapah slingan da!	他們嫉妒我，所以他們把我帶到法庭（＝進行審問的房子）去了。	They are jealous of me, that is why they took me to the court (= the house where interrogations are held).	Ils me jalousent, eux, c'est pourquoi ils m'ont amené au tribunal (= la maison où se font les interrogations).	X'QLI
Niqan ka hntur kman kika ini ku usa!	有些人攔著我（阻礙我），所以我不去。	There are some who hold me back (put obstacles in my way), that is why I am not going.	Il y en a qui me retiennent (me font obstacle), c'est pourquoi je ne vais pas.	X'TOL
Ya bi htrani lqlaqi ka yamu.	你們啊，別攔住（別阻止……來）那些孩子！	You there, do not hold back (do not prevent from coming) the children!	Vous autres, ne retenez pas (n'empêchez pas de venir) les enfants !	X'TOL
Wada mu strngan ana manu hntran muda elug.	我在路上遇到各種各樣的障礙。	I encountered all sorts of obstacles along the way.	J'ai rencontré en chemin toute sorte d'obstacles.	X'TOL
Hntran ku dha skeeman.	昨晚，他們把我留住了。	Last night, they held me back.	Hier soir, ils m'ont retenu.	X'TOL
Ungat ana ima mhtur sunan ka sayang!	今天沒有人攔著你（給你設障礙）。	Today there is no one who holds you back (who obstructs you).	Aujourd'hui il n'y a personne qui te retienne (qui te fasse obstacle).	X'TOL
Wada ku thtur muda elug asaw mnsunu paah dgiyaq.	我在路上被山上的坍方擋住了。	I was stopped on my way by a landslide from the mountain.	J'ai été stoppé sur ma route par un éboulement de la montagne.	X'TOL
Qlhangi bi aji na hbagun btunux ka hiyi na!	要小心，別讓他在石頭上把身體割破了！	Be very careful so that he does not go and tear his body on the stones!	Fais bien attention pour qu'il n'aille pas se déchirer le corps sur les pierres !	XUBAO
Ga hmut hmgut buwax payay ka dhiya muda dha elug qmpahan.	(1°) 他們一邊經過田地，一邊隨意地把稻穗上的穀粒捋下來。	(1°) They are casually stripping the grains from ears of rice as they pass through the fields.	(1°) Ils sont en train d'égrener sans façon des épis de riz en passant dans les champs.	XUGUT
Hngut bi dowriq ka embanah tasil gaga.	那塊紅色的石頭真吸引人的目光。＝(2°) 那塊紅色的石頭真的很吸睛。	That red stone there really attracts the eyes. = (2°) That red stone there really draws the eyes.	Cette pierre rouge là attire vraiment les yeux. = (2°) Cette pierre rouge là tire vraiment les yeux.	XUGUT
Rudan ku da! Dmuuy ku hukut mksa.	我老啦！我拄著拐杖走路。	Here I am, old! I walk with a stick.	Me voilà vieux ! Je marche avec un bâton.	XUKUT
Ngalun mu hukut ka sksik su da!	我要拿你的掃帚來當拐杖用。	I will take your broom to use as a stick.	Je prendrai ton balai pour me servir de bâton.	XUKUT
Mhukut ka Jiyan, ya sa snqriqi ka papak niya.	Jiyan拄著拐杖走路，因為他的腳扭傷了。（＝他的腳扭到了）。	Jiyan walks with a stick, since he has sprained his foot. (= that his foot is twisted).	Djian marche avec un bâton, étant donné qu'il s'est fait une entorse au pied. (= que son pied est tordu).	XUKUT
Mhungul bi ka hma yayu su, Mkan balay.	你刀子的刀刃磨得很利，真的很會切。	The blade of your knife is well sharpened, it really cuts.	La lame de ton couteau est bien aiguisée, elle coupe vraiment.	XUNGUL
Ini khungul ka hma niya.	它的刀刃（它的舌頭）切不動（不鋒利）。	Its blade (its tongue) does not cut (is not sharpened).	Sa lame (sa langue) ne coupe pas (n'est pas affilée).	XUNGUL
Ya usa!	別去！	Don't go!	Ne va pas !	YA
Ya ekan.	別吃！	Don't eat!	Ne mange pas !	YA
Ya squwaq (quwaq = bouche)	閉嘴（qoaq＝嘴巴）。	Be quiet (qoaq = mouth).	Tais-toi.	YA
Ya kbanah (Banah = rouge)	別臉紅（別發紅）（Banax＝紅）。	Don't blush (don't be red) (Banax = red).	Ne rougis pas (ne sois pas rouge).	YA
Ya aji (Aji = ne pas vouloir - non!)	別拒絕！（Adi＝不願意－不！）。	Don't refuse! (Adi = to not want - no!).	Ne refuse pas !	YA
Ya bi.	大約－差不多。	About - approximately.	Environ - à peu près.	YA
Ya ini.	我想大概不是！	I suppose it is not!	Je suppose que ce n'est pas !	YA
Ya ungat.	我想大概沒有。	I suppose there is none.	Je suppose qu'il n'y en a pas.	YA
Ya uxay.	我想大概不是真的。	I suppose it is not true.	Je suppose que ce n'est pas vrai.	YA
Ya aji.	我想你大概不願意（見上面第 1°！）。	I suppose you do not want to (see above No. 1°!).	Je suppose que tu ne veux pas (vr. plus haut N° 1°!).	YA
Ya isu hu?	大概是你吧？	It's no doubt you?	C'est sans doute toi ?	YA
Ya sapah hu.	也許是一間房子。	Maybe a house.	Peut-être une maison.	YA
Ya kiya hu?	也許是這樣（就是這個）。	Maybe it is so (that's it).	Peut-être que c'est ainsi (c'est cela).	YA
Ya malu hu!	也許不錯！等等……	Maybe it's good! Etc...	C'est peut-être bon ! Etc...	YA
Pusu yabas.	石榴樹。	Pomegranate tree.	Grenadier.	YABAS
Yaku o, malu.	我，（我）很好。（它可以不藉助任何助詞而帶一個同位語，構成一個整體，規則與上述相同。）	Me, (I am) well. (It admits an apposition without any particle, to form a whole following the same rules as above.)	Moi, (je suis) bien. (Il supporte une apposition sans intervention de particule pour former un tout suivant les mêmes règles que plus haut.)	YAKO
Yaku tama o, malu!	我這個當爸爸的，（我）很好！	Me the father, (I am) well!	Moi le papa, (je suis) bien !	YAKO
Embiyax su hu? … Ida saw yaku!	一些例外：一切都好嗎？……永遠是我！	Some exceptions: Is all well? … It's always me!	Quelques exceptions : Cela va bien ? … C'est toujours moi !	YAKO
Tama ku Huyu.	我是Huyu的父親。	I am Huyu's father.	Je suis le père de Rhoyo.	YAKO
Mha ku sapah.	我要回家。	I am going home.	Je vais à la maison.	YAKO
Embanah ku.	我是紅的。	I am red.	Je suis rouge.	YAKO
Aji ku.	我不要。	I don't want to.	Je ne veux pas.	YAKO
Naku ka ppatas nii.	這些書是我的（註：也可以用同義的說法：Patas mo ka nii＝這些是我的書＝較不強調的形式）。	These books are mine (n.b. one can also say, in the same sense: Patas mo ka nii = these are my books = a less emphatic form).	Ces livres sont à moi (nb. on peut encore dire, dans le même sens : Patas mo ka nii = ce sont là mes livres = forme moins emphatique).	YAKO
Nnaku ka patas nii.	這本書（曾）是我的。	This book was mine.	Il était à moi ce livre.	YAKO
Nnaku ka patas nii.	這本書是我的其中之一（N為所屬標記＝屬於我的）。	This book is one of mine (N, marker of belonging = of what is mine).	Ce livre est l'un des miens (N, signe de l'appartenance = De ce qui est de moi).	YAKO
Kari na knan o, mdka bi kari su.	他對我說的話和你對我說的話很相似。	What he told me is similar to what you told me.	Ce qu'il m'a dit est semblable à ce que tu m'as dit.	YAKO
Hmut niyah knan ka hiya.	他無緣無故地來找我（註：如同其他類似的斜格形式，這一形式可有固定的含意。	He comes to me for no reason (n.b. Like other similar oblique forms, this one can have an established meaning.	Il vient à moi sans raisons (nb. Comme d'autres formes obliques similaires, celle-ci peut avoir un sens consacré.	YAKO
Aji su niyah knan?	你不想來我這裡住嗎？）	Don't you want to come and live at my place?)	Ne veux-tu pas venir habiter chez moi ?)	YAKO
Tama nisu.	你是我的父親。	You are my father.	Tu es mon père.	MO
Biqun nisu (= Biqun mu ka isu (?))	我會給你（＝你是我要給的那個人（？））。	I will give to you (= you are the one of mine to whom it must be given (?)).	Je te donnerai (= Tu es mon celui à qui il faut donner (?)).	MO
Paqun saku kiya.	你要打我（我是你要打的那個人）。	You are going to hit me (I am the one you want to hit).	Tu vas me frapper (Je suis celui que tu veux frapper).	MO
Paqun nisu kiya.	我要打你。	I am going to hit you.	Je vais te frapper.	MO
Paqun kuna kiya.	他要打我。	He is going to hit me.	Il va me frapper.	MO
Tama saku (= Tama su ka yaku)	我是你的父親。	I am your father.	Je suis ton père.	MO
Biqun ku na.	我是他要給的那個人＝他不會給。（註：也許把KONA寫成兩個字比較好＝KO NA？）	I am the one of his to whom it must be given = he will not give. (n.b. perhaps it would be preferable to write KONA as two words = KO NA?).	Moi je suis celui sien à qui il faut donner = Il ne donnera. (nb. peut-être serait-il préférable d'écrire KONA en deux mots = KO NA ?).	MO
Rngagay naku munan.	我要（我必須）告訴你們。（＝我是我命令去對你們說話的那個人（？！？））	I want to tell you (I must tell you). (= I am the one to whom I give the order to speak to you (?!?))	Je veux (il faut que je vous dise) vous dire. (= Moi je suis celui à qui je donne l'ordre de parler à vous (?!?))	MO
Yami ka embiyax.	我們是最強的（＝最強的是我們）。	We are the strongest (= it is we who are the strongest).	Nous sommes les plus forts (= C'est nous les plus forts).	YAMI
Mha nami yami Jiyan.	我們要去，Jiyan和我。	We are going, Jiyan and I.	Nous allons, Djian et moi.	YAMI
Balay bi nyami ka nii.	這真的是我們的。	This really is ours.	Vraiment ceci est à nous.	YAMI
Nyami ka tama.	父親是我們的！	He belongs to us, the father!	Il est à nous, le papa !	YAMI
Tama nami.	我們的父親。	Our father.	Notre père.	YAMI
Mha nami sayang da!	我們現在要走了（我們要出發了）。	We are about to leave (we are leaving) now.	Nous allons partir (nous partons) maintenant.	YAMI
Meuwit nami kana.	我們都累了。	We are all tired.	Nous sommes tous fatigués.	YAMI
Tama nami ka ga embliqan.	我們在天上的父。	Our father who art in heaven.	Notre père qui es au ciel.	YAMI
Dyami nanak ka Sibal.	Sibal是我們的人之一（親戚……朋友……夥伴……）。	Sibal is one of ours (relative. Friend. Associate.).	Sibal est un des nôtres (parent. Ami. Associé.).	YAMI
Ida kingal ndyami ka Pisaw.	Pisaw仍然是我們的人之一！	Pisaw is still one of ours!	Pissao reste encore l'un des nôtres !	YAMI
Mniyah rmngaw mnan ka Embrhug.	頭目來對我們說話。	The chief came to speak to us.	Le chef est venu nous parler.	YAMI
Tuhuy mnan hu.	跟我們一起來，好嗎？	Come with us, won't you?	Viens avec nous, veux-tu ?	YAMI
Yamu ka ini bi kla.	真正不知道的是你們！	It is you who really do not know!	C'est vous qui ne savez vraiment pas !	YAMO
Yamu o, ini namu kla!	你們，你們不知道。	You, you do not know.	Vous, vous ne savez pas.	YAMO
Ini namu kla ka yamu.	你們這些人不知道。	You don't know, you people.	Vous ne savez pas, vous autres.	YAMO
Balay bi nyamu ka kusa kiya.	說真的，這筆債是你們的！	To tell the truth, this debt is yours!	À vrai dire, elle est vôtre cette dette !	YAMO
Mha namu inu?	你們要去哪裡？	Where are you going?	Où allez-vous ?	YAMO
Mhuriq namu kana.	你們都濕透了！	You are all wet!	Vous êtes tous mouillés !	YAMO
Tama namu ka malu.	好的是你們的父親！	It is your father who is good!	C'est votre père qui est bien !	YAMO
Sapah namu ka nii.	這是你們的家。	This is your house.	Celle-ci est votre maison.	YAMO
Nnamu ka sapah nii.	這間房子（曾）是你們的。	This house was yours.	Cette maison était à vous.	YAMO
Nnamu ka sapah nii.	這間房子是你們的房子之一。	This house is one of your houses.	Cette maison est l'une de vos maisons.	YAMO
Dyamu nanak ka Atuh.	Atuh確實是你們的人（你們的親屬、朋友……）。	Atuh is indeed one of yours (your kin, friend.).	Atorh est bien des vôtres (votre parenté, ami.).	YAMO
Ida saw kiya kana ka djyamu.	你們和你們的人（你和你的人）都是這樣。	You and yours (you and your people) are all like this.	Vous et les vôtres (toi et les tiens) vous êtes tous ainsi.	YAMO
Kingal ndyamu nanak ka seejiq nii.	這個人確實是你們的其中之一！	This man is indeed one of yours!	Cet homme est bien l'un des tiens !	YAMO
Kusa mu munan ka kiya.	這是我欠你們的債。	This is a debt that I owe to you.	Cela est une dette que j'ai à votre égard.	YAMO
Biqun mu munan.	我想把它給你們。	I want to give it to you.	Je veux vous (le) donner.	YAMO
Kingal iyax tuki.	一個鐘頭（＝錶上的一段間隔）。	One hour of time (= one span of the watch).	Une heure de temps (= Un espace de montre).	YAX
Kingal iyax hngkawas.	一年的時間。	The span of one year.	L'espace d'une année.	YAX
Hmuya ka ini su tmay sapah! … Ungat bi ana kingal iyax ka ruwan da!	你為什麼不進屋裡……裡面連一點點空位都沒有了！	Why don't you go into the house … There is not the least little space left inside!	Pourquoi ne rentres-tu pas dans la maison … Il n'y a plus la moindre petite place, à l'intérieur !	YAX
Knrmun su bi piyax nkan ni nimah.	你很勇敢，能不時「跳過」吃喝（你勇敢地不時禁食！）。（YAX①與YAX②看來確實相關！）	You are very brave to “skip” eating and drinking from time to time (Courageously, you fast from time to time!). (YAX 1° and YAX 2° do seem closely related!)	Tu es très courageux pour « sauter » de temps en temps le manger et le boire (Courageusement, tu jeûnes de temps en temps !). (YAX 1° et YAX 2° semblent bien parents !)	YAX
Ita yayu su binaw! Ttuyun mu ka hiyi rudux da.	把你的刀遞給我吧；我得把雞（切成小塊）。	Pass me your knife then; I have to cut up the chicken (into small pieces).	Passe-moi donc ton couteau ; je dois découper le poulet (en petits morceaux).	YAYO
Msrusaq bi sayang ka yayung!	此刻激流（的水）很髒。	At the moment the torrent (its water) is very dirty.	En ce moment le (l'eau du) torrent est très sale.	YAYONG
Mnkyayung ku bitaq pngpung dgiyaq.	我沿著激流一直到山頂。	I followed the torrent up to the summit of the mountain.	J'ai suivi le torrent jusqu'au sommet de la montagne.	YAYONG
Paru bi yupan bgihur ka smlaan su sapah nii!	這是個風吹得很猛的地方，就在你想蓋房子的這裡。	This is a place where the wind blows very hard, here where you want to build your house.	C'est un endroit où le vent souffle très fort, ici où tu veux construire ta maison.	YUP
Yupi binaw ka samaw su, jiyan bi da!	那就吹吧（把你的燈熄了吧！現在已經大白天了！）	Blow then (put out your lantern! It is broad daylight now!)	Souffle donc (éteins donc ton falot ! Il fait grand jour maintenant !)	YUP
Naqih bi yupan ka tahut puyan su.	在你的爐灶（你的炊具）的火上吹並不容易。	It is not easy to blow on the fire of your stove (your cooker).	Il n'est pas facile de souffler sur le feu de ta cuisinière (ton fourneau).	YUP
Nniqan ta daya o, bitaq bi masu, bunga, sari, baun, brisan ka thnaw balay!	當我們在上面（在我們的舊領地）時，我們只能種小米、地瓜、芋頭、南瓜、高粱！	When we were up there (in our former territory), we were reduced to planting only millet, sweet potatoes, taros, pumpkins, sorghum!	Quand nous étions là-haut (dans notre ancien territoire), nous étions réduits à ne planter que du millet, des patates douces, des taros, des citrouilles, du sorgho !	"BAON
Sluun mu kingal biyi rudux ka saman.	明天我要蓋一個雞舍（＝雞的小屋）。	Tomorrow I will build a henhouse (= hut for the hens).	Demain, je construirai un poulailler (= cabane des poules).	"BI
Mntaqi ku biyi qmpahan ka skeeman.	昨晚我睡在我田地中央的小屋裡。	Last night I slept in the hut in the middle of my fields.	La nuit dernière j'ai dormi dans la cabane au milieu de mes champs.	"BI
Paru bi eeru ka narux (mnarux?) na kiya.	他得的那個病很會傳染（更好的說法：Paro bi "lo na ka nalox na kia！）。	The illness he has there is very contagious (and better: Paro bi "lo na ka nalox na kia!).	La maladie qu'il a là est très contagieuse (et mieux : § Paro bi "lo na ka nalox na kia !).	"LO
Ga muda alang ta sayang ka kingal nru mnarux.	此刻有一場流行病正在我們的部落蔓延。	At the moment an epidemic is passing through our village.	En ce moment une épidémie est en train de passer par notre village.	"LO
Aji nru balay ka kmnarux su hu?	你的病不是很會傳染嗎？	Isn't your illness very contagious?	Est-ce que ta maladie n'est pas très contagieuse ?	"LO
Mnarux mu sayang o, nruan ku dha ka kiya.	我現在的病，是被傳染來的。	My present illness, I caught it by contagion.	Ma maladie actuelle, je l'ai attrapée par contagion.	"LO
Ya bi iyax smru kana djyami hini.	別來把我這裡所有的人都傳染了！	Don't come and contaminate all my people here!	Ne viens pas contaminer tous les miens ici !	"LO
Hmuya ka ini su snru ka nkari dha?	你為什麼不把他們說的話告訴我們？	Why don't you tell us what they said?	Pourquoi ne nous dis-tu pas ce qu'ils ont dit ?	Sn"lo
Ima ka smnru sunan kana ndaan dha?	那麼是誰把他們所做的一切（他們的一舉一動！）都告訴你的呢？	Who then is it that told you all that they did (all their deeds and doings!)?	Qui est-ce donc qui t'a appris tout ce qu'ils ont fait (tous leurs faits et gestes !) ?	Sn"lo
Ya usa sapah dha aji su muda pru naqih bi mnarux dha.	不要去他們家，以免被他們的重病傳染。	Do not go to their house, so as not to be infected by their serious illness.	Ne va pas chez eux pour ne pas te faire contaminer par leur grave maladie.	Sn"lo
Mha ku hyaan psnru cicih saw nkari dha.	我要去他那裡，讓人把他們所說的話告知（我）。	I am going to his place to have (myself) informed of what they said.	Je vais chez lui, ne faire mettre au courant de ce qu'ils ont dit.	Sn"lo
Muda ku elug daya ka yaku.	我走上面那條路。	As for me, I go by the upper road.	Moi je passe par la route du haut.	"LU
Llabang bi ka elug ta da!	我們的路（我們所走的－通往我們家的－我們所修築的）非常寬。	Our road (the one we walk - the one that goes to our home - the one we built) is very wide.	Notre route (celle que nous marchons - celle qui va chez nous - celle que nous avons construite) est très large.	"LU
Niqan bi elug ka kari niya.	他說的話真的很有道理（站得住腳）。	What he says is really sensible (it holds together).	Ce qu'il dit est vraiment sensé (cela se tient).	"LU
Ini ku kla elug ssalu mu tuki nii, huya mu ksun?	我不知道修理（製作）這只錶的方法，該怎麼做呢？	I do not know the method to repair (make) this watch, how is it done?	Je ne sais pas la méthode pour réparer (fabriquer) cette montre, comment faire ?	"LU
Uda nanak elug ddaun su.	你只需沿著你該走的道路（使命）前行（你只需走你自己的路！）。	You have only to follow the path (the vocation) by which you must pass (You have only to follow your road!).	Tu n'as qu'à suivre le chemin (la vocation) par où tu dois passer (Tu n'as qu'à suivre ta route !).	"LU
Ida meelug ka knrian mu qahur nii!	我正在挖的這片碎石地正在變成一條路。	This rocky ground that I am digging is turning into a road.	Cette rocaille que je creuse est en train de devenir une route.	"LU
Psrmali gneelug elug ddaun tama su.	你必須提前著手準備（開闢）你父親將要走的路。	You must set about it in advance to prepare (open) the road that your father will follow.	Il faut que tu te prennes à l'avance pour préparer (ouvrir) la route que suivra ton père.	"LU
Peelug musa ku nita mnarux siida.	正當我去探望病人的那個時刻（在同一條路上）。	Just at that moment (on the same road) when I was going to see the sick.	Juste à ce moment là (sur la même route) où j'allais voir les malades.	"LU
Pklug namu bi ntaqi.	在你們睡覺的時候。	While you are sleeping.	Pendant que vous dormez.	"LU
Ga mkleelug hiya ka Kuras.	Koulas 正從那裡經過。	Koulas is passing by there.	Koulas est en train de passer par là.	"LU
Mnkleelug ku elug hiya siida.	當我經過那條路的時候。	At the moment when I was passing along that road.	Au moment où je passais par cette route là.	"LU
Kuxul bi rdrudan ka uyas pneelug sbiyaw.	（我們的）長輩非常喜愛從前那些古老的行路歌謠。（註：Oyes pn"lu 是一種疊句、吟唱，有點像我們的聖詠，是一邊行走一邊唱（從前唱？！）的。）	(Our) elders greatly love the old walking-songs of former times. (n.b. Oyes pn"lu are the refrains, the cantilenas, a little like our psalms, which are sung (were sung?!) while walking.)	(Nos) Les anciens aiment beaucoup les vieilles cantilènes de marche d'autrefois. (nb. Oyes pn"lu, ce sont les ritournelles, les cantilènes, un peu comme nos psaumes, qui se chantent (chantaient ?!) en marchant.).	"LU
Ini pseelug ka ndaan mu, msa namu! Ida mseelug (nsleelug) ku bi ka yaku!	你們說我的行為很奇怪（不合乎正道）！然而我的行為是正常的（我可是循規蹈矩的！）。	My conduct is strange (not in keeping with the road), you say! And yet my conduct is normal (I do follow the road!).	Ma conduite est étrange (n'est pas conforme à la route), dites-vous ! Et pourtant ma conduite est normale (je suis la route, moi !).	"LU
Rwahan na siida ka patas, asi psleelug saw nii kari:	於是打開書本，接下來是這樣寫的（＝他翻到了這一段）。	Having then opened the book, here is how the continuation went (= He came upon this passage).	Ayant alors ouvert le livre, voici comment disait la suite (= Il est tombé sur ce passage).	"LU
Kana uuqun sbiyaw o, emu basaw ka suyang bi.	在從前所有的菜餚（食物）中，BASAO（一種可食用的禾本科穀物）的粉才是首選佳餚！	Of all the dishes (foods) of former times, it is the flour of BASAO (an edible grass/grain) that is the choicest dish!	De tous les plats (nourritures) d'autrefois, c'est la farine de BASAO (graminée comestible) qui est le plat de choix !	"MU
Ini hari ekan ka laqi mu.	我的孩子幾乎不吃東西！	My child hardly eats!	Mon enfant ne mange guère !	"QAN
Ini hari qnqan ka laqi mu!	我的孩子胃口不大。	My child does not have much appetite.	Mon enfant n'a pas beaucoup d'appétit.	"QAN
ekan nhari da!	快點吃！	Eat quickly!	Mange vite.	"QAN
Ida mkan bubu ka hiya.	他還在吃母親的奶。	He still suckles at his mother's breast.	Il tète encore sa mère.	"QAN
Mkan bi ayang (vl. gasulin) ka tdruy su.	你的車很耗油（汽油）。	Your car consumes a lot of petrol (gasoline).	Ta voiture consomme beaucoup d'essence.	"QAN
Mkan bi seejiq ka Unin.	Ouminne 非常好爭吵（愛「吃」人）。	Ouminne is very quarrelsome (he devours people).	Ouminne est très querelleur (mange les gens.	"QAN
Mkan balay ka pucing su.	你的番刀非常鋒利。（註："QAN 的喉塞音在實際發音中，於此基本形 "QAN 中人人都仍清楚保留；但在透過前綴衍生的形式中，喉塞音往往消失，或至少被大幅省略：M"QA＝nqan＝n'qan；PS"QAN＝psqan＝ps'qan…。）	Your machete (cutlass) is very sharp. (n.b. The glottal stop of "QAN in practice remains evident in everyone in this base form: "QAN; in the forms derived by prefixation, the stop tends to disappear, or at least to be strongly elided: M"QA = nqan = n'qan; PS"QAN = psqan = ps'qan.)	Ton coutelas est très tranchant. (nb. Le stop glottal de "QAN, dans la pratique reste évident chez tous dans cette forme de base : "QAN ; dans les formes dérivées par la préfixation, le stop tend à disparaître ou du moins à être fortement escamoté : M"QA = nqan = n'qan ; PS"QAN = psqan = ps'qan.).	"QAN
Aji su pkan (paqan) kingal rudux su hu.	你不給我們準備一隻雞吃嗎？	Won't you prepare us a chicken to eat?	Ne nous prépares tu pas une poule à manger ?	"QAN
Kmpuqun misu kiya ka sari.	我等一下很想請你吃些芋頭！	I would quite like to feed you some taros in a little while!	Je voudrais bien te faire manger des taros tout à l'heure !	"QAN
Malu uqun ka rhluk hu?	覆盆子好吃嗎？	Are raspberries good to eat?	Les framboises sont elles bonnes à manger.	"QAN
Ungat uqun nami da!	我們沒有東西可吃了！	We have nothing left to eat!	Nous n'avons plus à manger !	"QAN
Uqun mu kiya ka siyang.	我待會兒再吃（豬）肉。	I will eat the (pork) meat afterwards.	Je mangerai la viande (de porc) après.	"QAN
Uqun su dha.	他們想攻擊你（把你吃掉）。	They want to attack you (to eat you / devour you).	Ils veulent t'agresser (te manger).	"QAN
Aji mu uqun kana.	我不會全部吃光。	I will not eat everything.	Je ne mangerai pas tout.	"QAN
Aji uqun mu kana.	並非所有食物都是給我的。	Not all the food is for me.	Toute la nourriture n'est pas pour moi.	"QAN
Sapah uqan.	餐廳－食堂。	Restaurant - refectory (dining hall).	Restaurant - réfectoire.	"QAN
Uqi nhari, msa su, niqan ka uqun, uqan ka ungat.	你說快點吃！其實有的是吃的，但缺的是用餐的器皿（碗、盤子…）！	Eat quickly, you say! There is indeed plenty to eat, but it is the vessels for eating (bowls, plates.) that are lacking!	Mange vite, dis-tu ! Il-y-a bien de quoi manger mais, ce sont les récipients pour manger (bols, assiettes.) qui manquent !	"QAN
Knriwa bi keekan dha.	他們打得很兇！	Their brawl is terrible!	Leur bagarre est terrible !	"QAN
Ga mkeekan quwaq ka dhiya.	她們正在爭吵（用言語爭鬥）。	They (fem.) are quarrelling (fighting with words).	Elles sont en train de se disputer (se bagarrer en paroles).	"QAN
Ya isu ka pnsilung kana ka nhmaan mu pajiq?	把我整片菜園都淹了的，八成就是你吧？	It is no doubt you who flooded my whole garden?	C'est sans doute toi qui a inondé tout mon jardin ?	"SILONG
