modern	status	occurrences	in_deliverable_sentences
a	confirmed	1	1
aangal	confirmed	2	1
abis	confirmed	1	1
acih	confirmed	4	4
adas	confirmed	8	8
agil	confirmed	1	1
aji	confirmed	278	243
akay	confirmed	11	11
aki	confirmed	2	2
akin	confirmed	1	1
akit	confirmed	3	3
alang	confirmed	65	58
alix	confirmed	6	6
ama	confirmed	2	2
aman	confirmed	5	5
amirika	confirmed	2	2
ana	confirmed	379	342
anay	confirmed	5	4
angal	confirmed	5	4
apa	confirmed	4	4
apay	confirmed	3	3
apu	confirmed	6	6
aput	confirmed	3	3
apwi	confirmed	1	1
arin	confirmed	1	1
ariq	confirmed	2	2
armuni	unconfirmed	1	0
asaw	confirmed	16	15
asi	confirmed	90	79
asu	confirmed	17	16
ata	confirmed	2	2
atuh	confirmed	2	2
atwi	confirmed	2	1
awi	confirmed	3	3
ax	confirmed	7	7
ayang	confirmed	12	12
ayug	confirmed	4	4
ayung	confirmed	1	1
ayuq	unconfirmed	1	0
ayus	confirmed	1	1
babaw	confirmed	35	32
babuy	confirmed	23	22
baga	confirmed	80	73
bahing	confirmed	1	1
bais	confirmed	2	2
baisan	confirmed	1	1
baka	confirmed	20	19
baket	confirmed	1	1
baki	confirmed	20	18
bakuciku	unconfirmed	1	0
bal	confirmed	2	2
balay	confirmed	241	212
bali	confirmed	1	1
balung	confirmed	9	9
ban	confirmed	1	1
banah	confirmed	2	2
banan	confirmed	10	9
banasi	confirmed	2	2
bangah	confirmed	2	2
baraq	confirmed	3	3
baraw	confirmed	20	19
basaw	confirmed	3	3
baun	confirmed	2	1
bawa	confirmed	3	3
bay	confirmed	1	1
bbaraw	confirmed	6	6
bboai	unconfirmed	1	0
bbtunux	confirmed	1	0
bbungi	confirmed	1	1
bbuut	confirmed	1	1
bbuwax	confirmed	1	1
bbuyu	confirmed	22	21
beyluh	confirmed	6	5
bgbaga	confirmed	1	1
bgbagun	confirmed	1	1
bgihur	confirmed	15	14
bgu	confirmed	7	4
bgurah	confirmed	17	9
bhangan	confirmed	6	5
bhangi	confirmed	1	1
bhangun	confirmed	1	1
bhgay	confirmed	5	5
bhngil	confirmed	2	1
bhniq	confirmed	2	1
bhragan	confirmed	1	1
bhragun	confirmed	1	1
bhuan	confirmed	2	2
bhui	confirmed	1	1
bhuun	confirmed	5	4
bi	confirmed	1546	1376
bika	confirmed	2	2
bilaq	confirmed	24	23
bili	confirmed	2	2
binaw	confirmed	46	40
biqan	confirmed	1	1
biqi	confirmed	14	12
biqun	confirmed	29	26
birat	confirmed	13	12
bisur	confirmed	4	3
bitaq	confirmed	39	37
biyaw	confirmed	47	40
biyax	confirmed	14	14
biyi	confirmed	14	13
biyuq	confirmed	15	13
bkaruh	confirmed	1	1
bkii	confirmed	1	1
bkiyun	confirmed	2	2
blayan	confirmed	2	2
blbalay	confirmed	1	1
blbil	confirmed	3	3
blbilan	confirmed	2	2
blbili	confirmed	1	1
blbilun	confirmed	1	1
blbling	confirmed	1	1
blbul	confirmed	15	15
bling	confirmed	6	5
blnga	confirmed	1	1
bmbang	confirmed	2	1
bnaang	confirmed	1	1
bnaqig	confirmed	4	3
bngbang	confirmed	4	4
bnhangan	confirmed	11	11
bnhuan	confirmed	3	2
bnkiyan	confirmed	8	7
bnrahan	confirmed	3	2
bnrnahan	unconfirmed	2	0
bntaqan	confirmed	1	1
bntudan	unconfirmed	1	0
bntuluk	unconfirmed	1	0
bnuwar	confirmed	7	4
bnuway	confirmed	3	3
boro	unconfirmed	1	0
bowyak	confirmed	12	11
bqani	confirmed	1	1
bqlit	confirmed	2	2
bqrus	confirmed	5	5
brah	confirmed	20	19
brahaw	confirmed	7	6
brbirat	confirmed	1	1
breenux	confirmed	1	1
brhgan	confirmed	3	3
brhug	confirmed	2	2
brigan	confirmed	18	18
brigi	confirmed	1	1
brigun	confirmed	6	5
brihan	confirmed	8	7
brihun	confirmed	4	3
brinah	confirmed	1	1
brisan	confirmed	3	2
brnahan	confirmed	1	1
brnux	confirmed	1	0
bru	confirmed	7	7
brunguy	confirmed	4	4
bruwa	confirmed	1	1
bsiyaq	confirmed	22	21
bskanun	unconfirmed	1	0
bsqani	unconfirmed	1	0
bsqran	confirmed	1	1
bsqrul	unconfirmed	1	0
bsqrun	confirmed	2	2
bsrat	confirmed	2	2
bsukan	confirmed	6	5
btakan	confirmed	4	4
btaqan	confirmed	3	3
btaqi	confirmed	1	1
btlukan	unconfirmed	1	0
btlukun	unconfirmed	1	0
btriq	confirmed	2	2
btudan	confirmed	4	4
btudun	unconfirmed	1	0
btunux	confirmed	8	8
bu	confirmed	5	5
buan	confirmed	11	11
bubu	confirmed	28	25
buhi	confirmed	4	4
buhug	confirmed	11	9
bui	confirmed	1	1
buji	confirmed	3	2
bukaw	confirmed	1	1
bukuh	confirmed	6	6
bukuy	confirmed	18	18
buluq	confirmed	2	2
bunga	confirmed	23	22
busuk	confirmed	1	1
busuq	confirmed	2	1
butang	confirmed	2	2
buun	confirmed	2	2
buut	confirmed	2	1
buwax	confirmed	18	17
buway	confirmed	1	1
buyu	confirmed	1	1
byeqay	unconfirmed	2	0
byutux	confirmed	1	0
cibi	confirmed	1	1
cicih	confirmed	94	81
cih	confirmed	3	3
cihung	confirmed	4	4
ciming	confirmed	2	1
cimu	confirmed	4	4
cipiq	confirmed	3	3
ciwang	confirmed	1	1
ciyu	confirmed	1	1
ciyusun	unconfirmed	2	0
cristu	confirmed	2	2
csdamat	confirmed	2	2
cseisug	confirmed	1	1
csgasut	confirmed	1	0
csgsutun	unconfirmed	1	0
csngiya	confirmed	1	1
cyaani	confirmed	1	1
cyuan	confirmed	1	1
da	confirmed	784	701
daan	confirmed	4	4
dahani	confirmed	1	1
dahu	confirmed	2	2
dahung	confirmed	1	1
dai	confirmed	1	1
dakil	confirmed	1	1
dalih	confirmed	1	1
daling	confirmed	1	1
daman	unconfirmed	2	0
damat	confirmed	6	5
damay	confirmed	1	1
dangi	confirmed	2	2
dapil	confirmed	2	2
dara	confirmed	5	5
dasan	confirmed	1	1
daun	confirmed	1	1
dawi	confirmed	1	1
dawin	confirmed	1	1
daya	confirmed	33	32
dayak	confirmed	1	1
dayaw	confirmed	2	2
dbaki	confirmed	1	1
dbalay	confirmed	1	1
dbiyang	unconfirmed	1	0
dbsnawan	unconfirmed	1	0
dbsukan	confirmed	1	1
dbubu	confirmed	1	1
dcristu	confirmed	1	1
ddaan	confirmed	3	3
ddaun	confirmed	16	16
ddcristu	unconfirmed	1	0
ddeita	confirmed	1	1
ddgiyal	confirmed	1	1
ddgiyaq	confirmed	2	2
ddhiya	confirmed	11	9
ddhuq	confirmed	2	2
ddjilun	unconfirmed	1	0
ddliwis	unconfirmed	1	0
ddngusun	unconfirmed	1	0
ddquyu	confirmed	1	1
ddulan	confirmed	1	1
deini	confirmed	1	1
deita	confirmed	1	1
dempweela	confirmed	1	1
denki	confirmed	5	5
dga	confirmed	2	0
dgiyaq	confirmed	23	19
dha	confirmed	323	271
dhiya	confirmed	65	55
dhqan	confirmed	2	2
dhqi	confirmed	4	4
dhqun	confirmed	13	12
dhquy	confirmed	3	2
dhriq	confirmed	1	1
dhuan	unconfirmed	1	0
dhuq	confirmed	27	21
dhyaan	confirmed	24	20
didensya	confirmed	2	2
diku	confirmed	1	1
djilan	confirmed	1	1
djilun	confirmed	1	1
djima	confirmed	22	21
djiyan	confirmed	4	3
djiyun	confirmed	5	5
djyami	confirmed	4	4
djyamu	confirmed	3	3
dka	confirmed	1	1
dkmthidaw	confirmed	1	1
dknsat	confirmed	1	1
dkuyuh	confirmed	3	2
dlaqi	confirmed	1	1
dldalih	confirmed	1	1
dldan	unconfirmed	1	0
dluan	confirmed	7	5
dlutun	unconfirmed	1	0
dmaaw	confirmed	1	1
dmamux	confirmed	1	1
dmanga	confirmed	1	1
dmatun	confirmed	3	3
dmayaw	confirmed	17	16
dmbasyaq	unconfirmed	1	0
dmbiyax	confirmed	2	2
dmblaiq	confirmed	1	1
dmbsrat	unconfirmed	1	0
dmikat	unconfirmed	1	0
dmka	confirmed	2	2
dmkbreenux	confirmed	1	1
dmkdaya	confirmed	1	1
dmnarux	confirmed	1	1
dmpatas	confirmed	1	1
dmpgdadak	confirmed	2	2
dmpsadu	confirmed	1	0
dmpuyas	confirmed	1	1
dmqeepah	confirmed	6	6
dmsapat	confirmed	1	0
dmsnhiyi	confirmed	1	1
dmtabug	confirmed	1	1
dmtbasyaq	unconfirmed	1	0
dmtgsa	confirmed	1	1
dmtjiyal	confirmed	1	1
dmtqsurux	confirmed	1	1
dmtsapat	unconfirmed	1	0
dmudul	confirmed	3	2
dmurisaka	unconfirmed	1	0
dmurun	confirmed	9	9
dmusa	confirmed	1	1
dmut	confirmed	1	1
dmuuy	confirmed	15	14
dmux	confirmed	1	1
dmuxun	confirmed	1	1
dnamux	confirmed	17	15
dnayaw	confirmed	1	1
dndangan	confirmed	1	1
dndangi	confirmed	1	1
dndulan	confirmed	2	2
dnduma	confirmed	5	4
dnegyalan	confirmed	1	1
dngaan	confirmed	1	1
dngdang	confirmed	9	7
dnihung	confirmed	1	1
dnjilan	confirmed	1	1
dnjiyal	confirmed	1	1
dnka	confirmed	1	1
dnngaan	confirmed	1	1
dnrunan	confirmed	1	1
dnrut	confirmed	1	1
dnurun	confirmed	1	1
dnuuy	confirmed	7	5
dnyagan	confirmed	2	2
do	confirmed	156	140
dowras	confirmed	18	17
dowriq	confirmed	45	43
dpais	confirmed	1	1
dpan	confirmed	2	2
dpay	confirmed	3	3
dphpah	confirmed	3	2
dpi	confirmed	1	1
dpnah	unmapped	1	0
dpusu	confirmed	1	1
dqqrinut	unconfirmed	1	0
dqras	confirmed	22	19
dqrinut	confirmed	1	1
dquyu	confirmed	1	1
drbiyax	unconfirmed	1	0
drdanan	confirmed	1	1
drisaw	confirmed	3	3
drmul	confirmed	1	1
drnai	unconfirmed	1	0
drnani	confirmed	2	2
drudan	confirmed	10	9
drumut	confirmed	2	2
drunun	confirmed	1	1
druru	confirmed	1	1
dsbnawan	unconfirmed	2	0
dsi	confirmed	1	1
dsnaw	confirmed	3	3
dsun	confirmed	2	2
dtanah	unconfirmed	1	0
dtayal	confirmed	1	1
dtduling	unconfirmed	1	0
dthiyan	confirmed	1	1
dtlahi	confirmed	1	1
dtnhici	confirmed	1	1
dtruku	confirmed	10	9
dtumi	unconfirmed	1	0
dudul	confirmed	2	1
dudux	confirmed	4	4
duhi	confirmed	1	1
duhun	confirmed	2	1
duhung	confirmed	1	1
duma	confirmed	22	22
dupan	confirmed	2	2
dupun	confirmed	4	4
duri	confirmed	49	43
duuy	confirmed	4	4
duwa	confirmed	2	2
dwauwa	confirmed	5	5
dxgal	confirmed	49	42
dyami	confirmed	2	2
dyamu	confirmed	6	6
eduk	confirmed	1	1
eelu	confirmed	1	1
eeru	confirmed	1	1
efunang	confirmed	1	1
ega	unconfirmed	1	0
egu	confirmed	1	1
ekan	confirmed	10	10
eku	confirmed	1	0
elealang	confirmed	9	8
elug	confirmed	83	75
emaan	confirmed	8	8
embabaw	confirmed	1	1
embaga	confirmed	3	3
embahang	confirmed	12	10
embahing	confirmed	3	3
embahu	confirmed	1	1
embanah	confirmed	13	13
embarah	confirmed	5	4
embasi	confirmed	4	4
embawa	confirmed	1	1
embbulang	confirmed	1	1
embbuway	unconfirmed	1	0
embiki	confirmed	1	1
embiyax	confirmed	14	14
emblbil	confirmed	2	2
embliqan	confirmed	6	6
embqru	unconfirmed	2	0
embrhug	confirmed	3	3
embrih	confirmed	1	1
embrinah	confirmed	2	2
embruq	confirmed	1	1
embruwa	confirmed	1	1
embsqrul	confirmed	1	1
embsqur	confirmed	1	1
embsu	confirmed	3	3
embubung	confirmed	1	1
embudu	confirmed	1	1
embukaw	confirmed	1	1
embulang	confirmed	1	1
emburung	unconfirmed	1	0
embutul	confirmed	1	1
embuwa	confirmed	1	1
embuway	confirmed	2	2
embuyan	unconfirmed	1	0
empaa su	confirmed	2	1
empaabalay	confirmed	1	1
empaabubu	confirmed	1	1
empaadxgal	confirmed	1	1
empaah	confirmed	2	2
empaahiyi	confirmed	1	1
empaamalu	unconfirmed	1	0
empaamanu	confirmed	6	6
empaayug	confirmed	1	1
empabgu	unconfirmed	1	0
empajiq	confirmed	2	2
empakux	confirmed	3	2
empakuyuh	confirmed	1	1
empanalu	confirmed	3	3
empapix	confirmed	1	1
empaqmpahan	confirmed	1	1
empaqsiya	confirmed	1	1
empasapah	confirmed	1	1
empasnaw	confirmed	1	1
empatas	confirmed	1	1
empbais	confirmed	1	1
empbitaq	confirmed	1	1
empburux	confirmed	1	1
empdahung	confirmed	1	1
empdanga	confirmed	1	1
empdayaw	confirmed	1	1
empdhriq	confirmed	1	1
empdhuq	confirmed	16	16
empeadas	confirmed	2	2
empeaji	confirmed	1	1
empealix	confirmed	1	1
empeama	confirmed	1	1
empeanay	confirmed	1	1
empeasug	confirmed	2	2
empeepiya	confirmed	1	1
empeima	confirmed	1	1
empeimah	confirmed	1	1
empeuda	confirmed	2	2
empeydang	confirmed	2	2
empeysa	confirmed	2	2
empgarang	confirmed	1	1
empgaya	confirmed	1	1
empgdgit	confirmed	1	1
empgdurug	confirmed	2	2
empghiyi	confirmed	3	2
empgluq	confirmed	1	1
empgriq	confirmed	1	1
empgrung	confirmed	3	3
emphaal	confirmed	2	2
emphapuy	confirmed	2	2
emphing	confirmed	3	3
emphlakuh	unconfirmed	1	0
emphnang	confirmed	2	2
emphpah	confirmed	1	1
emphrinas	confirmed	1	0
emphuma	confirmed	3	3
emphuqil	confirmed	9	9
emphuriq	confirmed	1	1
emphuya	confirmed	3	3
empika	confirmed	2	2
empit	confirmed	1	1
empitu	confirmed	8	8
empiya	confirmed	1	1
empiya ka	confirmed	1	1
empkatay	confirmed	1	0
empkduriq	unconfirmed	1	0
empkeeman	confirmed	1	1
empkeudus	confirmed	3	3
empkeungat	confirmed	1	1
empkhada	confirmed	1	1
empkhuway	confirmed	1	1
empklutut	unconfirmed	1	0
empkmarux	unconfirmed	1	0
empknarux	confirmed	1	1
empkrdax	confirmed	1	1
empkreurus	confirmed	1	1
empksaang	confirmed	1	1
empkslaan	unconfirmed	1	0
empkudaw	confirmed	1	1
emplatat	confirmed	1	1
emplhang	confirmed	1	1
emplhlah	confirmed	1	1
emplingis	confirmed	1	1
emplutut	confirmed	2	2
emplxan	unconfirmed	1	0
empnais	confirmed	1	1
empngpung	unconfirmed	1	0
empnhmadan	unconfirmed	1	0
empniqun	confirmed	3	3
empnmu	unconfirmed	2	0
empnmuun	unconfirmed	1	0
emppais	confirmed	1	1
emppeasug	confirmed	1	1
emppqluli	confirmed	1	0
emppquri	confirmed	1	0
empprngaw	confirmed	2	2
emppsdhug	confirmed	1	1
empqapah	confirmed	1	1
empqbling	confirmed	1	1
empqita	confirmed	2	2
empqneuqu	confirmed	2	2
empqpah	confirmed	1	1
empqraqil	confirmed	1	1
empquri	confirmed	1	1
empquyux	confirmed	1	1
empraqat	unconfirmed	1	0
emprdax	confirmed	2	2
emprimu	confirmed	2	2
emprinah	confirmed	1	1
empririh	confirmed	1	1
empriyux	confirmed	1	1
empruq	confirmed	4	4
emprut	confirmed	1	1
empsalu	confirmed	2	2
empsangay	confirmed	1	1
empsbiyuq	unconfirmed	1	0
empsbngux	confirmed	1	1
empsburaw	confirmed	2	2
empscilux	confirmed	1	1
empsdara	confirmed	2	2
empsdhug	confirmed	1	1
empsdka	confirmed	3	3
empsdungus	unconfirmed	2	0
empshada	confirmed	3	3
empshjil	confirmed	2	2
empskagul	confirmed	2	2
empskaya	confirmed	2	1
empskraya	confirmed	1	1
empskribut	confirmed	1	1
empslangan	unconfirmed	1	0
empslbu	unconfirmed	1	0
empslhbun	confirmed	2	2
empslhlah	confirmed	1	1
empsnama	confirmed	1	0
empsneanak	unconfirmed	1	0
empsnegul	confirmed	3	3
empspala	confirmed	1	1
empsparu	confirmed	2	2
empsqaras	confirmed	1	0
empsqrinut	confirmed	1	1
empsqrul	confirmed	1	0
empsramal	confirmed	1	1
empsrnabaw	confirmed	1	1
empsru	confirmed	3	3
empstrung	confirmed	1	1
empswiwil	confirmed	3	3
emptbagun	confirmed	1	1
emptduwa	confirmed	2	1
emptgamil	confirmed	1	1
emptgmaxun	confirmed	1	1
emptgsa	confirmed	1	1
emptkeangal	confirmed	1	1
emptpusu	confirmed	1	1
emptqsurux	confirmed	2	2
emptquli	confirmed	1	1
emptrawah	confirmed	1	1
emptseejiq	confirmed	1	1
emptucing	confirmed	1	1
empungu	confirmed	2	2
empunu	confirmed	4	4
empurah	confirmed	1	1
empurug	confirmed	4	4
empusal	confirmed	7	7
emputung	confirmed	1	1
empweela	confirmed	4	4
empxal	confirmed	2	2
emu	confirmed	5	5
enduk	confirmed	8	7
endwai	confirmed	1	1
erut	confirmed	7	5
esig	confirmed	2	1
esuan	confirmed	2	2
ga	confirmed	238	225
gaaw	confirmed	1	1
gaga	confirmed	30	26
gaing	confirmed	11	11
gakat	confirmed	3	2
galiq	confirmed	12	11
gamil	confirmed	2	2
gaqat	unconfirmed	2	0
gasil	confirmed	15	13
gasulin	confirmed	2	1
gasut	confirmed	1	1
gaya	confirmed	19	16
gbingun	confirmed	1	1
gbiyan	confirmed	3	3
gdgdan	confirmed	1	1
gdrgan	confirmed	2	2
gealu	confirmed	2	2
geegi	confirmed	1	1
geeguy	confirmed	3	3
geuyan	confirmed	1	1
geuyun	confirmed	1	1
ggarang	confirmed	1	1
gghak	confirmed	1	1
ggitan	unconfirmed	1	0
ggrig	confirmed	1	1
ggtgut	confirmed	1	1
ghak	confirmed	6	6
gigit	confirmed	1	1
giji	confirmed	1	0
gimi	confirmed	3	3
gimun	confirmed	3	3
gipu	confirmed	1	1
gisu	confirmed	14	12
giyas	confirmed	2	2
glaani	confirmed	2	2
glqani	confirmed	2	2
glu	confirmed	2	2
gluban	confirmed	2	2
gmaaw	confirmed	2	2
gmabul	confirmed	1	1
gmarang	confirmed	2	2
gmaxan	confirmed	2	2
gmdadak	confirmed	1	1
gmdgut	confirmed	1	1
gmealu	confirmed	3	3
gmeeguy	confirmed	5	4
gmeelug	confirmed	2	2
gmhak	confirmed	2	2
gmiya	confirmed	1	1
gmlihug	confirmed	1	1
gmnaliq	unconfirmed	1	0
gmneeguy	confirmed	3	3
gmqahur	confirmed	1	1
gmqur	confirmed	1	1
gmquwaq	unconfirmed	3	0
gmraka	confirmed	1	1
gmriq	confirmed	1	1
gmriqi	confirmed	1	1
gmuki	confirmed	1	1
gmutu	confirmed	2	2
gnama	confirmed	2	2
gndara	confirmed	3	3
gndriqan	confirmed	2	2
gnealu	confirmed	3	3
gneegan	confirmed	2	2
gneeliq	unconfirmed	1	0
gneelug	confirmed	1	1
gngnealu	confirmed	1	1
gnhiyi	confirmed	2	2
gnhpan	confirmed	1	1
gnkla	confirmed	1	1
gnklaan	confirmed	1	1
gnlaan	confirmed	1	1
gnlqan	unconfirmed	2	0
gnluban	confirmed	7	7
gnluq	confirmed	1	1
gnlux	confirmed	1	1
gnmaxan	confirmed	2	1
gnqur	confirmed	2	2
gnrbuk	confirmed	2	2
gnsal	confirmed	6	6
gntrabus	confirmed	2	2
gnwit	unconfirmed	1	0
gqrun	confirmed	1	1
gqsahur	confirmed	1	1
grand	unconfirmed	1	0
grandeur	unconfirmed	1	0
grangan	confirmed	2	2
graqun	unconfirmed	1	0
grig	confirmed	1	1
grigan	confirmed	4	2
grigun	confirmed	1	1
griqan	confirmed	2	2
grman	confirmed	1	1
grmun	confirmed	2	2
grngani	confirmed	1	1
grung	confirmed	1	1
gsilung	confirmed	8	6
gtgut	confirmed	2	2
gtuun	confirmed	1	1
gumuk	confirmed	1	1
gupun	confirmed	16	16
gutu	confirmed	1	1
gxal	confirmed	2	2
gygaya	confirmed	4	2
ha	confirmed	2	0
habuk	confirmed	3	3
hadun	confirmed	2	2
haduran	confirmed	8	7
haduri	unconfirmed	1	0
hakaw	confirmed	9	9
halus	confirmed	1	1
han	confirmed	29	22
hana	confirmed	14	10
handulu	unconfirmed	1	0
hane	confirmed	1	0
hangan	confirmed	15	15
hapuy	confirmed	2	2
hari	confirmed	101	95
harung	confirmed	8	7
hawan	confirmed	2	2
haya	confirmed	9	9
hbagun	confirmed	1	1
hbangan	confirmed	1	1
hbaraw	confirmed	25	22
hbiyan	confirmed	1	1
hbki	confirmed	1	1
hbragan	confirmed	1	1
hbraw	confirmed	1	1
hbugi	unconfirmed	1	0
hcian	confirmed	3	3
hcii	confirmed	1	1
hciun	confirmed	3	3
hdayu	confirmed	5	4
hghgan	confirmed	1	1
hgliqun	confirmed	1	1
hglqun	confirmed	1	1
hhadur	confirmed	2	1
hhilaw	confirmed	1	0
hhmadan	unconfirmed	2	0
hhtran	unconfirmed	1	0
hhulis	confirmed	1	1
hhuma	confirmed	3	2
hhuqil	confirmed	1	1
hi	confirmed	2	0
hici	confirmed	27	24
hidaw	confirmed	58	55
hidi	confirmed	2	2
hilaw	confirmed	1	1
hili	confirmed	1	1
hini	confirmed	50	48
hirang	confirmed	7	7
hiraw	confirmed	8	8
hiya	confirmed	154	134
hiyi	confirmed	110	103
hiyu	confirmed	1	1
hjiyal	confirmed	1	1
hjyali	confirmed	1	1
hkagun	confirmed	1	1
hkawas	confirmed	13	12
hki	confirmed	1	0
hlakuh	unconfirmed	1	0
hlama	confirmed	2	2
hlay	confirmed	2	2
hlayan	confirmed	4	4
hlayun	confirmed	3	3
hlhuling	confirmed	1	1
hlingan	unconfirmed	1	0
hlisan	confirmed	3	3
hlpis	confirmed	2	2
hlpisan	confirmed	1	1
hma	confirmed	5	4
hmaan	confirmed	9	7
hmadan	confirmed	1	1
hmadut	confirmed	2	2
hmai	confirmed	2	2
hmaluy	confirmed	1	1
hmaqul	confirmed	1	1
hmaun	confirmed	8	8
hmbuy	confirmed	5	5
hmgliq	confirmed	1	0
hmgluq	confirmed	1	1
hmgut	confirmed	1	1
hmici	confirmed	3	2
hmjil	confirmed	1	1
hmkan	confirmed	3	3
hmkraw	confirmed	2	2
hmkrig	confirmed	2	2
hmlisan	confirmed	1	1
hmrapas	confirmed	2	2
hmrig	confirmed	1	1
hmrinas	confirmed	2	2
hmru	confirmed	1	1
hmurah	confirmed	1	1
hmurit	confirmed	1	1
hmut	confirmed	72	69
hmuya	confirmed	22	19
hnaluy	confirmed	1	1
hnang	confirmed	3	3
hnbiyan	confirmed	3	3
hnbuy	confirmed	1	1
hncian	confirmed	1	1
hndu	confirmed	5	5
hneghaw	confirmed	1	1
hnegliq	confirmed	1	1
hnegluq	confirmed	2	1
hngak	confirmed	4	4
hngali	confirmed	8	8
hngkawas	confirmed	25	22
hngut	confirmed	1	1
hnici	confirmed	5	5
hnigan	confirmed	5	4
hniru	confirmed	1	1
hnjilan	confirmed	3	3
hnjiyal	confirmed	1	0
hnjyalan	confirmed	1	1
hnqilan	confirmed	2	2
hntran	confirmed	2	2
hntur	confirmed	1	1
hnu	confirmed	1	1
hnuk	confirmed	1	1
hnut	confirmed	2	1
hnuya	confirmed	4	3
hpuyun	confirmed	1	0
hqilan	confirmed	4	3
hqulan	confirmed	1	1
hqulun	confirmed	1	1
hraan	confirmed	5	5
hrahun	confirmed	1	1
hrapas	confirmed	1	1
hridan	confirmed	2	2
hridun	confirmed	1	1
hrii	confirmed	2	1
hriji	confirmed	1	1
hrnasan	confirmed	1	1
hrnasun	confirmed	2	2
hrpasan	confirmed	11	10
hru	confirmed	1	1
hruan	confirmed	2	2
hrui	confirmed	1	1
hrus	confirmed	1	1
htrani	confirmed	1	1
hu	confirmed	245	219
huaw	confirmed	2	2
huda	confirmed	2	2
hukut	confirmed	3	3
huling	confirmed	21	19
hulis	confirmed	4	4
huma	confirmed	2	2
huqil	confirmed	3	3
hurah	confirmed	1	1
huriq	confirmed	1	1
hurit	confirmed	1	1
hus	confirmed	2	2
huway	confirmed	1	1
huya	confirmed	25	24
huyu	confirmed	1	1
hwinuk	confirmed	4	4
hyaan	confirmed	50	45
hyaun	confirmed	13	13
hyhiyi	confirmed	7	5
i	confirmed	4	4
iban	confirmed	11	10
ibuq	confirmed	5	3
ida	confirmed	224	194
idas	confirmed	14	14
idaw	confirmed	25	23
ihing	confirmed	1	1
iisu	unconfirmed	1	0
iiyah	confirmed	1	1
ima	confirmed	123	108
imah	confirmed	3	3
imai	unconfirmed	2	0
imin	confirmed	3	3
ina	confirmed	11	10
ingay	confirmed	7	6
ini	confirmed	571	529
iniku	unconfirmed	1	0
inu	confirmed	102	96
iq	confirmed	4	4
iraq	confirmed	5	5
iril	confirmed	5	3
isil	confirmed	15	13
isu	confirmed	151	137
isuka	unconfirmed	1	0
ita	confirmed	32	31
iwal	confirmed	6	5
ixan	confirmed	6	6
iyax	confirmed	44	39
iyaxan	confirmed	1	1
iying	confirmed	1	1
iyus	confirmed	1	1
iyux	confirmed	6	5
jes	confirmed	1	1
jiita	confirmed	1	1
jijil	confirmed	1	1
jima	confirmed	11	11
jiru	confirmed	3	3
jiyan	confirmed	22	20
jiyax	confirmed	76	68
jiyi	confirmed	3	3
jiyujika	confirmed	1	1
jiyun	confirmed	7	7
jyagan	confirmed	1	1
jyagi	confirmed	20	16
jyagun	confirmed	2	2
k	confirmed	3	3
ka	confirmed	3595	3224
kacing	confirmed	67	63
kadang	confirmed	2	1
kaguh	confirmed	1	0
kahui	unconfirmed	1	0
kaisia	unconfirmed	1	0
kaityu	confirmed	1	1
kaji	confirmed	2	2
kakuh	unconfirmed	1	0
kalat	confirmed	7	7
kana	confirmed	434	372
kani	confirmed	2	2
kaon	unconfirmed	1	0
karang	confirmed	1	1
karat	confirmed	26	21
karaw	confirmed	2	2
kari	confirmed	119	107
kasayang	unconfirmed	1	0
kasi	confirmed	7	7
kawas	confirmed	3	3
kaway	confirmed	12	10
kayagan	confirmed	2	2
kayu	confirmed	1	1
kbahing	confirmed	1	1
kbalay	confirmed	1	1
kbanah	confirmed	3	3
kbaraw	confirmed	1	1
kbawa	confirmed	1	1
kbgurah	confirmed	1	1
kbiyax	confirmed	1	1
kbkuy	confirmed	7	7
kbsqur	confirmed	1	1
kbsrat	unconfirmed	1	0
kbubung	confirmed	1	1
kbuwa	confirmed	1	1
kbuyun	confirmed	1	1
kcilux	confirmed	2	2
kciyan	confirmed	6	5
kdagan	confirmed	1	1
kdagun	confirmed	2	2
kdakil	confirmed	1	1
kdax	confirmed	1	1
kdgril	confirmed	1	1
kdjiyax	confirmed	39	38
kdka	confirmed	2	1
kdngaan	confirmed	3	1
kdngil	confirmed	1	1
kdngu	confirmed	2	2
kdrumut	confirmed	2	2
kdusan	confirmed	3	2
keaguhun	confirmed	2	2
keekan	confirmed	6	5
keeman	confirmed	21	21
keisug	confirmed	9	8
keiyaw	confirmed	1	1
keudus	confirmed	1	0
keuwit	confirmed	3	3
kgimax	confirmed	1	1
kgriq	confirmed	1	1
kgrung	confirmed	1	1
kguhan	confirmed	1	1
kguhun	confirmed	1	1
kgusi	confirmed	2	1
khada	confirmed	3	3
khaya	confirmed	8	4
khbaraw	confirmed	1	1
khibung	confirmed	1	1
khidaw	confirmed	1	1
khnu	confirmed	13	12
khnuk	confirmed	2	2
khuaw	confirmed	1	1
khungul	confirmed	1	1
khuriq	unconfirmed	1	0
khuway	confirmed	3	2
khuya	confirmed	2	2
ki	confirmed	14	14
kida	confirmed	2	2
kii	confirmed	7	7
kiima	unconfirmed	1	0
kiinu	confirmed	1	1
kika	confirmed	77	65
kikay	confirmed	1	1
kimi	confirmed	1	1
kinai	confirmed	1	1
kingal	confirmed	164	148
kisa	confirmed	1	1
kita	confirmed	8	8
kiya	confirmed	271	248
kjiraw	confirmed	2	2
kjiyax	confirmed	10	8
kkakuh	unconfirmed	1	0
kkaraw	confirmed	1	1
kkdusan	unconfirmed	1	0
kkeudus	confirmed	1	1
kkita	confirmed	2	1
kkla	confirmed	2	2
kkrang	unconfirmed	1	0
kksiyuk	confirmed	1	1
kkslabang	unconfirmed	1	0
kkumay	confirmed	1	1
kla	confirmed	61	57
klaan	confirmed	2	1
klabi	confirmed	1	1
klai	confirmed	11	10
klaun	confirmed	25	23
klaway	confirmed	1	1
klbiyun	confirmed	1	1
klgan	confirmed	5	5
klhkah	confirmed	1	1
klilug	confirmed	3	3
kliwang	confirmed	1	1
kliyut	confirmed	8	7
klkari	unconfirmed	3	0
klngu	confirmed	1	0
klulu	unconfirmed	5	0
klwaan	confirmed	2	2
klwaun	confirmed	1	1
klwiun	confirmed	2	2
kmalu	confirmed	5	5
kmaluh	unconfirmed	1	0
kman	confirmed	6	5
kmaraw	confirmed	3	3
kmari	confirmed	1	1
kmbarig	confirmed	3	3
kmbiyax	confirmed	2	2
kmbkiyan	confirmed	1	1
kmblbil	confirmed	2	2
kmbragan	confirmed	2	1
kmbuwax	confirmed	1	1
kmbuway	confirmed	1	1
kmbyanan	unconfirmed	2	0
kmdamat	confirmed	3	3
kmdhuq	confirmed	1	1
kmeaguh	confirmed	1	1
kmgus	confirmed	1	1
kmhmut	confirmed	4	4
kmhmutan	confirmed	1	1
kmhuma	confirmed	1	1
kmimah	confirmed	2	2
kmkan	confirmed	4	4
kmkbahang	unconfirmed	1	0
kmkmalu	unconfirmed	1	0
kmlawa	confirmed	5	5
kmnarux	confirmed	4	4
kmneaguh	confirmed	1	1
kmpais	confirmed	1	1
kmpama	confirmed	1	1
kmpatas	confirmed	2	2
kmpaux	confirmed	2	2
kmpdamat	confirmed	1	1
kmpeasug	confirmed	1	1
kmpeysa	confirmed	1	1
kmpgrig	confirmed	1	1
kmphuma	confirmed	2	2
kmphuqil	confirmed	1	1
kmpitu	confirmed	1	1
kmpkdakil	confirmed	1	1
kmpkdra	confirmed	1	1
kmpkrdax	confirmed	1	1
kmpniqan	confirmed	1	1
kmpowsa	confirmed	2	2
kmpriyux	confirmed	2	2
kmpryuxan	confirmed	2	2
kmpsalu	confirmed	1	1
kmpshada	confirmed	1	1
kmpskgulun	confirmed	2	2
kmpspung	confirmed	1	1
kmpspusu	unconfirmed	1	0
kmpstrngun	unconfirmed	1	0
kmpstrung	confirmed	1	1
kmptgxalun	confirmed	1	1
kmptucing	confirmed	1	1
kmptuhan	confirmed	3	2
kmpuqun	confirmed	1	1
kmqmita	confirmed	1	1
kmqqada	confirmed	1	1
kmrisuh	confirmed	1	1
kmrut	confirmed	2	2
kmsais	confirmed	1	1
kmsalu	confirmed	1	1
kmsbaang	confirmed	1	1
kmsiyuk	confirmed	8	8
kmspusu	confirmed	1	0
kmstrung	confirmed	1	1
kmtabug	confirmed	1	1
kmtakur	confirmed	2	2
kmtgsa	confirmed	1	1
kmtgxal	confirmed	1	1
kmttgxal	confirmed	1	0
kmtucing	confirmed	1	1
kmtuy	confirmed	2	2
kmubui	unconfirmed	1	0
kmudaw	confirmed	1	1
kmuluh	confirmed	1	1
kmusa	confirmed	7	6
kmux	confirmed	4	2
kmxalan	confirmed	11	11
knalu	confirmed	1	1
knan	confirmed	37	34
knarux	confirmed	1	1
knbanah	confirmed	1	1
knbaraw	confirmed	1	1
knbhgay	confirmed	1	1
knbhgayan	confirmed	1	1
knbiyaxan	confirmed	1	1
knbkiyan	confirmed	3	3
knblaqan	confirmed	1	1
knbliqan	confirmed	1	1
knbnahan	confirmed	2	2
knbragan	confirmed	3	3
knbsrat	unconfirmed	1	0
knbsu	confirmed	1	1
knbukaw	confirmed	1	1
knbukuy	confirmed	1	1
kncilux	confirmed	2	2
kndadax	confirmed	3	3
kndawi	confirmed	1	1
knddaxan	confirmed	2	2
kndduwaan	confirmed	1	1
kndgril	confirmed	1	1
kndgrlan	confirmed	1	1
kndhuq	confirmed	1	1
kndkaan	confirmed	1	1
kndkaran	confirmed	1	1
kndkilan	confirmed	4	4
kndmatan	confirmed	1	1
kndngaan	confirmed	1	1
kndngdang	confirmed	1	1
kndngilan	confirmed	1	1
kndrgan	unconfirmed	1	0
kndrmtan	confirmed	1	1
kndrumut	confirmed	3	3
kndsan	confirmed	5	5
kndutu	unconfirmed	1	0
knduwaan	confirmed	2	2
kndux	confirmed	1	1
kndxan	confirmed	2	2
kneaguh	confirmed	2	2
kneaguhan	confirmed	1	1
kneudus	confirmed	1	1
kngkla	confirmed	11	11
kngungu	confirmed	5	4
kngusan	unconfirmed	2	0
knhbragan	confirmed	1	1
knhgliqan	confirmed	1	1
knhgun	unconfirmed	1	0
knhlpisan	confirmed	2	2
knhmtan	confirmed	4	4
knhridan	confirmed	1	1
knhrsan	confirmed	1	1
knhuran	confirmed	1	1
knhuway	confirmed	4	2
knhwayun	confirmed	2	2
knihur	confirmed	1	1
knjyanan	confirmed	1	1
knkingal	confirmed	7	3
knkla	confirmed	1	1
knkmanan	confirmed	1	1
knkmuyuh	unconfirmed	1	0
knkrayan	confirmed	2	2
knktmai	confirmed	1	1
knlala	confirmed	5	4
knlbangan	confirmed	1	1
knlbayan	confirmed	1	1
knlbuan	confirmed	5	5
knlhkahan	confirmed	1	1
knliwang	confirmed	2	2
knluus	unconfirmed	1	0
knluusan	unconfirmed	1	0
knlwaan	confirmed	1	1
knmalu	confirmed	8	7
knnakan	confirmed	1	1
knnama	confirmed	1	1
knnarux	confirmed	3	3
knngnguan	unconfirmed	1	0
knngungu	confirmed	1	0
knngunguan	confirmed	1	1
knnraan	unconfirmed	1	0
knpais	confirmed	1	1
knpaisan	confirmed	1	1
knpajiq	unconfirmed	1	0
knparu	confirmed	3	3
knpraan	confirmed	5	4
knpsais	confirmed	1	1
knpspruq	confirmed	1	0
knqrinutan	confirmed	2	2
knrdanan	confirmed	2	2
knrdaxan	confirmed	1	1
knrian	confirmed	5	5
knrikit	confirmed	1	1
knrisaw	confirmed	2	2
knriwa	confirmed	18	17
knriyan	confirmed	1	1
knrmnan	confirmed	1	1
knrmun	confirmed	4	4
knrnaan	confirmed	1	1
knrsagan	confirmed	1	1
knrtan	confirmed	1	1
knrudan	confirmed	2	2
knsa	confirmed	1	1
knsaan	confirmed	1	1
knsais	confirmed	1	1
knsalu	confirmed	1	1
knsat	confirmed	2	2
knsblaqan	confirmed	1	1
knsblayan	confirmed	1	1
knsblsan	unconfirmed	2	0
knsbusan	unconfirmed	2	0
knsdhriqan	confirmed	1	1
knsdmatan	confirmed	1	1
knsdraan	unconfirmed	1	0
knseejiq	confirmed	2	2
knseesu	confirmed	1	1
knseiyaxan	confirmed	1	1
knseura	confirmed	1	1
knsgan	confirmed	3	2
knshiya	confirmed	3	3
knshjil	confirmed	2	2
knshjilan	confirmed	1	1
knshyaan	confirmed	1	1
knsibus	confirmed	1	1
knsiyuk	confirmed	1	1
knskiyan	confirmed	7	5
knslaan	unconfirmed	1	0
knslikaw	confirmed	1	1
knsliqan	confirmed	1	1
knslkagan	confirmed	1	0
knsmayan	confirmed	1	1
knsnagan	confirmed	1	1
knspatan	confirmed	1	1
knsqaan	confirmed	2	2
knsrhagan	unconfirmed	1	0
knssgan	confirmed	1	1
knsttuan	unconfirmed	1	0
knsupu	unconfirmed	1	0
knsuyang	confirmed	7	4
knsyangan	confirmed	1	1
knsyukan	confirmed	2	2
kntbnaw	confirmed	1	1
kntbrnahan	unconfirmed	1	0
kntbyaxan	confirmed	1	1
kntdhuan	unconfirmed	1	0
kntduwa	confirmed	1	1
knteetu	confirmed	21	20
kntglaan	unconfirmed	1	0
kntgmilan	unconfirmed	1	0
knthiyaq	confirmed	1	1
knthuk	confirmed	3	3
kntlxan	confirmed	11	8
kntmaan	confirmed	1	1
kntruan	confirmed	2	2
knudaw	confirmed	1	1
knungat	confirmed	1	1
knuruh	confirmed	2	2
knuwa	confirmed	1	1
knuwaan	confirmed	3	3
knuwan	confirmed	40	38
knux	confirmed	3	3
knuyuh	confirmed	1	1
knxalan	confirmed	3	3
kpajiq	unconfirmed	1	0
kparu	confirmed	3	3
kpauxi	unconfirmed	1	0
kragan	confirmed	2	1
kragun	confirmed	1	1
kramil	confirmed	1	1
krana	confirmed	1	1
krawah	confirmed	2	2
kray	confirmed	1	0
krayan	confirmed	3	2
krci	confirmed	1	1
krdax	confirmed	1	1
krhan	confirmed	2	1
krhun	unconfirmed	1	0
krian	confirmed	2	2
krii	confirmed	1	1
krikit	confirmed	1	1
krikut	unconfirmed	1	0
krtan	confirmed	3	3
krtun	confirmed	1	1
krubaw	confirmed	5	4
krwahi	confirmed	1	1
ksa	confirmed	18	18
ksaan	confirmed	5	5
ksaun	confirmed	1	1
ksaw	confirmed	3	3
ksbilaq	confirmed	1	1
ksblus	confirmed	1	1
ksdhriq	confirmed	1	1
ksgun	confirmed	2	2
kshaya	confirmed	6	4
kshiya	confirmed	2	1
kshjil	confirmed	1	1
ksi	confirmed	1	1
ksibus	confirmed	2	2
kska	confirmed	14	12
kskuy	confirmed	3	3
kslaan	confirmed	1	1
kslikaw	confirmed	1	1
ksnani	confirmed	1	1
ksramal	confirmed	1	1
ksudan	unconfirmed	3	0
ksugun	confirmed	10	9
ksun	confirmed	27	25
ksyukay	confirmed	1	1
ksyukun	confirmed	1	1
ktakur	confirmed	1	1
ktalux	confirmed	1	1
ktbnaw	confirmed	1	1
kthngay	confirmed	1	1
ktngi	confirmed	1	1
ktutuy	confirmed	1	1
ktuy	confirmed	1	1
ku	confirmed	774	719
kuduh	confirmed	1	1
kudyu	confirmed	1	1
kuhat	confirmed	2	2
kukuh	confirmed	1	1
kukul	confirmed	3	3
kulaw	confirmed	3	3
kulu	confirmed	2	2
kuluk	confirmed	2	2
kumay	confirmed	5	5
kumu	confirmed	1	1
kuna	confirmed	1	1
kuni	confirmed	2	2
kuras	confirmed	1	1
kuray	confirmed	4	4
kusa	confirmed	9	9
kusuy	confirmed	2	2
kuung	confirmed	1	1
kuwi	confirmed	6	6
kuxul	confirmed	42	39
kuyuh	confirmed	45	40
kuyuhan	confirmed	7	6
kwaxi	confirmed	1	1
kwaxun	confirmed	1	1
kykuyuh	confirmed	3	3
kyuqan	unconfirmed	1	0
labang	confirmed	1	1
labis	confirmed	1	1
lala	confirmed	22	21
lalay	confirmed	1	1
lapa	confirmed	1	1
laqi	confirmed	265	240
latat	confirmed	3	3
lauken	confirmed	4	4
laun	confirmed	3	3
lautan	confirmed	3	1
lawa	confirmed	3	3
laxi	confirmed	5	5
laxun	confirmed	1	1
lbangan	confirmed	1	1
lblak	confirmed	2	2
lblaq	confirmed	3	3
lblubuy	confirmed	3	3
lbu	confirmed	8	8
lbuan	confirmed	6	5
lgluq	unconfirmed	1	0
lhang	confirmed	2	2
lhangan	confirmed	1	1
lhayan	confirmed	2	2
lhbun	confirmed	9	9
lhlah	confirmed	1	1
lhlahun	confirmed	1	1
lhlih	confirmed	1	1
lhlihan	confirmed	2	2
lhngaw	confirmed	3	3
libu	confirmed	3	3
lihang	confirmed	4	4
lihaw	confirmed	6	6
liing	confirmed	1	1
likaw	confirmed	2	1
limuk	confirmed	1	1
lingay	confirmed	1	1
lingis	confirmed	2	2
lingun	confirmed	1	1
lita	confirmed	2	2
lituk	confirmed	5	5
liwang	confirmed	1	1
liwaq	confirmed	2	2
liwas	confirmed	8	8
liwis	confirmed	8	8
liyus	confirmed	1	1
lklukus	confirmed	8	8
llabang	confirmed	5	5
llabis	unconfirmed	1	0
llgan	confirmed	1	1
llgani	confirmed	1	1
llihaw	unconfirmed	3	0
llingay	confirmed	3	2
llnglung	confirmed	1	1
llongai	unconfirmed	1	0
llpax	confirmed	1	1
llulung	unconfirmed	1	0
lmabu	confirmed	1	0
lmamu	confirmed	2	2
lmhang	confirmed	1	1
lmhlah	confirmed	1	1
lmhlih	confirmed	1	1
lmiing	confirmed	2	2
lmingis	confirmed	7	7
lmiwaq	confirmed	1	1
lmnglung	confirmed	16	16
lmuan	confirmed	3	3
lmui	confirmed	1	1
lmutut	confirmed	1	1
lnamu	confirmed	1	1
lngisan	confirmed	2	2
lngiyan	unconfirmed	1	0
lnglung	confirmed	17	16
lnglungan	confirmed	73	68
lnglungi	confirmed	2	1
lnglungun	confirmed	1	1
lniing	confirmed	1	0
lnnglung	confirmed	1	1
lnpax	confirmed	1	1
lntadan	confirmed	6	5
loai	unconfirmed	2	0
lowking	confirmed	3	2
lpan	confirmed	1	1
lpaxan	confirmed	1	1
lpi	confirmed	7	7
lqian	confirmed	8	8
lqlaqi	confirmed	53	46
lqlqian	confirmed	5	4
ltlutut	confirmed	1	1
ltudan	confirmed	2	2
lubaq	confirmed	1	1
lubuy	confirmed	29	25
lubyak	confirmed	4	4
luhay	confirmed	10	7
lukus	confirmed	73	63
lulung	confirmed	3	3
lumak	confirmed	8	8
lungat	unconfirmed	1	0
lungaw	confirmed	9	9
lupung	confirmed	3	3
luqi	confirmed	4	4
luqih	confirmed	13	11
lusuk	confirmed	1	1
lutut	confirmed	1	1
luulan	confirmed	1	1
luun	confirmed	1	1
luus	confirmed	3	3
lwaqi	confirmed	1	1
lxan	confirmed	5	5
lxani	confirmed	1	1
lxi	confirmed	3	3
m	confirmed	2	2
ma	confirmed	103	89
maabaga	confirmed	1	1
maabeeba	confirmed	1	1
maangal	confirmed	1	1
maauwa	confirmed	1	1
mabais	confirmed	1	1
mabal	confirmed	3	3
mabanah	confirmed	1	1
mabgu	confirmed	1	1
mabubu	confirmed	1	1
madara	confirmed	1	1
madas	confirmed	3	1
maduk	confirmed	8	7
maha	confirmed	1	1
mahan	confirmed	3	3
mahaw	confirmed	1	1
mahay	confirmed	2	2
mahu	confirmed	1	1
mahun	confirmed	12	12
maisu	unconfirmed	1	0
makai	unconfirmed	1	0
maku	confirmed	2	2
malah	confirmed	4	3
malan	confirmed	1	1
malix	confirmed	3	3
malu	confirmed	169	154
malun	confirmed	1	1
mami	confirmed	3	3
manay	confirmed	1	1
mangal	confirmed	16	16
manu	confirmed	230	201
mapa	confirmed	15	15
mapais	confirmed	1	1
mapala	confirmed	1	1
mapiya	confirmed	1	1
mapusu	confirmed	1	1
maria	confirmed	1	1
marig	confirmed	8	8
masa	confirmed	2	2
masaq	confirmed	2	2
maspat	confirmed	8	8
masu	confirmed	35	32
masuyang	confirmed	1	1
matama	confirmed	1	0
mataru	confirmed	6	6
matas	confirmed	34	33
matrima	confirmed	1	1
maxal	confirmed	29	29
mayug	confirmed	1	1
mayus	confirmed	1	1
mbalay	confirmed	1	1
mbarig	confirmed	4	3
mbbais	confirmed	1	0
mblaiq	confirmed	5	4
mbuwax	confirmed	1	1
mcilux	confirmed	4	4
mcinun	confirmed	5	5
mcsdamat	confirmed	1	1
mcsgasut	confirmed	1	1
mdaaw	confirmed	1	1
mdadak	confirmed	1	1
mdakar	confirmed	1	1
mdakil	confirmed	2	2
mdalih	confirmed	2	2
mdaling	confirmed	1	1
mdamux	confirmed	1	1
mdanga	confirmed	1	1
mdawi	confirmed	5	5
mdayaw	confirmed	2	2
mddayaw	confirmed	1	0
mdduuy	confirmed	2	2
mdduwa	confirmed	1	1
mdgiyal	confirmed	1	1
mdgril	confirmed	1	1
mdha	confirmed	3	3
mdhriq	confirmed	2	2
mdhug	confirmed	1	1
mdka	confirmed	6	6
mdngdang	confirmed	2	2
mdngil	confirmed	2	2
mdngu	confirmed	2	2
mdowriq	confirmed	2	2
mdrumut	confirmed	1	1
mdrut	confirmed	1	1
mdudul	confirmed	3	3
mdungus	confirmed	1	1
mdurun	confirmed	3	3
mduuy	confirmed	4	4
mduwa	confirmed	1	1
mdxgal	confirmed	1	1
meaji	confirmed	3	3
meayung	confirmed	1	1
meelug	confirmed	1	1
meetung	confirmed	1	1
meiluq	confirmed	4	4
meiyah	confirmed	1	1
meiyaw	confirmed	2	2
meq	unmapped	1	0
meudus	confirmed	10	10
meurat	confirmed	1	1
meuray	confirmed	2	2
meuwit	confirmed	12	12
meuxul	confirmed	6	5
meydang	confirmed	8	8
meysa	confirmed	4	4
meytaq	confirmed	2	2
mgabal	confirmed	1	1
mgakat	confirmed	1	1
mgangah	unconfirmed	1	0
mgarang	confirmed	1	1
mgaya	confirmed	2	2
mgdgit	confirmed	1	1
mgdhug	confirmed	2	2
mgealu	confirmed	1	1
mggaluk	confirmed	2	1
mggealu	confirmed	2	2
mggui	unconfirmed	1	0
mghak	confirmed	1	1
mghiyi	confirmed	1	0
mgimax	confirmed	1	1
mgiying	confirmed	1	1
mgkala	confirmed	4	3
mgrahul	confirmed	6	5
mgrbu	confirmed	12	12
mgrig	confirmed	3	3
mgriq	confirmed	3	3
mgrung	confirmed	2	2
mgska	confirmed	1	1
mgspung	confirmed	1	1
mgul	confirmed	1	1
mguy	unconfirmed	1	0
mgxal	confirmed	1	1
mha	confirmed	153	141
mhaal	confirmed	3	3
mhada	confirmed	4	4
mhadur	confirmed	1	1
mhakaw	confirmed	1	1
mhapuy	confirmed	4	4
mhdayu	confirmed	1	0
mhdu	confirmed	25	21
mhgliq	confirmed	1	1
mhhuni	confirmed	2	2
mhibung	confirmed	1	1
mhici	confirmed	1	0
mhidaw	confirmed	2	2
mhilaw	confirmed	3	2
mhing	confirmed	2	2
mhini	confirmed	1	1
mhiyi	confirmed	1	1
mhiyu	confirmed	4	3
mhjil	confirmed	1	1
mhmadan	unconfirmed	1	0
mhmut	confirmed	2	2
mhnang	confirmed	1	1
mhnuk	confirmed	4	3
mhrapas	confirmed	5	5
mhraw	confirmed	2	2
mhrinas	confirmed	1	1
mhru	confirmed	2	1
mhrus	confirmed	1	1
mhtur	confirmed	1	1
mhuaw	confirmed	2	2
mhuda	confirmed	1	1
mhukut	confirmed	1	1
mhulis	confirmed	2	2
mhuma	confirmed	4	4
mhungul	confirmed	1	1
mhuqil	confirmed	12	12
mhuriq	confirmed	5	5
mhurit	confirmed	1	1
mhuway	confirmed	3	3
mhuya	confirmed	10	9
mhuyuq	confirmed	1	1
mici	confirmed	1	1
midaw	confirmed	2	2
miharasi	confirmed	1	1
miing	confirmed	19	18
mikat	confirmed	10	9
mimah	confirmed	12	8
mirit	confirmed	19	18
misan	confirmed	5	5
misu	confirmed	64	57
misux	confirmed	1	1
mita	confirmed	58	51
miyah	confirmed	88	79
mjijil	confirmed	1	1
mkahui	unconfirmed	1	0
mkan	confirmed	50	42
mkaraw	confirmed	3	3
mkasi	confirmed	1	1
mkatan	confirmed	1	1
mkatay	confirmed	1	1
mkaxa	confirmed	3	3
mkay	confirmed	1	1
mkbkuy	confirmed	1	1
mkbnaqig	confirmed	1	0
mkbukuy	confirmed	3	3
mkburung	unconfirmed	1	0
mkdaya	confirmed	2	2
mkdha	confirmed	6	6
mkdngu	confirmed	1	1
mkdowras	confirmed	1	1
mkdupan	confirmed	1	1
mkealang	confirmed	7	6
mkeekan	confirmed	11	11
mkeeman	confirmed	1	1
mkefunang	unconfirmed	1	0
mkeiril	confirmed	2	2
mkeisil	confirmed	1	1
mkeudus	confirmed	1	1
mkgabal	confirmed	1	1
mkgarang	confirmed	1	1
mkinu	confirmed	2	2
mkiyux	confirmed	1	1
mkkarang	confirmed	1	1
mkkrang	unconfirmed	1	0
mkksa	confirmed	6	6
mkkuung	confirmed	1	1
mkla	confirmed	37	36
mklawa	confirmed	2	2
mklbay	confirmed	1	1
mkleelug	confirmed	2	2
mklibu	confirmed	1	1
mkluwi	confirmed	1	1
mkmalu	confirmed	2	1
mkmaspat	confirmed	3	3
mkmdhuq	confirmed	1	1
mkmeudus	confirmed	1	1
mkmgeeguy	confirmed	2	2
mkmisan	confirmed	1	1
mkmita	confirmed	1	1
mkmiyah	confirmed	1	1
mkmpaux	confirmed	1	1
mkmphing	confirmed	1	1
mkmpspruq	confirmed	1	0
mkmptgxal	confirmed	1	1
mkmurisaka	confirmed	6	4
mkmusa	confirmed	2	2
mkmuyux	confirmed	1	1
mknarat	confirmed	2	2
mknaxal	confirmed	1	1
mknxal	confirmed	1	1
mkpais	confirmed	1	1
mkpakaw	confirmed	3	3
mkparu	confirmed	2	2
mkphing	confirmed	1	1
mkpitu	confirmed	1	1
mkpiya	confirmed	3	3
mkraaw	confirmed	2	2
mkrabi	confirmed	2	2
mkramil	confirmed	1	1
mkrawah	confirmed	1	1
mkray	confirmed	13	11
mkrbagan	confirmed	2	1
mkrbuk	confirmed	3	3
mkrbung	confirmed	1	1
mkreurus	confirmed	1	1
mkribul	confirmed	2	2
mkrima	confirmed	1	1
mkriqu	confirmed	3	3
mkruh	confirmed	1	1
mkrung	confirmed	1	1
mksa	confirmed	17	16
mksaang	confirmed	1	1
mksaw	confirmed	2	2
mksiisil	unconfirmed	1	0
mksipaw	confirmed	5	4
mksiyaw	confirmed	4	4
mksiyuk	confirmed	1	1
mkspat	confirmed	1	1
mkthiyaq	confirmed	1	1
mktru	confirmed	2	2
mktuy	confirmed	1	1
mkudaw	confirmed	1	1
mkungat	confirmed	1	1
mkuung	confirmed	4	3
mkuy	confirmed	1	1
mkyayung	confirmed	5	5
mlabang	confirmed	1	1
mlabu	confirmed	1	1
mlala	confirmed	1	1
mlamu	confirmed	1	1
mlatat	confirmed	1	1
mlawa	confirmed	2	2
mlbay	confirmed	2	2
mlglug	confirmed	1	1
mlhkah	confirmed	2	2
mlhlah	confirmed	1	0
mlhlih	confirmed	2	2
mlilug	confirmed	1	1
mlingay	confirmed	1	1
mliwang	confirmed	1	1
mliwaq	confirmed	1	1
mlnglung	confirmed	3	2
mlngu	confirmed	1	1
mluhay	confirmed	4	4
mlukus	confirmed	2	2
mluqih	confirmed	2	2
mlutut	confirmed	2	2
mlxan	confirmed	1	1
mmalax	confirmed	1	1
mmalu	confirmed	1	1
mman	unconfirmed	1	0
mmanu	confirmed	1	1
mmeiyah	confirmed	1	1
mmha	confirmed	3	3
mmlux	confirmed	5	5
mmqduriq	confirmed	1	1
mmuda	confirmed	1	1
mmulun	confirmed	1	1
mnadas	confirmed	3	3
mnais	confirmed	1	0
mnalaq	confirmed	3	3
mnalu	unconfirmed	3	0
mnama	confirmed	1	1
mnan	confirmed	5	5
mnanak	confirmed	1	1
mnangal	confirmed	6	5
mnapa	confirmed	1	1
mnaqih	confirmed	2	2
mnarig	confirmed	2	2
mnarih	confirmed	1	1
mnarux	confirmed	53	50
mnataru	confirmed	1	1
mnatas	confirmed	3	2
mnbarah	confirmed	2	2
mnda	confirmed	29	25
mndha	confirmed	3	3
mndngu	confirmed	1	1
mnduk	confirmed	1	1
mnduuy	confirmed	1	1
mnduwa	confirmed	2	2
mnegqguq	confirmed	1	1
mnegul	confirmed	2	2
mnempitu	confirmed	1	1
mnempusal	confirmed	1	1
mneydang	confirmed	2	2
mngaha	confirmed	1	1
mngahan	confirmed	1	1
mngangah	confirmed	3	3
mngari	confirmed	4	4
mngasih	confirmed	3	3
mngdurug	confirmed	1	1
mngraq	confirmed	2	2
mngungu	confirmed	9	7
mngusyeh	unmapped	1	0
mnhmadan	confirmed	1	0
mnhuqil	confirmed	5	5
mnihur	confirmed	4	4
mnimah	confirmed	2	2
mniq	confirmed	5	4
mnisu	confirmed	1	1
mnita	confirmed	2	2
mniyah	confirmed	35	33
mniyak	confirmed	1	1
mnkala	confirmed	1	1
mnkan	confirmed	3	2
mnkbubu	confirmed	1	1
mnkingal	confirmed	1	1
mnkla	confirmed	1	1
mnklabi	confirmed	1	1
mnkleelug	confirmed	1	1
mnkluwi	confirmed	2	0
mnksa	confirmed	3	3
mnksaw	confirmed	1	1
mnktru	confirmed	1	1
mnkuung	confirmed	1	1
mnkyayung	confirmed	2	2
mnlala	confirmed	2	1
mnlamu	confirmed	1	1
mnlatat	confirmed	2	2
mnlglug	confirmed	2	2
mnlu	confirmed	1	1
mnlux	confirmed	2	1
mnmataru	confirmed	1	1
mnnaxal	unconfirmed	1	0
mnngaha	confirmed	1	1
mnngangah	confirmed	1	1
mnpgaya	confirmed	1	1
mnpgealuk	unconfirmed	1	0
mnpitu	unconfirmed	1	0
mnpiya	confirmed	6	6
mnpkdra	confirmed	1	1
mnpkudaw	confirmed	1	1
mnplatat	confirmed	1	1
mnprawah	confirmed	1	1
mnpunu	unconfirmed	1	0
mnpxal	confirmed	1	1
mnqbubu	confirmed	1	1
mnqlit	confirmed	1	1
mnqlqah	confirmed	1	1
mnqqita	confirmed	1	1
mnrima	confirmed	2	2
mnsbngux	confirmed	1	1
mnsdma	confirmed	1	1
mnsgasut	confirmed	1	1
mnsgqguq	confirmed	1	1
mnskluwi	confirmed	1	1
mnsluung	confirmed	1	0
mnsngari	confirmed	1	1
mnspat	confirmed	3	3
mnspi	confirmed	1	1
mnspruq	unconfirmed	1	0
mnssli	confirmed	3	3
mnsslupung	unconfirmed	1	0
mnstrung	confirmed	1	1
mnstuq	confirmed	1	1
mnsunu	confirmed	2	2
mnswayi	confirmed	12	12
mntakur	confirmed	3	3
mntaqi	confirmed	3	3
mntaril	confirmed	1	1
mntatuk	confirmed	1	1
mntjiyal	confirmed	2	2
mntmay	confirmed	2	2
mntraqil	confirmed	1	0
mntru	confirmed	2	2
mnttatuk	confirmed	1	1
mnttlaqel	unconfirmed	1	0
mntucing	confirmed	7	7
mntutuy	confirmed	9	7
mnuqih	confirmed	1	1
mnusa	confirmed	55	48
mnutux	confirmed	1	1
mowsa	confirmed	1	1
mpa	unconfirmed	3	0
mpgeeguy	confirmed	5	5
mpplaq	confirmed	1	1
mpsqlul	unconfirmed	1	0
mputuh	confirmed	3	3
mpyah	unconfirmed	1	0
mqahur	confirmed	1	1
mqalux	confirmed	9	8
mqapah	confirmed	2	1
mqaras	confirmed	9	8
mqbahang	confirmed	2	2
mqbling	confirmed	1	1
mqbubu	confirmed	1	1
mqbulit	confirmed	1	1
mqdgiyaq	confirmed	6	5
mqduriq	confirmed	1	1
mqhnga	confirmed	2	2
mqita	confirmed	5	5
mqlahang	confirmed	2	2
mqmi	confirmed	1	1
mqmphuqil	confirmed	1	1
mqmuq	confirmed	1	1
mqnaqih	confirmed	1	1
mqneuqu	confirmed	3	3
mqpah	confirmed	2	2
mqpuhir	confirmed	3	3
mqqada	confirmed	1	1
mqqita	confirmed	1	1
mqqlang	unconfirmed	1	0
mqquri	confirmed	2	2
mqraq	confirmed	3	3
mqraqil	confirmed	2	2
mqrhiq	confirmed	1	1
mqrinut	confirmed	1	1
mqrip	unconfirmed	1	0
mqriqu	confirmed	4	4
mqrngul	confirmed	1	1
mqthur	confirmed	3	2
mquji	confirmed	1	1
mquri	confirmed	3	3
mqurug	confirmed	1	1
mra	confirmed	1	1
mrahul	confirmed	1	1
mramil	confirmed	1	1
mrana	confirmed	10	10
mrangah	unconfirmed	1	0
mrangi	confirmed	1	1
mrata	confirmed	3	3
mrawah	confirmed	1	1
mrbnaw	confirmed	2	2
mrbuq	unconfirmed	1	0
mrdax	confirmed	1	1
mrdu	confirmed	2	2
mribaq	confirmed	2	1
mrijil	confirmed	2	2
mrikit	confirmed	1	1
mrima	confirmed	1	1
mrimal	confirmed	4	4
mring	confirmed	2	2
mriqi	confirmed	2	2
mririh	confirmed	1	0
mritan	unconfirmed	2	0
mrmirit	confirmed	3	3
mrmun	confirmed	1	1
mrmux	confirmed	2	2
mrnaw	confirmed	1	1
mrngaw	confirmed	1	1
mrrawa	confirmed	4	4
mruciq	confirmed	4	4
mrudaw	confirmed	2	1
mrudu	confirmed	1	1
mrulung	confirmed	1	1
mrungay	confirmed	2	2
mrunug	confirmed	1	0
mruq	confirmed	2	2
mrut	confirmed	2	2
msa	confirmed	55	49
msaang	confirmed	9	8
msadu	confirmed	2	2
msais	confirmed	1	1
msalu	confirmed	2	2
msamaw	confirmed	1	1
msangay	confirmed	6	6
msapuh	confirmed	3	3
msasaw	confirmed	2	2
msaw	confirmed	2	2
msbaang	confirmed	1	1
msbalay	confirmed	4	4
msbarux	confirmed	1	1
msbgihur	confirmed	1	1
msbilaq	confirmed	2	2
msbiyuq	confirmed	2	2
msblaiq	confirmed	1	1
msblus	confirmed	1	1
msbreenux	confirmed	2	2
msbrinah	confirmed	1	1
msbu	confirmed	1	1
msburaw	confirmed	4	4
msbuyas	confirmed	1	1
mscimu	confirmed	1	1
msdahar	confirmed	2	2
msdahung	confirmed	1	1
msdalih	confirmed	2	2
msdaling	confirmed	2	2
msdangi	confirmed	1	1
msdara	confirmed	5	5
msdawin	confirmed	1	1
msdeita	confirmed	1	1
msdha	confirmed	1	1
msdhriq	confirmed	1	1
msdka	confirmed	1	1
msdlut	confirmed	2	2
msdma	confirmed	1	1
msdngux	confirmed	2	2
msdrux	confirmed	1	1
msdungus	confirmed	2	2
mseejiq	confirmed	1	1
mseeliq	confirmed	1	1
mseelug	confirmed	1	1
mseesu	confirmed	1	1
mseiyax	confirmed	1	1
mseupu	confirmed	5	5
mseura	confirmed	2	1
msgasut	confirmed	1	1
mshada	confirmed	2	2
mshaya	confirmed	6	5
mshiraw	confirmed	3	3
mshiya	confirmed	4	4
mshjil	confirmed	4	4
mshmu	confirmed	1	1
mshmuk	confirmed	1	1
mshngak	confirmed	1	1
mshrus	confirmed	1	0
mshulis	confirmed	1	1
mshungi	confirmed	1	1
msibus	confirmed	4	4
msida	confirmed	2	2
msikul	confirmed	1	1
msiling	confirmed	1	1
msilung	unconfirmed	1	0
msinaw	confirmed	1	1
msiqa	confirmed	1	1
msixal	confirmed	1	1
msiyang	confirmed	3	3
msiyuk	confirmed	1	1
mskagul	confirmed	1	1
mskaya	confirmed	1	1
mskdakil	confirmed	1	1
mskingal	confirmed	1	1
mskluwi	confirmed	6	6
msknux	confirmed	2	2
mskribut	confirmed	1	1
mskrut	confirmed	1	1
msksik	confirmed	1	1
mskukul	confirmed	1	1
mskuli	confirmed	1	1
mskutu	unconfirmed	2	0
mskuxul	confirmed	3	3
mskuy	confirmed	9	9
mslabang	confirmed	1	0
mslagu	confirmed	6	6
mslangan	unconfirmed	1	0
mslaput	confirmed	2	2
mslhbun	confirmed	1	1
msli	confirmed	1	1
mslubuy	confirmed	2	2
mslutut	confirmed	2	2
msluung	confirmed	1	0
msmay	confirmed	1	1
msnama	confirmed	1	1
msnanu	confirmed	1	1
msndamat	confirmed	1	1
msneanak	confirmed	1	1
msnegul	confirmed	3	3
msngari	confirmed	3	3
msnguruq	confirmed	1	0
msngusul	confirmed	1	1
msnhiyi	confirmed	1	1
msnoxel	unconfirmed	4	0
msnrima	confirmed	1	0
msnsinaw	confirmed	1	1
msntug	confirmed	1	1
msnulug	confirmed	1	0
mspahung	confirmed	1	1
mspat	confirmed	1	1
mspatul	confirmed	1	1
mspi	confirmed	1	1
mspitay	confirmed	2	2
msprang	confirmed	1	1
mspruq	confirmed	2	2
mspung	confirmed	2	2
msqama	confirmed	2	2
msqapah	confirmed	2	2
msqrul	confirmed	1	1
msqsiya	confirmed	1	1
msquwaq	confirmed	1	1
msramal	confirmed	1	1
msrangi	confirmed	1	1
msriyu	confirmed	4	4
msru	confirmed	1	1
msrudan	confirmed	4	1
msruhaw	confirmed	3	0
msrusaq	confirmed	2	2
mssblaiq	confirmed	1	1
mssbu	confirmed	2	2
mssida	confirmed	1	1
mssikul	confirmed	3	3
mssiling	confirmed	2	2
mssipaq	confirmed	2	2
mssiyuk	confirmed	1	1
msska	unconfirmed	3	0
msskuxul	confirmed	2	2
mssli	confirmed	8	7
mssnegul	confirmed	1	1
mssriyux	confirmed	2	2
msstrung	confirmed	1	1
mstama	confirmed	2	2
mstaril	confirmed	1	1
msthiyaq	confirmed	2	1
msthulang	unconfirmed	1	0
mstmaq	confirmed	2	1
mstrung	confirmed	5	4
mstuq	confirmed	5	5
msupu	confirmed	2	2
msuqi	confirmed	3	3
msuwil	confirmed	4	4
msuwiq	confirmed	1	1
mswayay	confirmed	2	2
mswiwil	confirmed	2	2
msyuring	unconfirmed	1	0
mtabug	confirmed	3	3
mtaga	confirmed	5	5
mtahu	confirmed	1	1
mtalang	confirmed	1	1
mtalux	confirmed	2	2
mtama	confirmed	1	1
mtangug	confirmed	1	1
mtapaq	confirmed	3	3
mtaqi	confirmed	6	6
mtaril	confirmed	2	2
mtaru	unconfirmed	1	0
mtasaw	confirmed	2	2
mtatuk	confirmed	1	1
mtbagu	confirmed	1	1
mtbalay	confirmed	1	1
mtbanah	confirmed	1	1
mtbisur	confirmed	1	1
mtbiyax	confirmed	4	3
mtbnaw	confirmed	2	2
mtbowyak	confirmed	1	1
mtbratang	confirmed	1	1
mtbrinah	confirmed	1	1
mtbru	confirmed	1	1
mtbuwax	confirmed	2	2
mtdahu	unconfirmed	1	0
mtdahung	confirmed	1	1
mtduwa	confirmed	1	1
mtgaguh	confirmed	1	1
mtgamil	confirmed	1	1
mtgimax	confirmed	2	2
mtgla	confirmed	1	1
mtgsa	confirmed	9	8
mtgtmaq	unconfirmed	1	0
mtgxal	confirmed	1	1
mthiyaq	confirmed	3	3
mthngay	confirmed	2	2
mtjiras	confirmed	2	2
mtjiyal	confirmed	3	2
mtkkrang	unconfirmed	1	0
mtkumax	unconfirmed	1	0
mtkuni	confirmed	1	1
mtleetu	confirmed	1	1
mtlhlah	confirmed	3	3
mtlibu	confirmed	2	2
mtliing	confirmed	1	1
mtliwaq	confirmed	1	1
mtmagu	unconfirmed	1	0
mtmay	confirmed	4	4
mtmuhung	unconfirmed	1	0
mtngi	confirmed	1	1
mtnring	unconfirmed	1	0
mtqdrux	confirmed	1	1
mtqiri	confirmed	14	9
mtqnay	confirmed	1	1
mtqral	confirmed	2	2
mtquli	confirmed	1	1
mtquri	confirmed	1	1
mtrbung	confirmed	1	1
mtrbuq	confirmed	2	2
mtrdu	unconfirmed	1	0
mtreura	confirmed	2	1
mtrgri	unconfirmed	1	0
mtrima	confirmed	1	1
mtriya	confirmed	1	1
mtrul	confirmed	1	1
mtsdahar	confirmed	1	1
mttama	confirmed	2	2
mttgsa	confirmed	1	1
mttuku	confirmed	1	1
mtucing	confirmed	2	2
mtudu	unconfirmed	1	0
mtuku	confirmed	2	2
mtutuy	confirmed	5	5
mtweela	confirmed	1	1
mu	confirmed	1165	1052
mubuh	confirmed	1	0
mubung	confirmed	1	1
muda	confirmed	72	67
muduh	confirmed	3	3
muhing	confirmed	13	13
muli	unconfirmed	1	0
mulu	unconfirmed	1	0
mulun	confirmed	1	1
mumal	confirmed	2	2
mumul	confirmed	1	0
munan	confirmed	10	7
murisaka	confirmed	5	5
murug	confirmed	3	1
murung	confirmed	4	4
murus	confirmed	2	2
musa	confirmed	74	64
mutaq	confirmed	2	2
mutung	confirmed	1	1
muutux	confirmed	11	8
muway	confirmed	6	5
muyas	confirmed	4	4
n	confirmed	1	1
na	confirmed	559	491
nadas	confirmed	6	6
naduk	confirmed	1	1
nagui	unconfirmed	1	0
nagwi	unconfirmed	1	0
nak	confirmed	2	2
naku	confirmed	9	7
nalaq	confirmed	1	1
nama	confirmed	5	5
nami	confirmed	118	105
namu	confirmed	165	150
nanak	confirmed	199	184
nangal	confirmed	12	12
napa	confirmed	11	10
naqih	confirmed	98	92
naqux	unconfirmed	1	0
narat	confirmed	7	7
narig	confirmed	1	1
naru	unconfirmed	7	0
narung	unconfirmed	1	0
narux	confirmed	1	1
nasi	confirmed	66	54
nasu	unconfirmed	1	0
natas	confirmed	3	3
nati	confirmed	1	1
natu	confirmed	1	1
nay	unconfirmed	1	0
nbabaw	confirmed	12	10
nbaga	confirmed	1	0
nbaki	confirmed	1	1
nbalay	confirmed	1	1
nbanah	confirmed	1	1
nbaraw	confirmed	4	4
nbhgay	confirmed	2	2
nbliqan	unconfirmed	1	0
nbqru	confirmed	1	1
nbubu	confirmed	1	1
nbuyas	confirmed	6	6
ndaan	confirmed	30	29
ndha	confirmed	1	1
ndhiya	confirmed	1	1
ndiyan	unmapped	1	0
ndmblaiq	confirmed	1	1
ndmpatas	unconfirmed	1	0
ndngu	confirmed	1	1
ndnngaan	confirmed	2	2
ndrudan	confirmed	1	1
ndtlealay	confirmed	1	1
ndudul	confirmed	1	1
nduwa	confirmed	24	20
ndyami	confirmed	2	1
ndyamu	confirmed	2	2
neetung	confirmed	1	1
negabal	confirmed	1	1
negaya	confirmed	2	2
negeeguy	confirmed	1	0
negul	confirmed	3	3
ngaha	confirmed	2	2
ngahan	confirmed	2	2
ngalan	confirmed	1	0
ngalaw	confirmed	1	1
ngali	confirmed	5	4
ngalun	confirmed	33	27
ngangah	confirmed	1	1
ngangut	confirmed	14	11
ngeuyan	confirmed	1	0
nggealu	confirmed	1	1
nghak	confirmed	2	1
ngiyaw	confirmed	2	2
nglngu	confirmed	1	1
ngnealu	confirmed	1	1
ngrig	confirmed	2	2
ngudus	confirmed	4	2
ngungu	confirmed	4	4
ngusul	confirmed	3	3
nguy	confirmed	1	0
nguyan	confirmed	1	1
nhalus	confirmed	1	1
nhapuy	confirmed	6	6
nhari	confirmed	90	83
nhdaan	confirmed	1	1
nhdu	confirmed	1	1
nhiya	confirmed	6	6
nhmaan	confirmed	7	7
nhnaan	confirmed	1	1
nhuling	confirmed	1	1
nhuma	confirmed	3	3
nhuqil	confirmed	4	3
nhuway	confirmed	1	1
nhuya	confirmed	1	1
ni	confirmed	280	238
nihung	confirmed	2	2
nihur	confirmed	1	1
nii	confirmed	277	251
nilit	unconfirmed	2	0
nima	confirmed	4	3
nimah	confirmed	3	3
niq	confirmed	1	1
niqan	confirmed	108	102
niqun	confirmed	4	4
nisu	confirmed	17	14
nita	confirmed	19	18
niya	confirmed	124	119
niyah	confirmed	7	6
niyak	unconfirmed	1	0
niying	confirmed	3	3
nkan	confirmed	6	5
nkari	confirmed	21	21
nkatay	confirmed	1	1
nkdha	confirmed	1	1
nkealang	confirmed	2	2
nkingal	confirmed	1	1
nkiya	confirmed	3	3
nkla	confirmed	6	5
nklaan	confirmed	1	1
nkllu	unconfirmed	1	0
nkluwi	confirmed	1	1
nkmataru	confirmed	2	2
nkmurisaka	unconfirmed	3	0
nkmuyuh	unconfirmed	1	0
nknnaqih	confirmed	1	1
nksa	confirmed	5	4
nksaan	confirmed	1	1
nksasaw	confirmed	1	1
nktru	confirmed	2	2
nkusa	confirmed	1	1
nkuxul	confirmed	7	7
nkuyuh	confirmed	1	1
nkyayung	confirmed	1	1
nlamu	confirmed	1	1
nlbu	unconfirmed	1	0
nllaun	confirmed	2	2
nlnglungan	confirmed	3	3
nluan	confirmed	1	1
nluul	confirmed	1	1
nmahan	confirmed	1	1
nmalan	confirmed	1	1
nmalu	confirmed	3	3
nmikat	unconfirmed	1	0
nmirit	confirmed	1	1
nnaku	confirmed	5	5
nnamu	confirmed	3	3
nnaqih	confirmed	1	1
nnarux	confirmed	1	1
nngangah	unconfirmed	1	0
nngari	confirmed	1	1
nnima	confirmed	1	1
nniqan	confirmed	6	6
nnisu	confirmed	4	2
nnita	confirmed	3	3
nnmu	unconfirmed	1	0
nnuhan	confirmed	1	1
npaah	confirmed	1	1
npaalaqi	unconfirmed	1	0
npaamalu	unconfirmed	2	0
npaamanu	unconfirmed	1	0
npaan	confirmed	1	1
npais	confirmed	1	1
npamuxul	unconfirmed	1	0
npaqan	confirmed	3	2
npdhuq	confirmed	1	1
npghii	unconfirmed	2	0
nphuqil	confirmed	2	2
npkrbagan	confirmed	1	1
npkusa	confirmed	1	1
npkuyuh	confirmed	2	1
npnalu	unconfirmed	1	0
npprngaw	confirmed	1	1
nprbnaw	confirmed	1	1
nprikut	unconfirmed	1	0
npucing	confirmed	2	2
npungu	confirmed	1	1
nputuh	confirmed	2	0
nqaras	confirmed	1	1
nqatar	confirmed	1	1
nqmpahan	confirmed	1	1
nqraqil	confirmed	1	1
nqrhiq	confirmed	1	1
nqsahur	confirmed	2	2
nquri	confirmed	1	1
nquwaq	confirmed	4	4
nrahuq	confirmed	2	2
nrajing	confirmed	2	1
nrana	confirmed	2	2
nranaq	confirmed	1	1
nrangah	unconfirmed	1	0
nrangi	confirmed	1	1
nrikit	confirmed	1	1
nrikut	unconfirmed	1	0
nrmux	confirmed	1	1
nru	confirmed	2	2
nruan	confirmed	2	2
nruciq	confirmed	1	1
nruq	unconfirmed	1	0
nsaan	confirmed	11	11
nsaang	confirmed	4	4
nsaman	confirmed	1	1
nsayang	confirmed	3	3
nsbiyaw	confirmed	2	2
nseejiq	confirmed	1	1
nseuxal	confirmed	2	1
nshiga	confirmed	2	2
nshjil	confirmed	1	1
nskkuyuh	unconfirmed	1	0
nsknux	confirmed	1	1
nslbu	unconfirmed	1	0
nsleelug	confirmed	1	1
nslikaw	confirmed	1	1
nslubuy	confirmed	1	1
nslupung	confirmed	1	1
nsmay	confirmed	1	1
nsmudal	confirmed	1	0
nsping	confirmed	1	1
nsqrul	confirmed	1	1
nsrahuq	confirmed	1	1
nsrhuqan	confirmed	1	1
nsrijil	unconfirmed	1	0
nsslupung	confirmed	1	1
nstuq	confirmed	4	4
nsuwil	confirmed	2	2
nsuwiq	confirmed	1	1
nta	confirmed	19	19
ntakur	confirmed	1	1
ntama	confirmed	2	2
ntaqi	confirmed	4	4
ntaxa	confirmed	1	1
ntbalay	confirmed	1	1
ntgsa	confirmed	2	1
ntlawa	unconfirmed	2	0
ntlealay	confirmed	2	2
ntnegsaan	confirmed	1	1
ntnring	unconfirmed	1	0
ntrilan	confirmed	1	1
ntruma	confirmed	2	2
nuda	confirmed	5	3
nuhan	confirmed	2	2
nuhun	confirmed	1	1
nuli	confirmed	1	1
numal	confirmed	1	1
nuqaw	confirmed	1	1
nuqih	confirmed	1	1
nuqu	confirmed	1	0
nusa	confirmed	4	4
nuxay	confirmed	2	2
nxal	confirmed	10	9
nyahan	confirmed	4	4
nyaku	confirmed	1	0
nyami	confirmed	2	2
nyamu	confirmed	1	1
o	confirmed	516	454
p	confirmed	3	3
paaaq	unmapped	1	0
paah	confirmed	101	88
paani	confirmed	2	2
pada	confirmed	9	9
pahung	confirmed	5	4
pais	confirmed	12	11
paisan	confirmed	1	1
pajiq	confirmed	15	15
pakaw	confirmed	2	2
pala	confirmed	12	12
palah	confirmed	1	1
palit	confirmed	2	2
pang	confirmed	2	2
pangal	confirmed	1	1
papa	confirmed	12	12
papak	confirmed	42	41
papix	unconfirmed	1	0
paqan	confirmed	11	9
paqaw	confirmed	4	2
paqun	confirmed	7	7
paras	confirmed	4	3
parih	confirmed	1	0
paru	confirmed	148	138
pasang	confirmed	1	1
pasi	confirmed	6	6
patas	confirmed	39	37
patung	confirmed	1	0
pauxun	unconfirmed	1	0
pay	confirmed	1	1
paya	confirmed	1	1
payay	confirmed	50	42
payi	confirmed	10	10
pbahu	confirmed	1	1
pbais	confirmed	1	0
pbalay	confirmed	1	1
pbeytaq	confirmed	3	3
pbgaun	confirmed	1	1
pbgbagi	confirmed	1	1
pbhgay	confirmed	1	1
pbhraw	confirmed	1	1
pbiqun	confirmed	1	1
pblangun	confirmed	2	2
pbrahi	confirmed	1	0
pbrahun	confirmed	1	1
pbrih	confirmed	1	0
pbrihi	confirmed	1	1
pbrinah	confirmed	2	2
pbrnahun	confirmed	1	1
pbruxun	confirmed	1	1
pcingun	confirmed	1	0
pdahung	confirmed	2	2
pdai	confirmed	2	1
pdakil	confirmed	1	1
pdaling	confirmed	1	1
pdangun	confirmed	1	1
pdaqi	unconfirmed	1	0
pdaun	confirmed	3	2
pdawi	confirmed	2	2
pdayaw	confirmed	1	1
pdhliqan	unconfirmed	1	0
pdhqun	confirmed	2	2
pdhriqi	confirmed	2	2
pdhriqun	confirmed	1	1
pdka	confirmed	2	2
pdkaan	confirmed	3	3
pdkai	confirmed	1	1
pdkaun	confirmed	3	2
pdmati	unconfirmed	1	0
pdmatun	confirmed	1	1
pdriqi	confirmed	1	1
pdrut	unconfirmed	1	0
pdsi	confirmed	2	2
pdu	confirmed	1	0
pdudul	confirmed	1	1
pduuy	confirmed	3	2
peaduk	confirmed	1	1
pealix	confirmed	1	1
peanak	confirmed	1	1
peasug	confirmed	1	1
peayung	confirmed	1	1
peelug	confirmed	3	2
peeutuxun	confirmed	1	1
peiyah	confirmed	1	1
penduk	unconfirmed	1	0
penki	confirmed	1	1
peuda	confirmed	4	3
peutux	confirmed	1	1
peysa	confirmed	1	1
pgagu	confirmed	1	0
pgarang	confirmed	1	0
pgaya	confirmed	1	1
pgealu	confirmed	8	7
pgealuk	confirmed	1	0
pggu	unconfirmed	1	0
pgimax	confirmed	1	0
pgkla	confirmed	2	2
pgklaan	confirmed	2	2
pgklanay	confirmed	1	1
pgmaxun	confirmed	1	1
pgrahul	confirmed	2	1
pgrig	confirmed	2	1
pgriqi	confirmed	1	1
pgriqun	confirmed	1	0
pgseesu	confirmed	1	1
pgskaun	confirmed	1	1
pgthiyaq	confirmed	2	2
pgyaun	confirmed	1	1
pha	confirmed	7	5
phapuy	confirmed	2	2
phdagan	confirmed	10	9
phdagi	confirmed	1	1
phdagun	confirmed	1	1
phdayu	confirmed	1	1
phidaw	confirmed	3	3
phing	confirmed	1	1
phiyu	confirmed	2	2
phjili	confirmed	1	1
phjilun	confirmed	1	1
phlaan	confirmed	1	1
phlisi	confirmed	1	1
phlpisun	confirmed	1	1
phnang	confirmed	2	2
phngan	confirmed	4	4
phngi	confirmed	1	1
phpah	confirmed	13	13
phqili	confirmed	1	1
phqilun	confirmed	6	6
phrapas	confirmed	1	1
phrnasan	confirmed	1	1
phrnasi	confirmed	1	1
phuriq	confirmed	2	2
phyugun	confirmed	4	4
pida	confirmed	16	14
pidu	confirmed	3	3
pihu	confirmed	8	6
pila	confirmed	105	96
pilin	confirmed	3	3
pinang	confirmed	1	1
pirin	confirmed	2	2
pis	unconfirmed	1	0
pisaw	confirmed	8	8
pixan	confirmed	4	4
pixi	confirmed	1	1
pixun	confirmed	2	2
piya	confirmed	23	22
piyax	confirmed	1	1
pjiyi	confirmed	2	2
pjiyun	confirmed	1	1
pkalu	confirmed	1	1
pkan	confirmed	2	2
pkari	confirmed	3	3
pkbahing	confirmed	1	1
pkbanahi	confirmed	1	1
pkbiyax	confirmed	1	1
pkblangun	confirmed	1	1
pkbuyun	confirmed	1	0
pkdagun	confirmed	1	1
pkdgdangi	confirmed	1	1
pkdgrili	confirmed	1	1
pkdgrilun	confirmed	1	1
pkdngu	confirmed	1	1
pkdnguun	confirmed	1	1
pkdraun	confirmed	2	2
pkdusi	confirmed	1	1
pkdusun	confirmed	2	2
pkeiyaw	confirmed	2	2
pkeuray	confirmed	1	1
pkhlah	unconfirmed	1	0
pkhnuk	confirmed	2	2
pkhuriq	confirmed	1	1
pkhuwayun	confirmed	1	1
pkhwayun	confirmed	1	1
pkiyux	confirmed	1	1
pkkah	unconfirmed	1	0
pkkhnuk	confirmed	2	2
pkla	confirmed	1	1
pklabu	confirmed	1	1
pklawa	confirmed	1	1
pklbay	confirmed	1	1
pklbiyan	unconfirmed	1	0
pklbiyun	unconfirmed	1	0
pklibu	confirmed	1	1
pklilug	unconfirmed	2	0
pkliwang	confirmed	1	0
pkliwaq	confirmed	1	1
pklluyun	unconfirmed	1	0
pkltudan	unconfirmed	1	0
pklug	confirmed	1	1
pkluqih	confirmed	3	3
pklutut	confirmed	1	1
pkmalu	confirmed	1	1
pknarux	confirmed	1	1
pkngalan	unconfirmed	1	0
pkngalun	confirmed	1	1
pkngatun	confirmed	2	2
pknhuri	confirmed	1	1
pknluun	unconfirmed	1	0
pkpakaw	confirmed	1	1
pkpakux	confirmed	1	1
pkpaux	confirmed	1	1
pkpruun	unconfirmed	1	0
pkragun	confirmed	1	1
pkray	confirmed	1	1
pkrayun	confirmed	1	1
pkrbungun	confirmed	1	1
pkrijil	confirmed	1	1
pkriqu	confirmed	1	1
pkrmilun	confirmed	1	1
pkrrusun	confirmed	1	1
pkrut	confirmed	6	5
pksa	confirmed	1	1
pksaw	confirmed	1	1
pksiyaw	confirmed	2	2
pksiyuk	confirmed	1	1
pksuyangi	confirmed	1	1
pksyangun	confirmed	1	1
pktleetuun	confirmed	1	1
pktngiyun	confirmed	3	3
pkungat	confirmed	1	1
pkusa	confirmed	3	3
pkuung	confirmed	1	0
pkuwax	confirmed	1	1
pkuxun	unconfirmed	1	0
pkyuxan	confirmed	1	1
pkyuxi	confirmed	1	1
plalay	confirmed	2	2
plapa	confirmed	1	1
platat	confirmed	1	1
plawa	confirmed	2	2
plaxan	confirmed	1	1
plbangun	confirmed	1	1
plhlah	confirmed	2	2
plhlahan	confirmed	1	1
plhlahi	confirmed	2	2
plhugun	confirmed	1	1
plingis	confirmed	1	1
pliwaq	confirmed	2	2
plkusi	confirmed	4	4
plkusun	confirmed	1	1
pllayi	confirmed	1	1
pllayun	confirmed	5	5
pllgun	confirmed	1	1
plnglungun	confirmed	1	1
pltadun	confirmed	1	1
pltudun	confirmed	1	1
plutut	confirmed	1	1
pmahan	confirmed	1	1
pmahi	confirmed	1	1
pmbaga	confirmed	1	1
pnaah	confirmed	13	11
pnais	confirmed	11	11
pnapa	confirmed	2	2
pnatas	confirmed	2	2
pnbaga	confirmed	5	4
pnbalay	confirmed	1	1
pnbaraw	confirmed	1	1
pnbgaun	confirmed	1	1
pnbilaq	confirmed	1	1
pnbrahan	confirmed	1	1
pnbrhug	confirmed	1	1
pnbrihan	confirmed	1	1
pncingan	confirmed	1	1
pncipiq	confirmed	2	2
pndha	confirmed	1	1
pndka	confirmed	6	6
pndkaan	confirmed	4	4
pndkaun	confirmed	1	1
pnduwa	confirmed	1	1
pneanak	confirmed	1	1
pneayus	confirmed	1	1
pneelug	confirmed	2	2
pnegluban	confirmed	1	1
pnemaxal	confirmed	1	1
pnempitu	confirmed	1	1
pneutuxan	confirmed	2	2
pneydang	unconfirmed	1	0
pngahi	confirmed	3	3
pngakat	confirmed	1	1
pngalun	confirmed	1	1
pngkari	confirmed	1	1
pnglux	confirmed	1	1
pngnnakan	confirmed	1	1
pngpung	confirmed	7	7
pngrah	confirmed	1	1
pngraq	unconfirmed	2	0
pngsaan	confirmed	2	2
pngusul	confirmed	2	2
pnguwan	unconfirmed	3	0
pngyaan	confirmed	1	1
pnhbiyan	confirmed	1	1
pnhiyu	confirmed	1	1
pnhlisan	confirmed	1	1
pnhuling	confirmed	1	1
pnhuma	confirmed	1	1
pniqi	confirmed	1	1
pniqun	confirmed	5	5
pnisun	unconfirmed	1	0
pnkala	confirmed	1	1
pnkari	confirmed	3	3
pnkdraan	confirmed	1	1
pnkeudus	confirmed	2	2
pnkingal	confirmed	3	3
pnkltudan	unconfirmed	2	0
pnklutut	confirmed	2	1
pnkmalu	confirmed	1	1
pnkmanun	confirmed	1	1
pnkpais	confirmed	1	1
pnkparu	confirmed	1	1
pnkpngpung	confirmed	1	1
pnkrikit	confirmed	1	1
pnkrrusan	confirmed	1	1
pnkusa	confirmed	1	1
pnlala	confirmed	1	1
pnlaq	confirmed	3	3
pnlaqi	confirmed	1	1
pnllayan	confirmed	1	1
pnlnglung	confirmed	1	1
pnltudan	confirmed	2	1
pnluqih	confirmed	1	1
pnlutut	confirmed	3	3
pnlwaan	confirmed	1	1
pnmaspat	confirmed	1	1
pnmataru	confirmed	1	1
pnmaxan	unconfirmed	1	0
pnmngari	confirmed	1	1
pnmuun	unconfirmed	1	0
pnnakan	confirmed	1	1
pnnanu	unconfirmed	1	0
pnneanak	confirmed	1	1
pnngangah	confirmed	2	1
pnnguan	unconfirmed	1	0
pnpaan	confirmed	4	4
pnpais	confirmed	1	1
pnpiya	confirmed	4	4
pnpnguan	unconfirmed	1	0
pnpusal	confirmed	5	4
pnpusalan	confirmed	1	0
pnqbahang	confirmed	1	1
pnqbhangan	confirmed	1	1
pnqbling	confirmed	1	1
pnqihan	confirmed	1	1
pnqita	confirmed	1	1
pnqpuhir	confirmed	1	0
pnqtaan	confirmed	1	1
pnrbnaw	confirmed	1	0
pnrhulan	confirmed	3	3
pnrikit	unconfirmed	1	0
pnrima	confirmed	1	1
pnrjingan	confirmed	3	3
pnrngut	unconfirmed	1	0
pnsaan	confirmed	3	3
pnsahug	confirmed	1	1
pnsamaw	confirmed	1	1
pnsbabaw	confirmed	1	1
pnsblaqan	confirmed	1	1
pnsblayan	confirmed	1	1
pnsbrinah	confirmed	1	1
pnsbut	confirmed	7	5
pnsbyaxan	confirmed	1	1
pnsdahung	unconfirmed	1	0
pnsdhgan	confirmed	1	1
pnsdraan	confirmed	1	1
pnsgagan	confirmed	1	1
pnshada	confirmed	2	2
pnshgan	confirmed	1	1
pnsilung	confirmed	1	1
pnskixan	confirmed	1	1
pnskngalan	unconfirmed	1	0
pnskribut	confirmed	1	1
pnskryaan	confirmed	1	1
pnslhagan	unconfirmed	2	0
pnslutut	confirmed	1	1
pnsmiyah	confirmed	1	1
pnsmkan	unconfirmed	2	0
pnsmuk	confirmed	1	0
pnsmukan	confirmed	1	1
pnsnmaan	confirmed	3	3
pnspaan	confirmed	2	2
pnspadaw	confirmed	3	3
pnspat	confirmed	1	1
pnspdagan	confirmed	2	2
pnspgan	confirmed	1	1
pnspingan	confirmed	3	3
pnspuan	confirmed	1	1
pnsqrasan	confirmed	1	1
pnsqrinutan	confirmed	1	1
pnsqrul	confirmed	1	1
pnsramal	confirmed	1	1
pnsrijil	unconfirmed	1	0
pnsrmalan	confirmed	1	1
pnsrngiyan	unconfirmed	1	0
pnsruan	confirmed	1	0
pnssli	confirmed	1	1
pnssulay	confirmed	1	1
pnstlxun	confirmed	1	1
pnstrung	confirmed	1	1
pnstuq	confirmed	1	1
pnstutuy	confirmed	2	1
pnsuwiq	confirmed	1	1
pntabuy	confirmed	1	1
pntasan	confirmed	7	7
pntblayan	confirmed	1	1
pntcingan	confirmed	2	2
pnteayusan	confirmed	1	1
pnteetu	confirmed	4	4
pnteetuan	confirmed	1	1
pnteuqan	confirmed	2	2
pntkumax	confirmed	1	1
pntlukan	confirmed	1	1
pntrilun	confirmed	2	2
pntriyan	confirmed	4	4
pntru	confirmed	1	1
pntrui	confirmed	1	1
pntudan	unconfirmed	1	0
pntuluk	confirmed	1	0
pnuda	confirmed	1	1
pnuhi	confirmed	1	1
pnxalan	confirmed	1	1
pnyahan	confirmed	2	2
pnyasan	confirmed	1	1
powsa	confirmed	4	4
ppaan	confirmed	1	1
ppai	confirmed	1	1
ppais	confirmed	3	2
ppajiq	confirmed	10	10
ppatas	confirmed	3	3
ppaun	confirmed	3	2
ppaya	confirmed	1	1
ppdsun	unconfirmed	1	0
ppeani	confirmed	1	1
ppeasug	confirmed	1	1
ppeeutux	confirmed	1	1
pphidaw	confirmed	1	1
pphru	confirmed	1	1
pphuqil	confirmed	1	1
ppisaw	confirmed	1	1
ppitay	unconfirmed	1	0
ppklbay	confirmed	1	1
ppklhkah	confirmed	1	1
ppkmalu	confirmed	1	1
pplhlah	confirmed	1	1
ppqita	confirmed	1	1
pprana	confirmed	1	1
pprdax	confirmed	1	1
ppririh	confirmed	1	1
pprngaw	confirmed	2	2
ppsbalay	confirmed	1	1
ppsgaaw	confirmed	1	1
ppshada	confirmed	1	1
ppsipa	confirmed	1	1
ppskngalun	unconfirmed	1	0
ppsku	confirmed	1	1
ppspgriq	confirmed	1	1
ppsqdug	confirmed	1	1
ppsruwa	confirmed	1	1
pptasun	confirmed	3	3
ppteayus	confirmed	1	1
pptpusu	confirmed	1	1
ppusu	confirmed	2	2
ppxal	confirmed	4	4
ppyaan	confirmed	3	3
ppyasi	confirmed	1	1
ppyasun	confirmed	1	1
ppyaun	unconfirmed	2	0
pqamas	confirmed	1	1
pqatai	unconfirmed	1	0
pqaya	confirmed	3	3
pqbahang	confirmed	4	4
pqbilaq	confirmed	1	1
pqblingun	confirmed	1	1
pqbuan	confirmed	1	1
pqbubu	confirmed	1	1
pqdriqun	confirmed	1	1
pqdrxun	unconfirmed	1	0
pqduriq	confirmed	1	1
pqita	confirmed	2	2
pqiyut	confirmed	1	1
pqluli	confirmed	2	1
pqnnaqih	confirmed	2	2
pqpahi	confirmed	1	1
pqpahun	confirmed	2	2
pqraqil	confirmed	1	1
pqrip	unconfirmed	1	0
pqriun	confirmed	1	1
pqrngul	confirmed	1	1
pqsiqa	confirmed	1	1
pqsiyaun	confirmed	1	1
pqtai	confirmed	1	1
pquri	confirmed	1	1
prajing	confirmed	11	10
pratu	confirmed	5	5
prawah	confirmed	1	1
prbungun	confirmed	1	1
prdangi	confirmed	1	1
prdangun	confirmed	1	1
prdaxan	confirmed	1	1
prdu	confirmed	1	1
preura	confirmed	1	1
prgan	confirmed	2	2
prgi	confirmed	6	5
prgun	confirmed	3	3
prigaw	confirmed	2	2
priqi	confirmed	1	1
pririh	confirmed	3	3
pririhun	confirmed	2	2
prisuh	confirmed	1	1
priyax	confirmed	7	5
prjilun	unconfirmed	1	0
prmux	confirmed	1	1
prmuxan	confirmed	2	2
prmuxun	confirmed	1	1
prnaan	confirmed	1	1
prnai	confirmed	1	1
prngagan	confirmed	2	2
prngut	unconfirmed	1	0
prparu	confirmed	2	2
prqi	confirmed	1	1
prqun	confirmed	1	1
prrawa	confirmed	1	1
prrawah	confirmed	1	1
prtan	confirmed	2	2
pru	confirmed	1	1
pruciq	confirmed	2	2
prudaw	unconfirmed	1	0
prui	confirmed	1	1
pryuxi	confirmed	1	1
pryuxun	confirmed	2	1
psaan	confirmed	5	5
psaang	confirmed	2	2
psagan	confirmed	2	1
psahug	confirmed	1	1
psai	confirmed	11	11
psakur	confirmed	2	2
psalu	confirmed	2	2
psamaw	confirmed	1	1
psangay	confirmed	1	1
psapuh	confirmed	3	3
psasaw	confirmed	1	1
psaun	confirmed	13	13
psbarux	confirmed	1	0
psbgihur	confirmed	1	1
psbilaq	confirmed	1	1
psbiyax	confirmed	1	1
psblaiq	confirmed	1	1
psblaqun	confirmed	1	1
psblayun	confirmed	1	1
psblsun	confirmed	1	1
psbrnuxi	unconfirmed	1	0
psbrnuxun	unconfirmed	1	0
psbruxun	confirmed	1	1
psbu	confirmed	2	2
psbusun	confirmed	1	1
psbut	confirmed	1	1
psdahar	confirmed	1	0
psdaling	confirmed	1	1
psdangi	confirmed	1	1
psdara	confirmed	1	1
psdhari	confirmed	1	1
psdharun	confirmed	1	1
psdhgi	confirmed	1	1
psdhriqun	confirmed	1	1
psdka	confirmed	1	1
psdkaan	confirmed	1	1
psdkaun	confirmed	1	1
psdlihun	confirmed	1	1
psdlut	confirmed	1	1
psdmatun	confirmed	1	1
psdraun	confirmed	3	3
psdrxi	confirmed	1	1
pseeliq	confirmed	1	1
pseelug	confirmed	1	1
pseesu	confirmed	1	1
pseisug	confirmed	1	1
pseura	confirmed	1	1
psgaaw	confirmed	1	1
psgasut	confirmed	1	1
psgeegan	confirmed	1	1
psgun	confirmed	1	1
pshada	confirmed	1	1
pshangan	confirmed	1	1
pshdaan	confirmed	2	2
pshgan	confirmed	1	1
pshgun	confirmed	1	1
pshlisan	confirmed	2	2
pshlisi	confirmed	1	1
pshmkan	confirmed	1	1
pshmkun	confirmed	1	1
pshmukun	confirmed	1	1
pshngak	confirmed	1	1
pshulis	confirmed	1	1
pshuriq	confirmed	1	1
psiisan	unconfirmed	1	0
psiisun	unconfirmed	1	0
psiling	confirmed	2	2
psinaw	confirmed	4	3
psipa	confirmed	1	1
psipaq	confirmed	1	1
psixal	confirmed	1	1
psiyangi	confirmed	1	1
psiyangun	confirmed	1	1
pskan	confirmed	1	1
pskanan	confirmed	1	1
pskanun	confirmed	1	0
pskaya	confirmed	1	1
pskeagul	confirmed	1	1
pskingal	confirmed	1	1
pskixan	confirmed	1	1
pskluwi	confirmed	2	2
psklwiun	confirmed	1	1
pskmux	unconfirmed	2	0
pskraya	confirmed	1	1
pskrci	confirmed	2	2
pskribut	confirmed	2	2
pskrtun	confirmed	1	1
psku	confirmed	1	1
pskyaun	confirmed	1	1
pslabang	confirmed	1	1
pslbui	confirmed	1	1
psleelug	confirmed	1	1
pslguan	confirmed	1	1
pslgui	confirmed	2	1
pslguun	confirmed	1	1
pslhayun	confirmed	1	1
psli	confirmed	1	1
pslian	confirmed	3	3
pslihaw	confirmed	3	3
pslii	confirmed	1	1
pslingan	confirmed	2	2
psliun	confirmed	1	1
psmiyah	confirmed	1	1
psmiyan	confirmed	1	1
psmiyanan	confirmed	2	2
psmkun	unconfirmed	1	0
psnagan	confirmed	2	2
psnama	confirmed	5	4
psngari	confirmed	1	1
psngayun	confirmed	1	1
psngurun	unconfirmed	1	0
psnhiyi	confirmed	2	2
psnluun	unconfirmed	1	0
psnmaan	confirmed	1	1
psnru	confirmed	1	1
pspaan	confirmed	2	2
pspahung	confirmed	1	1
psparu	confirmed	2	2
pspdagan	confirmed	1	1
pspdagun	confirmed	2	2
psping	confirmed	1	0
pspingan	confirmed	2	1
pspingi	confirmed	1	1
pspngan	confirmed	1	0
pspngun	confirmed	1	1
pspruq	confirmed	2	2
pspuan	confirmed	1	1
pspug	confirmed	1	1
pspuhaw	unconfirmed	1	0
pspung	confirmed	1	1
pspuun	confirmed	1	1
psqapah	confirmed	1	1
psqaras	confirmed	1	1
psqdug	confirmed	1	1
psqgu	unconfirmed	1	0
psqit	confirmed	2	2
psqmai	confirmed	1	1
psqrasaw	unconfirmed	1	0
psqrasun	confirmed	1	1
psqrulun	confirmed	1	1
psquyux	confirmed	3	3
psrahug	confirmed	2	0
psrahuq	confirmed	1	1
psrajing	confirmed	1	1
psrhagan	confirmed	1	1
psrhagi	confirmed	1	1
psrisuh	confirmed	1	1
psriyu	confirmed	2	2
psrmali	confirmed	3	3
psrnabaw	confirmed	1	1
psrngii	confirmed	1	1
psrngiyun	confirmed	2	1
psrnuun	confirmed	1	1
psru	confirmed	3	3
psruan	confirmed	2	2
psruhaw	confirmed	1	0
psrui	confirmed	1	1
psrusuq	confirmed	1	1
psruun	confirmed	2	2
psryuxan	confirmed	1	1
psryuxun	confirmed	1	1
pssli	confirmed	3	3
pstalux	confirmed	2	2
pstaril	confirmed	2	2
psthiyaqun	confirmed	1	1
pstlngun	confirmed	1	1
pstlxun	confirmed	2	2
pstmai	confirmed	1	1
pstnai	confirmed	1	1
pstqan	confirmed	1	0
pstqun	confirmed	1	1
pstrilun	confirmed	1	1
pstrmai	confirmed	1	1
psttui	confirmed	1	0
psttuy	unconfirmed	1	0
pstui	unconfirmed	1	0
pstutuy	confirmed	5	5
psupu	confirmed	1	1
psuqi	confirmed	1	1
psuwiq	confirmed	4	4
psuwiqun	confirmed	1	1
pswiwil	confirmed	1	1
pswwilan	confirmed	1	1
ptaga	confirmed	2	2
ptakur	confirmed	3	2
ptalang	confirmed	3	3
ptaqi	confirmed	1	1
ptaril	unconfirmed	1	0
ptasan	confirmed	19	17
ptasaw	confirmed	1	1
ptasi	confirmed	1	1
ptasun	confirmed	1	1
ptatuk	confirmed	1	1
ptatuy	unconfirmed	2	0
ptbarah	confirmed	1	1
ptbasi	confirmed	1	1
ptbgi	confirmed	1	1
ptbgun	confirmed	2	1
ptblai	confirmed	1	0
ptblayun	confirmed	1	1
ptbnahani	confirmed	1	1
ptbnaw	confirmed	1	1
ptbnuun	unconfirmed	2	0
ptbuyun	confirmed	1	0
ptcingi	confirmed	1	1
ptdahu	confirmed	1	1
ptdhgun	confirmed	3	0
ptduwaun	confirmed	1	1
pteetu	confirmed	2	2
pteuqan	confirmed	2	2
pteuqi	unconfirmed	1	0
pteuqu	confirmed	3	3
pteuqun	confirmed	1	1
ptgamil	confirmed	1	1
ptgmaxan	confirmed	1	1
ptgsa	confirmed	2	2
pthiyun	confirmed	1	1
pthmuku	confirmed	1	1
pthnganun	confirmed	3	3
pthngayun	confirmed	1	1
pthnguli	unconfirmed	1	0
ptkanun	unconfirmed	1	0
ptkui	confirmed	1	1
ptkurun	confirmed	1	1
ptliing	confirmed	1	1
ptliingun	confirmed	1	1
ptllayun	confirmed	2	2
ptlngi	confirmed	1	1
ptlukan	confirmed	1	0
ptluung	confirmed	1	1
ptmay	confirmed	1	1
ptpaqi	confirmed	1	1
ptpusu	confirmed	2	2
ptputuh	confirmed	1	1
ptqiun	confirmed	2	2
ptqliyun	unconfirmed	1	0
ptqudak	confirmed	1	1
ptrbuqun	confirmed	1	1
ptreurani	confirmed	1	1
ptrgrig	confirmed	1	1
ptrmaun	confirmed	1	1
ptryaun	unconfirmed	1	0
pttama	confirmed	1	1
pttaqi	confirmed	1	1
ptthiyaq	confirmed	1	1
pttuyun	confirmed	1	1
ptucing	confirmed	1	1
ptudu	unconfirmed	2	0
ptuhun	confirmed	1	1
ptuhuy	confirmed	1	1
ptuku	confirmed	2	2
ptungan	confirmed	1	1
pucing	confirmed	34	28
pungaw	confirmed	1	1
pungu	confirmed	6	5
puniq	confirmed	11	10
puqan	confirmed	2	2
purug	confirmed	1	1
pusu	confirmed	118	107
put	unconfirmed	1	0
puti	confirmed	2	2
putuh	confirmed	1	1
putung	confirmed	4	4
puwa	confirmed	2	2
puyan	confirmed	13	13
pweela	confirmed	1	1
pxal	confirmed	6	5
pyahi	confirmed	1	1
pyahun	confirmed	2	2
pyasan	confirmed	1	1
pyasi	confirmed	2	2
qabang	confirmed	8	6
qadi	unconfirmed	2	0
qahur	confirmed	4	4
qalu	confirmed	2	2
qalux	confirmed	2	2
qani	confirmed	3	3
qanug	confirmed	1	1
qapal	confirmed	2	2
qaqay	confirmed	16	14
qaras	confirmed	2	2
qatar	confirmed	2	2
qbahang	confirmed	5	5
qbhangun	confirmed	1	1
qbhni	confirmed	10	9
qblaiq	confirmed	1	1
qbling	confirmed	4	4
qblingan	confirmed	1	1
qbrungan	confirmed	1	1
qbsiyaq	confirmed	1	1
qbsiyaqan	confirmed	2	2
qbsuran	confirmed	6	6
qbubu	confirmed	2	2
qbubur	confirmed	4	2
qbulit	confirmed	2	2
qcinuh	confirmed	7	6
qdaan	confirmed	1	1
qdaani	confirmed	8	8
qdalan	confirmed	1	1
qdalun	confirmed	2	2
qdqut	confirmed	1	1
qdrxun	unconfirmed	1	0
qduan	confirmed	1	1
qduriq	confirmed	6	6
qeyl	confirmed	2	2
qhdu	confirmed	4	4
qhduun	confirmed	2	1
qhqahur	confirmed	1	1
qhuni	confirmed	40	36
qihung	confirmed	2	2
qiyut	confirmed	1	1
qkrang	unconfirmed	1	0
qlahang	confirmed	3	3
qlangan	confirmed	1	1
qlap	unconfirmed	1	0
qlaq	unconfirmed	1	0
qlhangan	confirmed	1	1
qlhangi	confirmed	18	15
qlhngani	confirmed	1	1
qling	confirmed	10	10
qloq	unconfirmed	1	0
qluli	confirmed	2	2
qlupas	confirmed	7	7
qlxan	unconfirmed	2	0
qmada	confirmed	4	3
qmapah	unconfirmed	2	0
qmapur	confirmed	1	1
qmasan	confirmed	1	1
qmasi	confirmed	1	1
qmaya	confirmed	2	2
qmbsranan	confirmed	2	2
qmburung	confirmed	1	1
qmhuqil	confirmed	1	1
qmi	confirmed	1	1
qmilaw	unconfirmed	1	0
qmita	confirmed	2	2
qmiyut	confirmed	1	1
qmlahang	confirmed	2	2
qmlqah	confirmed	2	2
qmnaqih	confirmed	1	1
qmpah	confirmed	40	36
qmpahan	confirmed	58	51
qmpuring	confirmed	2	1
qmqita	confirmed	1	1
qmsbilaq	confirmed	1	1
qmsul	confirmed	2	2
qmuci	confirmed	1	1
qmuyux	confirmed	4	3
qnada	confirmed	3	3
qnadi	unconfirmed	1	0
qnalang	confirmed	3	3
qnali	confirmed	1	1
qnaqih	confirmed	1	1
qnaras	confirmed	1	1
qnarasan	confirmed	1	1
qnawal	confirmed	3	3
qnaya	confirmed	2	2
qnbahang	confirmed	2	2
qnbilaq	confirmed	1	1
qnblaiq	confirmed	2	2
qnbsranan	unconfirmed	1	0
qndhriqan	confirmed	1	1
qndriqan	confirmed	2	2
qndrux	confirmed	1	1
qndrxan	confirmed	12	12
qnduriq	confirmed	2	2
qneuqu	confirmed	7	7
qngqalux	confirmed	1	1
qngqrinut	confirmed	4	4
qnita	confirmed	3	3
qnlhangan	confirmed	1	1
qnlit	confirmed	1	1
qnlqah	confirmed	2	2
qnlqahan	confirmed	1	1
qnmasan	confirmed	1	1
qnnaqih	confirmed	11	10
qnpah	confirmed	2	2
qnpahan	confirmed	7	7
qnpuringan	confirmed	2	2
qnqan	confirmed	2	2
qnqaya	confirmed	6	6
qnqgu	confirmed	4	4
qnqguan	confirmed	1	1
qnqihan	confirmed	2	2
qnquan	confirmed	2	1
qnrak	confirmed	1	1
qnrbuq	confirmed	2	2
qnrian	confirmed	1	1
qnriqani	confirmed	1	1
qnriqu	confirmed	1	1
qnslan	confirmed	1	1
qntaan	confirmed	12	11
qnthuran	confirmed	4	4
qnthyaqan	confirmed	1	1
qntqdan	unconfirmed	1	0
qnuji	confirmed	1	1
qnumi	confirmed	3	3
qnyutan	confirmed	2	2
qowlit	confirmed	6	5
qpah	confirmed	2	2
qpahan	confirmed	5	5
qpahi	confirmed	1	1
qpahun	confirmed	6	5
qpras	confirmed	2	2
qpuhir	confirmed	1	1
qqita	confirmed	3	2
qqlahang	confirmed	1	1
qqrinut	confirmed	3	3
qqrut	unconfirmed	1	0
qqsahur	unconfirmed	2	0
qrap	confirmed	1	1
qrapi	confirmed	1	0
qrapun	confirmed	2	2
qraqil	confirmed	8	5
qrari	confirmed	1	0
qrasan	confirmed	2	2
qrasun	confirmed	3	3
qrhiqun	confirmed	2	2
qrhqan	confirmed	1	1
qriban	confirmed	3	3
qribi	confirmed	1	1
qribun	confirmed	2	2
qrngul	confirmed	4	4
qrqilan	confirmed	4	4
qrut	confirmed	4	3
qsahur	confirmed	13	11
qsiqa	confirmed	4	4
qsiya	confirmed	40	39
qsurux	confirmed	9	6
qtaan	confirmed	2	2
qtai	confirmed	6	6
qtaqi	unconfirmed	1	0
qtaun	confirmed	12	11
qthur	confirmed	3	2
quci	confirmed	13	11
quhing	confirmed	5	5
quji	confirmed	2	2
quli	confirmed	1	1
qulit	confirmed	2	1
qumi	confirmed	8	8
ququ	confirmed	21	19
quri	confirmed	6	4
qusul	confirmed	2	0
quwaq	confirmed	31	27
quyu	confirmed	8	8
quyux	confirmed	1	1
qwarux	confirmed	5	5
qyqaya	confirmed	1	1
qyutun	confirmed	2	2
rabay	confirmed	18	16
rabi	confirmed	10	8
rabuh	confirmed	1	1
radax	confirmed	8	7
rahul	confirmed	3	3
rahuq	confirmed	2	2
rajing	confirmed	4	3
ramal	confirmed	1	1
ramil	confirmed	3	3
rana	confirmed	1	1
rapit	confirmed	4	4
raraw	confirmed	2	2
rawah	confirmed	1	1
ray	confirmed	5	5
rbagan	confirmed	7	7
rbaqan	unconfirmed	1	0
rbnaw	confirmed	6	6
rbngan	confirmed	5	5
rbngi	confirmed	2	1
rbngun	confirmed	3	3
rbugun	confirmed	1	1
rbuk	confirmed	2	2
rbung	confirmed	3	3
rbuq	confirmed	3	2
rbuqil	confirmed	2	2
rdanan	confirmed	7	7
rdax	confirmed	3	3
rdrudan	confirmed	7	7
rduan	confirmed	1	1
rhiq	confirmed	4	4
rhluk	confirmed	4	4
rhngun	confirmed	6	5
rhqan	confirmed	2	2
ribaq	confirmed	3	3
ribix	confirmed	4	4
ribul	confirmed	13	11
rigaw	confirmed	2	2
rih	unconfirmed	4	0
rihan	confirmed	2	2
rijil	confirmed	4	4
rikut	unconfirmed	1	0
rima	confirmed	19	19
rinah	confirmed	1	1
riqaw	confirmed	1	1
riqu	confirmed	6	5
ririh	confirmed	3	3
risaw	confirmed	8	7
riyax	confirmed	1	0
rklit	confirmed	4	3
rktu	confirmed	2	1
rmabang	confirmed	1	1
rmagun	confirmed	1	1
rmajing	confirmed	1	1
rmaraw	confirmed	1	1
rmawah	confirmed	5	4
rmawiq	confirmed	2	0
rmbung	confirmed	2	1
rmdu	confirmed	1	1
rmgrig	confirmed	1	1
rmibaq	confirmed	1	1
rmigaw	confirmed	2	2
rmimu	confirmed	1	1
rmngaw	confirmed	36	31
rmngut	unconfirmed	1	0
rmnngat	confirmed	1	1
rmnngaw	confirmed	2	1
rmqdug	confirmed	2	2
rmsung	confirmed	1	1
rmudu	confirmed	1	1
rmun	confirmed	1	1
rmurul	confirmed	1	1
rmuxan	confirmed	5	5
rnabaw	confirmed	3	2
rnagak	confirmed	1	1
rnahun	confirmed	1	0
rnaw	confirmed	1	1
rnawah	confirmed	1	1
rnbaqan	unconfirmed	1	0
rnbug	confirmed	1	1
rndah	confirmed	4	4
rngagan	confirmed	4	4
rngagay	confirmed	2	2
rngagi	confirmed	15	14
rngagun	confirmed	4	4
rngaw	confirmed	14	14
rngji	confirmed	7	7
rngsux	confirmed	1	1
rngutan	unconfirmed	1	0
rnigaw	confirmed	1	1
rnirih	confirmed	2	2
rnjingan	confirmed	2	2
rnngagan	confirmed	3	3
rnngat	confirmed	2	2
rnngaw	confirmed	4	4
rnqdug	confirmed	1	1
rnsuhan	confirmed	1	1
rpun	confirmed	6	6
rqci	confirmed	2	1
rqdgan	confirmed	2	2
rqdug	confirmed	1	1
rqili	unconfirmed	1	0
rqni	confirmed	1	1
rqnun	confirmed	2	2
rqnux	confirmed	3	3
rramil	unconfirmed	1	0
rranaq	unconfirmed	1	0
rrawa	confirmed	1	1
rrawah	confirmed	2	2
rrihun	confirmed	1	1
rrnaw	confirmed	1	1
rsagan	confirmed	3	3
rsrisaw	confirmed	10	9
rsuhan	confirmed	1	1
rsuhi	confirmed	3	3
rsuhun	confirmed	1	1
ruba	confirmed	1	1
rubang	confirmed	2	2
rubaw	confirmed	1	1
ruciq	confirmed	4	4
rudan	confirmed	36	35
rudu	confirmed	8	8
rudux	confirmed	38	34
rumul	confirmed	4	4
rungay	confirmed	6	6
ruru	confirmed	3	3
rusuq	confirmed	2	2
ruwan	confirmed	10	8
rwahan	confirmed	8	8
rwahi	confirmed	3	3
rwahun	confirmed	1	1
s	confirmed	1	1
sa	confirmed	19	18
saan	confirmed	11	10
saang	confirmed	1	1
saani	confirmed	1	0
saay	confirmed	1	1
sabak	confirmed	2	2
sadu	confirmed	1	1
sagas	confirmed	1	1
sai	confirmed	32	27
sais	confirmed	1	1
saku	confirmed	14	14
sakus	confirmed	6	6
salu	confirmed	6	5
saman	confirmed	70	64
samat	confirmed	17	14
samaw	confirmed	5	5
sangay	confirmed	4	4
sangi	confirmed	1	1
saole	unconfirmed	1	0
sapah	confirmed	372	342
sapang	confirmed	1	1
sapaw	confirmed	2	2
sapi	unconfirmed	1	0
sapuh	confirmed	25	21
sari	confirmed	4	4
sasak	confirmed	1	1
sasaw	confirmed	1	1
satu	confirmed	1	1
saun	confirmed	56	54
saw	confirmed	160	136
sayang	confirmed	175	153
sbaang	confirmed	1	1
sbahu	confirmed	1	1
sbci	confirmed	1	1
sbghuran	confirmed	1	1
sbhuran	confirmed	8	8
sbiki	confirmed	2	2
sbirat	confirmed	2	2
sbiyaw	confirmed	16	15
sblangan	unconfirmed	2	0
sblus	confirmed	1	1
sbrnahi	confirmed	1	1
sbsuk	confirmed	1	1
sbsukan	confirmed	2	2
sbtan	confirmed	3	3
sbtun	confirmed	1	1
sbu	confirmed	1	1
sbut	confirmed	3	3
sbuwai	unconfirmed	1	0
scilux	confirmed	1	1
scimu	confirmed	3	3
sdahar	confirmed	1	1
sdalih	confirmed	3	3
sdangan	unconfirmed	1	0
sdara	confirmed	1	1
sdeita	confirmed	2	2
sdharan	confirmed	2	2
sdhari	confirmed	1	1
sdmatan	unconfirmed	1	0
sdmatun	confirmed	1	1
sdraan	confirmed	1	0
sduan	confirmed	1	1
sduray	confirmed	1	1
sdurun	confirmed	2	2
sduun	confirmed	1	1
sduuy	confirmed	5	4
seangal	confirmed	3	3
seayang	confirmed	1	1
seegul	confirmed	2	2
seejiq	confirmed	128	119
seesu	confirmed	7	5
seguk	confirmed	1	1
seguq	confirmed	1	1
seiyax	confirmed	4	4
seiyaxan	confirmed	2	2
sementu	confirmed	1	1
seura	confirmed	4	4
seusa	confirmed	2	2
seuxal	confirmed	62	57
seysay	confirmed	1	1
sgan	confirmed	1	1
sgani	confirmed	1	1
sgbiyan	confirmed	4	4
sgealu	confirmed	4	3
sghak	confirmed	1	1
sghuway	confirmed	2	2
sghuwayan	unconfirmed	1	0
sgiying	confirmed	2	2
sgqguq	confirmed	1	1
sgun	confirmed	1	1
sguq	confirmed	1	1
sguran	unconfirmed	1	0
sgutu	confirmed	1	1
sgutun	confirmed	1	0
shabuk	confirmed	1	1
shakaw	confirmed	4	3
shangan	confirmed	1	1
shiga	confirmed	57	53
shiraw	confirmed	2	2
shjil	confirmed	2	2
shjilan	confirmed	1	1
shkawas	confirmed	17	16
shmkan	confirmed	5	4
shmqan	unconfirmed	1	0
shmu	confirmed	1	1
shmuan	confirmed	2	2
shnganan	confirmed	1	1
shnganun	confirmed	1	1
shngi	confirmed	2	1
shngii	confirmed	2	2
shngiyan	confirmed	4	4
shngiyun	confirmed	3	3
shnkan	unconfirmed	1	0
shnuan	confirmed	2	2
shulis	confirmed	1	1
shungi	confirmed	2	2
shuqil	confirmed	1	1
shuriq	confirmed	1	1
shus	confirmed	2	2
si	confirmed	14	13
siba	unconfirmed	1	0
sibal	confirmed	10	10
sibus	confirmed	2	1
sida	confirmed	35	30
siga	unconfirmed	1	0
siida	confirmed	32	28
siisan	confirmed	3	3
siisi	confirmed	1	1
siisun	confirmed	4	4
sikat	confirmed	4	3
sikul	confirmed	1	1
silin	confirmed	2	2
siling	confirmed	3	2
silung	confirmed	8	6
sinaw	confirmed	46	40
singbung	confirmed	1	0
sinpu	confirmed	2	2
sipa	confirmed	3	3
sipaq	confirmed	1	1
sipaw	confirmed	8	8
sipwi	confirmed	1	1
siqa	confirmed	7	7
sisil	confirmed	5	1
sitang	confirmed	2	2
siyang	confirmed	16	15
siyaw	confirmed	22	20
siyuk	confirmed	2	2
sjiqun	confirmed	25	20
sjiyan	confirmed	2	2
ska	confirmed	25	21
skagul	confirmed	2	1
skahidaw	confirmed	2	1
skarabi	unconfirmed	2	0
skaya	confirmed	3	3
skbaki	confirmed	3	3
skbawa	confirmed	1	1
skbiyax	confirmed	1	1
skbowxil	unconfirmed	1	0
skbubu	confirmed	1	1
skcilux	confirmed	1	1
skdakil	confirmed	1	1
skeeman	confirmed	31	30
skeima	confirmed	1	1
skguli	confirmed	1	1
skgulun	confirmed	2	1
skhuan	unconfirmed	1	0
skila	confirmed	2	2
skina	confirmed	1	1
skkuli	confirmed	1	1
skla	confirmed	2	1
sklabu	confirmed	1	1
sklai	confirmed	1	1
sklaun	confirmed	3	3
sklbai	unconfirmed	1	0
skliwang	confirmed	2	2
skliwaq	confirmed	1	1
skluwi	confirmed	1	1
sklwiun	confirmed	1	1
skmalu	confirmed	3	3
sknarux	confirmed	20	18
skngali	confirmed	1	1
skngalun	confirmed	1	1
sknuwan	confirmed	19	16
sknux	confirmed	2	2
sknxan	confirmed	3	3
skparu	confirmed	3	3
skrbuk	confirmed	1	1
skribut	confirmed	3	3
skrtan	confirmed	1	1
sksik	confirmed	4	3
sksikan	confirmed	2	2
sksikun	confirmed	1	1
sktadaw	unconfirmed	1	0
sktama	confirmed	10	10
sktbnaw	confirmed	1	1
sktngi	confirmed	1	1
sku	confirmed	2	2
skuan	confirmed	2	2
skui	confirmed	2	2
skukul	confirmed	1	1
skuxul	confirmed	3	3
slapi	confirmed	1	1
slapun	confirmed	1	0
slaq	confirmed	16	14
slbu	confirmed	1	1
slhayan	confirmed	1	1
slhbnan	confirmed	4	2
slhbun	confirmed	9	9
slhkah	confirmed	2	2
slhlah	confirmed	1	1
slikaw	confirmed	1	1
slingan	confirmed	5	5
slingun	confirmed	1	1
sliqan	confirmed	1	1
sliqi	confirmed	1	1
sliqun	confirmed	3	3
slngisan	confirmed	1	1
slpian	confirmed	2	2
slpungan	confirmed	2	2
slputan	confirmed	1	1
sltan	confirmed	1	1
sluan	confirmed	2	2
sluhay	confirmed	1	1
slungan	unconfirmed	2	0
slusan	confirmed	1	1
slusun	confirmed	1	1
slutut	confirmed	1	1
sluun	confirmed	4	4
sm	unconfirmed	1	0
smadu	confirmed	3	2
smahug	confirmed	1	1
smais	confirmed	4	3
smaliq	unconfirmed	1	0
smalu	confirmed	12	11
smasaw	confirmed	4	4
smbaraw	confirmed	1	1
smbarux	confirmed	1	1
smblaiq	confirmed	1	1
smblayan	confirmed	1	1
smbrih	confirmed	1	1
smbrinah	confirmed	1	0
smbu	confirmed	12	12
smbut	confirmed	3	3
smbuyas	confirmed	1	1
smdahar	confirmed	1	1
smdalih	confirmed	1	1
smdhug	confirmed	1	1
smeeliq	confirmed	1	1
smeisug	confirmed	4	3
smeulah	confirmed	1	1
smeura	confirmed	5	5
smeuwit	confirmed	2	2
smgaya	confirmed	1	0
smhangan	confirmed	2	2
smhik	confirmed	2	1
smhmu	confirmed	1	1
smhngi	unconfirmed	1	0
smhuda	confirmed	1	1
smhungi	confirmed	1	1
smhuway	confirmed	1	0
smikul	confirmed	2	2
smilaq	confirmed	1	1
smiling	confirmed	2	2
sminaw	confirmed	3	2
smipaq	confirmed	3	3
smiyah	confirmed	5	5
smiyahun	confirmed	2	2
smiyan	confirmed	1	1
smiyuk	confirmed	4	4
smka	confirmed	2	2
smkagul	confirmed	1	1
smkan	unconfirmed	1	0
smkari	confirmed	1	1
smkaxa	confirmed	1	1
smkila	confirmed	2	2
smknux	confirmed	1	1
smkribut	confirmed	1	1
smku	confirmed	3	2
smkuxul	confirmed	3	3
smlaan	confirmed	8	7
smlaput	confirmed	1	1
smli	confirmed	2	2
smliq	confirmed	1	1
smllu	unconfirmed	1	0
smluhay	confirmed	2	2
smmul	unconfirmed	1	0
smnais	confirmed	1	1
smnegul	confirmed	2	2
smnguhi	confirmed	1	1
smnipaq	confirmed	1	0
smnkagul	confirmed	1	1
smnlaan	confirmed	1	1
smnrahuq	confirmed	1	1
smnru	confirmed	2	2
smpahung	confirmed	1	1
smpais	confirmed	1	1
smparu	confirmed	2	1
smpsaan	confirmed	1	0
smpug	confirmed	10	9
smpung	confirmed	7	7
smpusu	confirmed	1	1
smqdug	confirmed	1	1
smqit	confirmed	4	3
smriyu	confirmed	2	1
smru	confirmed	1	1
smruwa	confirmed	4	2
smsamat	confirmed	1	1
smsik	confirmed	1	1
smtama	confirmed	1	1
smudal	confirmed	8	4
smuk	confirmed	2	2
smuwan	unconfirmed	1	0
smuwiq	confirmed	1	1
smyahan	confirmed	2	2
snaah	confirmed	10	10
snagan	confirmed	2	2
snahug	confirmed	1	1
snais	confirmed	2	1
snalu	confirmed	7	2
snapang	confirmed	2	2
snapaw	confirmed	1	1
snaw	confirmed	30	28
snawan	confirmed	2	2
snbaraw	confirmed	2	2
snbtan	confirmed	2	2
snbu	confirmed	6	6
snbuyas	confirmed	1	1
sndadax	confirmed	1	1
sndamat	confirmed	3	3
sndha	confirmed	3	3
sndhgan	confirmed	3	3
sndmatan	confirmed	1	1
sndngiyan	confirmed	1	1
snduray	confirmed	20	19
sneayus	confirmed	1	1
sneeliq	confirmed	1	0
sneghuway	confirmed	1	1
snegul	confirmed	3	2
sneunux	confirmed	5	5
sneuwit	unconfirmed	1	0
sngari	confirmed	5	5
sngayan	confirmed	5	4
snghi	unconfirmed	1	0
sngkaxa	confirmed	3	3
snguli	unconfirmed	1	0
sngun	confirmed	2	2
snguruq	confirmed	1	1
snhaya	confirmed	1	1
snhiyan	confirmed	1	1
snhiyi	confirmed	8	7
snhulis	confirmed	2	1
snii	confirmed	10	9
sniisan	confirmed	2	2
sninaw	confirmed	1	0
snisu	confirmed	1	1
sniyuk	confirmed	2	2
snka	unconfirmed	1	0
snkagul	confirmed	1	1
snkaway	confirmed	2	2
snkgulan	confirmed	2	2
snkila	confirmed	3	3
snkingal	confirmed	2	2
snkiya	unconfirmed	2	0
snkla	confirmed	3	3
snkluwi	confirmed	1	1
snkmalu	confirmed	3	3
snknarux	confirmed	1	1
snkrawah	unconfirmed	3	0
snkrbutan	confirmed	2	2
snkukul	confirmed	3	3
snkuxul	confirmed	4	4
snkuyuh	confirmed	3	2
snlaan	confirmed	2	2
snlaqi	confirmed	1	1
snlhkahan	confirmed	2	2
snluan	confirmed	3	3
snluhay	confirmed	1	1
snmanu	confirmed	5	4
snmul	unconfirmed	1	0
snnguhi	confirmed	1	1
snola	unconfirmed	2	0
snoxel	unconfirmed	1	0
snpgan	confirmed	1	1
snpi	confirmed	1	1
snpian	confirmed	1	1
snpila	confirmed	1	1
snping	confirmed	1	1
snpngan	confirmed	1	1
snpsaran	unconfirmed	2	0
snpsarun	unconfirmed	1	0
snpug	confirmed	2	2
snqama	confirmed	1	0
snqdugan	confirmed	1	1
snqit	confirmed	3	3
snqmaan	confirmed	2	2
snqrinutan	confirmed	1	1
snqriqi	confirmed	3	3
snrahuq	confirmed	3	3
snrhuqan	confirmed	1	1
snrima	confirmed	1	1
snru	confirmed	3	3
snruwa	confirmed	1	1
snsikan	unconfirmed	1	0
snsinaw	confirmed	1	1
snsiqa	confirmed	1	1
snspatan	confirmed	1	1
sntama	confirmed	1	1
snteetu	confirmed	2	2
sntgan	confirmed	3	3
sntlngan	confirmed	2	2
sntlung	confirmed	5	5
sntmaan	confirmed	1	1
sntrilan	confirmed	3	3
sntru	confirmed	2	2
sntruan	confirmed	1	1
sntruma	confirmed	2	2
sntuku	confirmed	2	2
sntunux	confirmed	2	2
snuk	unconfirmed	1	0
snuqu	unconfirmed	1	0
snwaqit	confirmed	1	1
snxalan	confirmed	1	1
snxali	confirmed	1	0
snxelan	unconfirmed	1	0
snyusan	confirmed	1	1
sowki	confirmed	1	1
spadas	confirmed	1	1
spagan	confirmed	1	1
spahung	confirmed	2	2
spangan	confirmed	2	2
spat	confirmed	32	32
spatas	confirmed	2	1
spatul	confirmed	3	3
spbahu	confirmed	1	1
spcipiq	confirmed	1	0
speangal	confirmed	1	1
speimah	confirmed	1	1
spgaaw	confirmed	1	1
spgan	confirmed	2	2
spghiyi	confirmed	1	1
spgi	confirmed	1	1
sphapuy	confirmed	2	2
sphidaw	confirmed	1	1
spi	confirmed	2	2
spian	confirmed	1	1
spkliwaq	confirmed	1	1
spkmalu	confirmed	1	1
spkpais	confirmed	1	0
spkpajiq	unconfirmed	1	0
spktaqi	confirmed	1	0
spkungat	confirmed	2	2
splawa	confirmed	1	1
splingis	confirmed	1	1
spngan	confirmed	5	4
spngaw	unconfirmed	2	0
spngi	confirmed	3	3
spngun	confirmed	2	2
sppajiq	confirmed	2	1
sppatas	confirmed	1	1
spqaya	confirmed	3	3
spqita	confirmed	3	3
spqnaqih	confirmed	1	1
spqpah	confirmed	1	1
spquri	confirmed	1	1
sprang	confirmed	11	9
sprangun	confirmed	3	2
spriq	confirmed	1	1
sprisuh	confirmed	1	1
sprui	confirmed	1	1
spsaang	confirmed	1	1
spsahug	confirmed	1	1
spsamaw	confirmed	2	2
spsangay	confirmed	1	1
spsapah	confirmed	11	10
spsapuh	confirmed	1	1
spsasaw	confirmed	1	1
spsbalay	confirmed	1	1
spsbusun	confirmed	1	0
spsdharun	unconfirmed	1	0
spsinaw	confirmed	1	1
spskryaun	confirmed	1	1
spsnhiyi	confirmed	1	1
spsping	confirmed	1	1
spsqrinut	confirmed	1	1
spsrusuq	confirmed	1	1
spsruwa	confirmed	1	1
spssagun	confirmed	1	1
sptbnaw	confirmed	1	1
spteuqu	confirmed	1	1
sptpusu	confirmed	1	1
spuaw	confirmed	1	1
spug	confirmed	3	3
spuhan	confirmed	9	9
spuhi	confirmed	4	4
spuhun	confirmed	2	2
spung	confirmed	1	1
sputuh	confirmed	3	3
spuun	confirmed	2	2
sqaan	confirmed	3	3
sqada	confirmed	2	2
sqama	confirmed	2	2
sqanug	confirmed	1	1
sqapah	confirmed	1	1
sqaun	confirmed	3	3
sqdqut	confirmed	2	2
sqdugun	confirmed	2	2
sqit	confirmed	1	1
sqlaq	unconfirmed	1	0
sqmaun	confirmed	5	5
sqmu	confirmed	13	11
sqnaqih	confirmed	3	3
sqowlit	confirmed	2	2
sqpah	confirmed	1	1
sqrasan	confirmed	2	2
sqsiya	confirmed	2	2
sqtan	confirmed	1	1
sqtaqi	unconfirmed	2	0
sqthur	confirmed	2	2
sqti	confirmed	1	1
sqtun	confirmed	2	2
squwaq	confirmed	10	9
squwaqi	confirmed	1	1
srahug	confirmed	4	3
srajing	confirmed	1	1
sramal	confirmed	1	1
sranaq	confirmed	1	1
srangi	confirmed	1	1
srduan	confirmed	1	1
srhqun	unconfirmed	2	0
srhuqan	confirmed	1	1
srhuqi	confirmed	1	1
srnaw	confirmed	1	1
srngat	confirmed	1	1
srngaw	confirmed	8	7
srngiyun	unconfirmed	1	0
srsan	confirmed	1	1
srsi	confirmed	4	2
srsun	confirmed	3	3
sruani	confirmed	1	1
sruciq	confirmed	1	1
sruciqun	confirmed	1	1
sruhaw	confirmed	1	1
srusuq	confirmed	1	1
sruwa	confirmed	11	11
sruweq	unmapped	1	0
srwaan	confirmed	1	1
srwaani	confirmed	2	2
srwai	confirmed	3	3
sryuan	confirmed	1	1
ssagan	confirmed	2	2
ssagun	confirmed	1	1
ssakus	confirmed	2	2
ssalu	confirmed	6	5
ssapa	confirmed	1	1
ssapang	confirmed	2	1
ssapaw	confirmed	2	2
ssapuh	confirmed	1	1
ssaun	confirmed	2	2
ssayang	confirmed	3	3
ssbusun	unconfirmed	1	0
ssbut	confirmed	3	3
ssdhaun	confirmed	1	1
sseejiq	confirmed	14	11
ssghuway	confirmed	1	1
sshgan	unconfirmed	1	0
sshmu	confirmed	1	1
ssibus	confirmed	1	1
ssida	confirmed	2	1
ssiisil	unconfirmed	2	0
ssilaq	confirmed	1	1
ssinaw	confirmed	4	4
ssipaq	confirmed	4	3
ssiyang	unconfirmed	1	0
ssjiqun	confirmed	1	1
sskla	confirmed	1	1
ssksik	confirmed	1	1
ssku	confirmed	1	1
sskuan	confirmed	1	1
sskulan	confirmed	1	1
ssluhay	confirmed	1	1
ssnaw	confirmed	1	1
sspung	confirmed	3	2
ssqdug	confirmed	1	1
ssqit	confirmed	1	1
ssu	confirmed	2	2
stabug	confirmed	2	2
staga	confirmed	1	0
stama	confirmed	1	0
staril	confirmed	2	2
stbaku	confirmed	1	1
stcipiq	confirmed	1	1
stcipiqun	confirmed	1	1
steetu	confirmed	1	1
stghuy	confirmed	1	1
stgtgut	unconfirmed	1	0
stgxal	confirmed	1	1
sthiyaqi	confirmed	1	1
stmaan	confirmed	3	3
stmaq	confirmed	1	1
stmaqun	unconfirmed	2	0
stmaun	confirmed	3	3
stpungan	confirmed	1	1
stqnay	confirmed	2	1
stqral	confirmed	2	2
strilan	confirmed	1	1
strngan	confirmed	3	3
strung	confirmed	2	2
sttuun	unconfirmed	1	0
stukuy	confirmed	1	1
stuq	confirmed	10	10
su	confirmed	1677	1505
sudu	confirmed	4	4
sulay	confirmed	5	5
sumiq	confirmed	2	2
sunan	confirmed	72	66
sungtyu	confirmed	1	1
suni	confirmed	20	18
suntyu	unconfirmed	1	0
supu	confirmed	4	4
supug	confirmed	2	2
suqi	confirmed	27	26
susidyu	confirmed	1	1
suusa	confirmed	1	1
suwiq	confirmed	1	1
suyang	confirmed	24	21
swatan	confirmed	2	2
swayay	confirmed	1	1
swayi	confirmed	12	11
syukay	unconfirmed	1	0
syuki	confirmed	3	1
syuring	unconfirmed	1	0
ta	confirmed	289	261
taan	confirmed	38	34
taay	confirmed	1	1
tabu	confirmed	2	1
tabuy	confirmed	1	1
tadaw	confirmed	5	5
tadus	confirmed	2	2
taga	confirmed	4	4
tagahan	confirmed	5	5
tahui	confirmed	1	1
tahut	confirmed	16	16
tai	confirmed	58	52
taihi	confirmed	1	1
tain	confirmed	4	3
takur	confirmed	1	1
talan	confirmed	4	4
talang	confirmed	2	2
tama	confirmed	128	121
tana	confirmed	10	10
tanah	confirmed	6	6
taqi	confirmed	4	4
taru	confirmed	1	1
tasaw	confirmed	2	2
tasil	confirmed	34	31
tatat	confirmed	4	3
tatu	confirmed	4	3
tatuk	confirmed	1	1
taulan	confirmed	4	4
tausen	confirmed	1	1
tautyeh	confirmed	1	1
taw	confirmed	2	2
taxa	confirmed	3	2
taya	confirmed	2	0
tayal	confirmed	48	42
taywan	confirmed	3	3
tbalay	confirmed	2	2
tbalung	confirmed	1	1
tbanah	confirmed	1	1
tbasi	confirmed	2	2
tbasyaq	unconfirmed	1	0
tbgan	confirmed	7	6
tbgun	confirmed	2	1
tbilaq	confirmed	1	1
tbiran	unconfirmed	3	0
tbiyun	unconfirmed	1	0
tblai	confirmed	1	0
tblayan	confirmed	1	1
tbrih	confirmed	1	1
tbrinah	confirmed	1	1
tbsagan	confirmed	2	2
tbsqrun	confirmed	1	1
tbsqur	confirmed	2	2
tbusi	confirmed	1	1
tbuwir	confirmed	1	1
tbuyun	confirmed	2	2
tbyaxan	confirmed	2	2
tbyaxi	confirmed	1	1
tbyaxun	confirmed	3	3
tcingan	confirmed	2	2
tdalih	confirmed	1	1
tdhaun	confirmed	1	1
tdhuun	confirmed	1	1
tdrasan	confirmed	2	2
tdruy	confirmed	34	27
tduling	confirmed	3	3
tduwa	confirmed	39	34
tduwai	confirmed	1	1
tealix	confirmed	2	1
temi	confirmed	2	2
tensu	confirmed	1	1
tenung	confirmed	1	1
teumuk	unconfirmed	1	0
teuqan	confirmed	2	2
teuqu	confirmed	5	4
teykung	confirmed	4	4
tg	confirmed	1	0
tgaan	confirmed	2	2
tgaguh	confirmed	6	6
tgai	confirmed	3	3
tgamil	confirmed	1	1
tgaun	confirmed	1	1
tgbasi	unconfirmed	1	0
tgbhgay	unconfirmed	1	0
tgbilaq	unconfirmed	1	0
tghuy	confirmed	1	1
tgima	unconfirmed	1	0
tgksaang	confirmed	1	1
tgla	confirmed	1	1
tgliing	confirmed	1	1
tgmalu	confirmed	6	5
tgmilan	confirmed	1	1
tgmngari	confirmed	1	1
tgpitu	confirmed	1	1
tgrgri	unconfirmed	1	0
tgrgrigun	confirmed	1	1
tgsa	confirmed	1	1
tgsaang	confirmed	1	1
tgsai	confirmed	3	3
tgsbut	confirmed	2	2
tgspat	confirmed	2	2
tgtmaq	confirmed	2	2
tgtru	confirmed	1	1
tgumuk	confirmed	1	1
tgxalun	confirmed	1	1
thdagun	confirmed	1	1
thdu	confirmed	1	0
thgliq	confirmed	1	1
thgut	confirmed	1	1
thidaw	confirmed	2	1
thiy	unconfirmed	1	0
thiyan	confirmed	5	4
thiyaq	confirmed	2	2
thiyi	confirmed	6	6
thjil	confirmed	1	0
thjilan	confirmed	1	1
thjiyal	confirmed	1	1
thksaw	confirmed	1	1
thlangan	confirmed	3	3
thmuk	confirmed	2	1
thmuku	confirmed	5	5
thnaw	confirmed	1	1
thngali	confirmed	1	1
thnganun	confirmed	1	1
thngay	confirmed	1	1
thngayan	confirmed	2	2
thngayun	confirmed	1	1
thrdu	unconfirmed	1	0
thridun	confirmed	1	1
thtur	confirmed	1	1
thuan	confirmed	1	0
thulang	confirmed	1	1
thungan	confirmed	1	1
thurit	confirmed	1	1
thuun	confirmed	4	4
tibasyaq	unconfirmed	2	0
tiing	confirmed	1	1
timin	confirmed	2	2
tjiras	confirmed	3	3
tjiyal	confirmed	5	5
tkanan	confirmed	3	2
tkatay	confirmed	1	1
tkeangal	confirmed	4	4
tkgrung	confirmed	1	1
tkiyux	confirmed	1	1
tkkray	confirmed	1	1
tkluwi	confirmed	1	1
tknayun	unconfirmed	3	0
tkrang	confirmed	2	2
tkreurus	confirmed	1	1
tksaw	unconfirmed	4	0
tksiyuk	confirmed	1	1
tksuraw	confirmed	2	2
tktrul	confirmed	1	1
tkumax	confirmed	1	0
tkuni	confirmed	1	1
tkurun	confirmed	1	1
tkuwax	confirmed	1	1
tkuyan	confirmed	1	1
tlahi	confirmed	9	8
tlaman	confirmed	7	7
tlealay	confirmed	10	10
tleengan	confirmed	10	7
tleengun	confirmed	1	1
tleetu	confirmed	3	3
tliing	confirmed	3	3
tliingan	confirmed	1	1
tlngan	confirmed	1	0
tlukan	confirmed	1	0
tlung	confirmed	1	1
tluung	confirmed	21	19
tmaan	confirmed	17	14
tmabug	confirmed	4	4
tmabun	confirmed	4	4
tmabuy	confirmed	2	1
tmaga	confirmed	1	1
tmalang	confirmed	10	10
tmangug	confirmed	1	1
tmapaq	confirmed	2	2
tmaqu	confirmed	1	1
tmatak	confirmed	3	3
tmatuk	confirmed	2	2
tmay	confirmed	3	3
tmayan	confirmed	1	1
tmbalung	confirmed	1	1
tmbarah	confirmed	1	1
tmbqlit	confirmed	1	1
tmbus	confirmed	1	1
tmdahu	confirmed	1	1
tmeetu	confirmed	2	2
tmgakat	confirmed	3	3
tmgla	unconfirmed	1	0
tmgsa	confirmed	1	1
tmhiyaq	confirmed	1	1
tmhkuan	confirmed	3	3
tmhkuun	confirmed	1	1
tmikan	confirmed	1	1
tminun	confirmed	2	2
tmiyay	confirmed	1	1
tmiyu	confirmed	1	1
tmjiyal	confirmed	2	2
tmkmu	confirmed	1	0
tmkumax	unconfirmed	1	0
tmlung	confirmed	2	2
tmnabuy	confirmed	1	1
tmnlung	confirmed	1	1
tmnucing	confirmed	1	1
tmqsurux	confirmed	1	1
tmquli	confirmed	2	2
tmquri	confirmed	1	0
tmriya	confirmed	1	1
tmtama	confirmed	1	1
tmucing	confirmed	3	2
tmukan	unconfirmed	1	0
tmukuy	confirmed	3	3
tmunguh	confirmed	4	4
tmutuy	confirmed	1	1
tmuyuq	confirmed	1	1
tnabug	confirmed	2	2
tnabun	confirmed	1	1
tnaga	unconfirmed	2	0
tnan	confirmed	11	11
tnaqi	confirmed	1	1
tnbalung	confirmed	1	1
tnbarah	confirmed	1	1
tnbgan	confirmed	5	5
tnbiyan	unconfirmed	1	0
tnblaiq	confirmed	1	1
tnbrahan	confirmed	2	2
tnbru	confirmed	3	3
tnbsan	confirmed	1	1
tnbunan	confirmed	1	1
tnburux	confirmed	1	1
tnbuyan	unconfirmed	3	0
tndhgan	confirmed	1	1
tndhuan	confirmed	1	1
tndrasan	confirmed	2	2
tndxgal	confirmed	3	3
tnealang	confirmed	2	2
tnegaan	confirmed	1	0
tnegiya	confirmed	1	1
tnegqguq	confirmed	1	1
tnegsaan	confirmed	1	1
tneuqan	confirmed	1	1
tngaha	confirmed	1	1
tngamil	confirmed	1	1
tnglaan	unconfirmed	2	0
tnguhan	confirmed	3	1
tnguhi	confirmed	1	1
tngxalan	confirmed	1	1
tnhici	confirmed	2	2
tnhini	confirmed	1	1
tnhiyan	confirmed	2	2
tninun	confirmed	1	1
tnisa	confirmed	1	0
tnjyalan	confirmed	5	4
tnkanan	confirmed	1	1
tnkari	confirmed	2	2
tnkla	confirmed	1	1
tnklai	confirmed	1	1
tnklaun	confirmed	3	3
tnkmu	confirmed	2	1
tnkuran	confirmed	6	6
tnkuyan	confirmed	1	1
tnkuyuh	confirmed	1	1
tnlaqi	confirmed	4	3
tnlealay	confirmed	5	5
tnlibu	confirmed	1	1
tnliingan	confirmed	1	1
tnlingis	confirmed	2	2
tnlungaw	confirmed	1	1
tnninun	confirmed	1	1
tnoxoi	unconfirmed	1	0
tnpngan	confirmed	2	2
tnpusu	confirmed	7	7
tnqian	confirmed	3	3
tnqmi	confirmed	1	1
tnqrian	confirmed	1	1
tnqriyan	unmapped	1	0
tnqtaan	confirmed	1	1
tnquri	confirmed	1	0
tnrajing	confirmed	1	1
tnrikut	unconfirmed	1	0
tnrqilan	confirmed	1	1
tnsapah	confirmed	4	4
tnsayang	confirmed	2	2
tntakan	confirmed	2	2
tntana	confirmed	1	1
tntaxa	confirmed	1	1
tntmaan	confirmed	2	2
tntuan	confirmed	1	0
tntunan	confirmed	1	1
tnunan	confirmed	8	8
tnwawa	confirmed	2	2
towkan	confirmed	1	1
tpruq	confirmed	3	2
tprut	confirmed	2	2
tpskanun	confirmed	1	1
tpssagan	unconfirmed	1	0
tpusu	confirmed	4	4
tqapah	confirmed	1	1
tqian	confirmed	14	12
tqita	confirmed	4	3
tqlahang	confirmed	1	1
tqnay	confirmed	5	5
tqnayan	confirmed	1	1
tqqaras	confirmed	1	0
tqral	confirmed	1	1
tqrian	confirmed	3	2
tqrii	confirmed	1	1
tqring	confirmed	1	1
tqriun	confirmed	1	1
tqriyan	unmapped	1	0
tqriyun	confirmed	2	2
tqsurux	confirmed	1	1
tqudak	confirmed	1	1
trabus	confirmed	44	40
trajing	confirmed	3	3
trasi	confirmed	1	1
trawah	confirmed	1	1
trbngan	confirmed	1	1
trbung	confirmed	1	1
trbuq	confirmed	1	1
trbuqi	confirmed	1	1
trdax	confirmed	1	1
treura	unconfirmed	1	0
trgrig	confirmed	1	1
trilan	confirmed	1	1
trima	confirmed	4	4
triya	confirmed	3	3
trmaan	confirmed	7	6
tru	confirmed	20	18
truku	confirmed	25	21
truma	confirmed	15	15
trurul	confirmed	1	1
tsaleh	unconfirmed	1	0
tsasaw	confirmed	3	3
tskui	confirmed	2	2
tslbangi	unconfirmed	1	0
tspatun	confirmed	1	1
tssagan	confirmed	1	1
ttabug	confirmed	1	1
ttahut	confirmed	1	1
ttakun	confirmed	1	1
ttakur	confirmed	1	1
ttalang	confirmed	3	2
ttama	confirmed	4	4
ttaqan	confirmed	1	1
ttaril	confirmed	1	1
ttasil	confirmed	1	1
ttdahu	confirmed	1	1
ttguhuy	confirmed	1	1
tthmuku	confirmed	2	2
ttjiyal	confirmed	1	0
ttkmu	confirmed	1	1
ttmaan	confirmed	1	1
ttmgsa	confirmed	1	1
ttrabus	confirmed	2	2
ttrbuq	confirmed	1	1
ttrilun	confirmed	1	1
ttrui	confirmed	1	0
tttama	confirmed	1	1
ttuan	confirmed	1	1
ttui	confirmed	2	2
ttuki	confirmed	1	1
ttunux	confirmed	1	1
ttuun	confirmed	1	1
ttuyan	confirmed	4	4
ttuyun	confirmed	1	1
tucing	confirmed	4	4
tudu	confirmed	5	5
tuhuy	confirmed	17	17
tuki	confirmed	18	18
tuku	confirmed	21	19
tumi	confirmed	2	2
tumun	confirmed	1	1
tunguh	confirmed	2	2
tunun	confirmed	3	3
tunux	confirmed	68	59
tutu	confirmed	7	7
tutuy	confirmed	8	8
tuwil	confirmed	1	1
tuxan	confirmed	3	2
tuyuqan	confirmed	2	1
twawa	confirmed	1	1
tweela	confirmed	1	1
txaun	confirmed	1	1
tyakang	confirmed	1	1
ubai	unconfirmed	1	0
ubal	confirmed	12	12
uda	confirmed	12	11
umal	confirmed	2	2
umaw	confirmed	2	2
umin	confirmed	1	1
unang	confirmed	1	1
ungat	confirmed	175	152
unin	confirmed	1	1
unuh	confirmed	14	12
upix	confirmed	2	2
upskra	unmapped	1	0
uqan	confirmed	4	4
uqi	confirmed	7	5
uqun	confirmed	66	62
urang	unconfirmed	1	0
urat	confirmed	4	4
uray	confirmed	5	5
uri	confirmed	66	55
uru	unconfirmed	1	0
urung	confirmed	2	2
urus	confirmed	1	1
usa	confirmed	83	77
usik	confirmed	4	4
usux	confirmed	2	2
utaq	confirmed	1	1
utun	confirmed	3	3
utux	confirmed	32	29
uuda	confirmed	2	2
uuqun	confirmed	17	16
uusa	confirmed	13	11
uuyas	unconfirmed	3	0
uwa	confirmed	13	12
uwin	confirmed	1	1
uwit	confirmed	4	4
uxay	confirmed	87	74
uyas	confirmed	8	8
uyung	confirmed	5	5
wa	confirmed	3	3
wada	confirmed	205	182
wahir	confirmed	2	2
walu	confirmed	4	4
wan	confirmed	1	1
wana	confirmed	46	43
waqit	confirmed	2	2
waray	confirmed	6	3
waru	confirmed	2	2
watan	confirmed	2	2
wawa	confirmed	13	11
wawaq	confirmed	3	3
wax	confirmed	1	1
weela	confirmed	1	1
wihi	confirmed	1	1
wilang	confirmed	10	9
wili	confirmed	1	1
win	confirmed	2	2
wis	confirmed	1	1
wwahir	unconfirmed	1	0
xiluy	confirmed	2	2
ya	confirmed	271	238
yabas	confirmed	1	1
yahan	confirmed	29	26
yahi	confirmed	11	11
yahun	confirmed	13	12
yaku	confirmed	176	157
yami	confirmed	16	11
yamu	confirmed	27	25
yayu	confirmed	4	4
yayung	confirmed	25	25
yianu	unconfirmed	1	0
yisu	confirmed	6	6
yiyah	unconfirmed	1	0
yiyahun	unconfirmed	1	0
yudaw	confirmed	2	2
yupan	confirmed	3	3
yupi	confirmed	4	4
yupun	confirmed	1	1
yurdan	confirmed	2	2
yusi	confirmed	3	3
yyahan	confirmed	2	2
